Workbook

Sheet LogicCommon
A2: ロジック共通定義 | B2: ModuleID : | C2: MA | D2: LogicID : | E2: MAUDL1030 | F2: Pj.ID : | G2: MC
B3: SubModuleID : | C3: MAUD | D3: LogicClass : | E3: MAUDL_LogicBase | F3: SuperClassPj.ID :
D4: LogicName : | E4: 共通ロジックベース | F4: SuperLogicID : | G4: MA.MAUDL5010
A5: 概要 : | B5: BILinkのDBにレコードを登録するオペレーションの抽象クラスを定義する。
A6: 詳細 :

Sheet Upd01
A1: * | B1: * | D1: L | E1: 1
A2: * | D2: オペレーション実装仕様書 Operation Specification Implementation Sheet | E2: ModuleID : | F2: =IF(LogicCommon!C2="","",LogicCommon!C2) -> MA | G2: LogicID : | H2: =IF(LogicCommon!E2="","",LogicCommon!E2) -> MAUDL1030 | I2: Ope.ID : | J2: Upd01 | K2: Pj.ID : | L2: =IF(LogicCommon!G2="","",LogicCommon!G2) -> MC | M2: Ope.Body : | N2: "mcframe.serverMAUD.MAUDL5010.MAUDL_Operation"
A3: * | D3: abstract | E3: SubModuleID : | F3: =IF(LogicCommon!C3="","",LogicCommon!C3) -> MAUD | G3: LogicClass : | H3: =IF(LogicCommon!E3="","",LogicCommon!E3) -> MAUDL_LogicBase | I3: Ope.Method : | J3: Upd01 | K3: SuperClassPj.ID : | L3: =IF(LogicCommon!G3="","",LogicCommon!G3) | M3: ReportID : | O3: Gene.Type : | P3: ALL
A4: * | E4: Version : | F4: 000000 | G4: LogicName : | H4: =IF(LogicCommon!E4="","",LogicCommon!E4) -> 共通ロジックベース | I4: Ope.Name : | J4: BILinkレコード登録 | K4: SuperLogicID : | L4: =IF(LogicCommon!G4="","",LogicCommon!G4) -> MA.MAUDL5010
A5: * | E5: ACType :
A6: * | D6: 概要 : | E6: BILinkのDBにレコードを登録する処理を実行する。 | L6: ID | N6: ID | P6: ID
A7: # | I7: U | K7: o | M7: o | O7: o
A8: # | D8: ブロック名 Block Name | E8: 型 Type | G8: super/share | H8: 対象ブロック名 Target Block Name | K8: TargetName | M8: TargetName | O8: TargetName | S8: ブロック備考 Block Remarks
A9: # | D9: 項目名 Field Name | E9: 型 Type | F9: 桁 Digits | G9: フルネーム Full Name | H9: 日本語名 Japanese Name | I9: 上り項目 Request Message Field | J9: 下り項目 Response Message Field | Q9: 条件および編集方法 Conditions and Editing Methods | S9: 項目備考 Field Remarks
A10: # | K10: 上り項目 Request Message Field | L10: 下り項目 Response Message Field | M10: 上り項目 Request Message Field | N10: 下り項目 Response Message Field | O10: 上り項目 Request Message Field | P10: 下り項目 Response Message Field
A11: 10 | B11: * | D11: Upd01_Dtl | E11: R
A12: 10 | D12: if_proc_typ | E12: #MA.IF_PROC_TYP | G12: IF process type | H12: ＩＦ処理区分 | I12: E
A13: 10 | D13: ext_sys_cd | E13: #MA.EXT_SYS_CD | G13: External system cd. | H13: 外部システムＣＤ | I13: E
A14: 10 | D14: co_cd | E14: #MA.CO_CD | G14: Company cd. | H14: 会社ＣＤ | I14: E
D15: 詳細 :

Sheet Upd02
A1: * | B1: * | D1: L | E1: 1
A2: * | D2: オペレーション実装仕様書 Operation Specification Implementation Sheet | E2: ModuleID : | F2: =IF(LogicCommon!C2="","",LogicCommon!C2) -> MA | G2: LogicID : | H2: =IF(LogicCommon!E2="","",LogicCommon!E2) -> MAUDL1030 | I2: Ope.ID : | J2: Upd02 | K2: Pj.ID : | L2: =IF(LogicCommon!G2="","",LogicCommon!G2) -> MC | M2: Ope.Body : | N2: "mcframe.serverMAUD.MAUDL5010.MAUDL_Operation"
A3: * | D3: abstract | E3: SubModuleID : | F3: =IF(LogicCommon!C3="","",LogicCommon!C3) -> MAUD | G3: LogicClass : | H3: =IF(LogicCommon!E3="","",LogicCommon!E3) -> MAUDL_LogicBase | I3: Ope.Method : | J3: Upd02 | K3: SuperClassPj.ID : | L3: =IF(LogicCommon!G3="","",LogicCommon!G3) | M3: ReportID : | O3: Gene.Type : | P3: ALL
A4: * | E4: Version : | F4: 000000 | G4: LogicName : | H4: =IF(LogicCommon!E4="","",LogicCommon!E4) -> 共通ロジックベース | I4: Ope.Name : | J4: メイン処理 | K4: SuperLogicID : | L4: =IF(LogicCommon!G4="","",LogicCommon!G4) -> MA.MAUDL5010
A5: * | E5: ACType :
A6: * | D6: 概要 : | E6: BILinkのDBに対し、レコードのinsertとupdateを行うオペレーションの呼び出しを行う。 | L6: ID | N6: ID | P6: ID
A7: # | I7: U | K7: o | M7: o | O7: o
A8: # | D8: ブロック名 Block Name | E8: 型 Type | G8: super/share | H8: 対象ブロック名 Target Block Name | K8: TargetName | M8: TargetName | O8: TargetName | S8: ブロック備考 Block Remarks
A9: # | D9: 項目名 Field Name | E9: 型 Type | F9: 桁 Digits | G9: フルネーム Full Name | H9: 日本語名 Japanese Name | I9: 上り項目 Request Message Field | J9: 下り項目 Response Message Field | Q9: 条件および編集方法 Conditions and Editing Methods | S9: 項目備考 Field Remarks
A10: # | K10: 上り項目 Request Message Field | L10: 下り項目 Response Message Field | M10: 上り項目 Request Message Field | N10: 下り項目 Response Message Field | O10: 上り項目 Request Message Field | P10: 下り項目 Response Message Field
A11: 10 | B11: * | D11: Upd02_Dtl | E11: R
A12: 10 | D12: if_proc_typ | E12: #MA.IF_PROC_TYP | G12: IF process type | H12: ＩＦ処理区分 | I12: E
A13: 10 | D13: ext_sys_cd | E13: #MA.EXT_SYS_CD | G13: External system cd. | H13: 外部システムＣＤ | I13: E
A14: 10 | D14: co_cd | E14: #MA.CO_CD | G14: Company cd. | H14: 会社ＣＤ | I14: E
A15: 10 | D15: data_no | E15: #MA.IF_DATA_NO | G15: Data No. | H15: データＮＯ | I15: E
A16: 10 | D16: exec_co_cd | E16: #MA.CO_CD | G16: Executed company cd. | H16: 実行会社ＣＤ | I16: E
A18: 20 | B18: * | D18: Upd02_Rslt | E18: R
A19: 20 | D19: total_num | E19: #MA.INT | G19: Number of processed target | H19: 処理対象件数 | J19: E
A20: 20 | D20: ok_num | E20: #MA.INT | G20: Number of entries | H20: 登録件数 | J20: E
A21: 20 | D21: err_num | E21: #MA.INT | G21: Error count | H21: エラー件数 | J21: E
A22: 20 | D22: skip_num | E22: #MA.INT | G22: Skip count | H22: スキップ件数 | J22: E
A23: 20 | D23: cancel_num | E23: #MA.INT | G23: Number of deleted records entered | H23: 削除レコード登録件数 | J23: E
D24: 詳細 :

Sheet Upd03
A1: * | B1: * | D1: L | E1: 1
A2: * | D2: オペレーション実装仕様書 Operation Specification Implementation Sheet | E2: ModuleID : | F2: =IF(LogicCommon!C2="","",LogicCommon!C2) -> MA | G2: LogicID : | H2: =IF(LogicCommon!E2="","",LogicCommon!E2) -> MAUDL1030 | I2: Ope.ID : | J2: Upd03 | K2: Pj.ID : | L2: =IF(LogicCommon!G2="","",LogicCommon!G2) -> MC | M2: Ope.Body : | N2: "mcframe.serverMAUD.MAUDL5010.MAUDL_Operation"
A3: * | E3: SubModuleID : | F3: =IF(LogicCommon!C3="","",LogicCommon!C3) -> MAUD | G3: LogicClass : | H3: =IF(LogicCommon!E3="","",LogicCommon!E3) -> MAUDL_LogicBase | I3: Ope.Method : | J3: Upd03 | K3: SuperClassPj.ID : | L3: =IF(LogicCommon!G3="","",LogicCommon!G3) | M3: ReportID : | O3: Gene.Type : | P3: ALL
A4: * | E4: Version : | F4: 000000 | G4: LogicName : | H4: =IF(LogicCommon!E4="","",LogicCommon!E4) -> 共通ロジックベース | I4: Ope.Name : | J4: insert処理 | K4: SuperLogicID : | L4: =IF(LogicCommon!G4="","",LogicCommon!G4) -> MA.MAUDL5010
A5: * | E5: ACType :
A6: * | D6: 概要 : | E6: BILinkのDBに対し、レコードのinsertを行う。 | L6: ID | N6: ID | P6: ID
A7: # | I7: U | K7: o | M7: o | O7: o
A8: # | D8: ブロック名 Block Name | E8: 型 Type | G8: super/share | H8: 対象ブロック名 Target Block Name | K8: TargetName | M8: TargetName | O8: TargetName | S8: ブロック備考 Block Remarks
A9: # | D9: 項目名 Field Name | E9: 型 Type | F9: 桁 Digits | G9: フルネーム Full Name | H9: 日本語名 Japanese Name | I9: 上り項目 Request Message Field | J9: 下り項目 Response Message Field | Q9: 条件および編集方法 Conditions and Editing Methods | S9: 項目備考 Field Remarks
A10: # | K10: 上り項目 Request Message Field | L10: 下り項目 Response Message Field | M10: 上り項目 Request Message Field | N10: 下り項目 Response Message Field | O10: 上り項目 Request Message Field | P10: 下り項目 Response Message Field
D11: 詳細 :

Sheet Upd04
A1: * | B1: * | D1: L | E1: 1
A2: * | D2: オペレーション実装仕様書 Operation Specification Implementation Sheet | E2: ModuleID : | F2: =IF(LogicCommon!C2="","",LogicCommon!C2) -> MA | G2: LogicID : | H2: =IF(LogicCommon!E2="","",LogicCommon!E2) -> MAUDL1030 | I2: Ope.ID : | J2: Upd04 | K2: Pj.ID : | L2: =IF(LogicCommon!G2="","",LogicCommon!G2) -> MC | M2: Ope.Body : | N2: "mcframe.serverMAUD.MAUDL5010.MAUDL_Operation"
A3: * | E3: SubModuleID : | F3: =IF(LogicCommon!C3="","",LogicCommon!C3) -> MAUD | G3: LogicClass : | H3: =IF(LogicCommon!E3="","",LogicCommon!E3) -> MAUDL_LogicBase | I3: Ope.Method : | J3: Upd04 | K3: SuperClassPj.ID : | L3: =IF(LogicCommon!G3="","",LogicCommon!G3) | M3: ReportID : | O3: Gene.Type : | P3: ALL
A4: * | E4: Version : | F4: 000000 | G4: LogicName : | H4: =IF(LogicCommon!E4="","",LogicCommon!E4) -> 共通ロジックベース | I4: Ope.Name : | J4: ＢＩ送信対象外ＦＬＧ更新処理 | K4: SuperLogicID : | L4: =IF(LogicCommon!G4="","",LogicCommon!G4) -> MA.MAUDL5010
A5: * | E5: ACType :
A6: * | D6: 概要 : | E6: BILinkのDBに対し、レコードのupdateを行う。 | L6: ID | N6: ID | P6: ID
A7: # | I7: U | K7: o | M7: o | O7: o
A8: # | D8: ブロック名 Block Name | E8: 型 Type | G8: super/share | H8: 対象ブロック名 Target Block Name | K8: TargetName | M8: TargetName | O8: TargetName | S8: ブロック備考 Block Remarks
A9: # | D9: 項目名 Field Name | E9: 型 Type | F9: 桁 Digits | G9: フルネーム Full Name | H9: 日本語名 Japanese Name | I9: 上り項目 Request Message Field | J9: 下り項目 Response Message Field | Q9: 条件および編集方法 Conditions and Editing Methods | S9: 項目備考 Field Remarks
A10: # | K10: 上り項目 Request Message Field | L10: 下り項目 Response Message Field | M10: 上り項目 Request Message Field | N10: 下り項目 Response Message Field | O10: 上り項目 Request Message Field | P10: 下り項目 Response Message Field
D11: 詳細 :

Sheet 来歴
A1: 変更来歴
A3: Rev. | H3: 修正番号 | O3: 変更内容 | AQ3: 変更箇所
A4: 1 | O4: 初版
A5: 1.1 | O5: 英語の名称を追記 | AQ5: 全般
