Workbook

Sheet LogicCommon
A2: オペレーション実装仕様書 | B2: ModuleID : | C2: MG | D2: LogicID : | E2: MGBDL5010 | F2: Pj.ID : | G2: MC
B3: SubModuleID : | C3: MGBD | D3: LogicClass : | E3: MGBDL_CalcCostService | F3: SuperClassPj.ID :
D4: LogicName : | E4: 原価計算サービス | F4: SuperLogicID : | G4: MG.MGUDL5010
A5: 概要 :
A6: 詳細 :

Sheet CalcCost_Ins01
A1: * | B1: * | D1: L | E1: 1
A2: * | D2: オペレーション実装仕様書 Operation Specification Implementation Sheet | E2: ModuleID : | F2: =IF(LogicCommon!C2="","",LogicCommon!C2) -> MG | G2: LogicID : | H2: =IF(LogicCommon!E2="","",LogicCommon!E2) -> MGBDL5010 | I2: Ope.ID : | J2: CalcCost_Ins01 | K2: Pj.ID : | L2: =IF(LogicCommon!G2="","",LogicCommon!G2) -> MC | M2: Ope.Body : | N2: "mcframe.serverMAUD.MAUDL5010.MAUDL_Operation"
A3: * | D3: =IF(LogicCommon!A3="","",LogicCommon!A3) | E3: SubModuleID : | F3: =IF(LogicCommon!C3="","",LogicCommon!C3) -> MGBD | G3: LogicClass : | H3: =IF(LogicCommon!E3="","",LogicCommon!E3) -> MGBDL_CalcCostService | I3: Ope.Method : | J3: @ | K3: SuperClassPj.ID : | L3: =IF(LogicCommon!G3="","",LogicCommon!G3) | O3: Gene.Type : | P3: ALL
A4: * | E4: Version : | F4: 000000 | G4: LogicName : | H4: =IF(LogicCommon!E4="","",LogicCommon!E4) -> 原価計算サービス | I4: Ope.Name : | J4: 原価計算実行 | K4: SuperLogicID : | L4: =IF(LogicCommon!G4="","",LogicCommon!G4) -> MG.MGUDL5010 | M4: ImplOpe.ID:
A5: * | E5: ACType :
A6: * | D6: 概要 : | E6: 原価計算を実行する。 | AD6: ID | AF6: ID | AH6: ID
A7: # | I7: U | K7: K | L7: K | M7: K | N7: K | O7: K | P7: K | Q7: K | R7: K | S7: K | T7: K | U7: K | V7: K | W7: K | X7: K | Y7: K | Z7: K | AA7: K | AB7: K | AC7: o | AE7: o | AG7: o
A8: # | D8: ブロック名 Block Name | E8: 型 Type | G8: super/share | H8: 対象ブロック名 Target Block Name | K8: REQ_UPD_CNT_CHK | L8: REQUIRED | M8: CHK_NUM | N8: SMALL_LARGE | O8: CHK_DT | P8: BEFORE_AFTER | Q8: CHK_PTN | R8: DUPLICATE | S8: TOO_MANY_INPUTS | T8: AT_LEAST_ONE | U8: ONLY_ONE_INPUT | V8: LIST_LOGIC | W8: LIST_OUT | X8: LIST_OUT_BASE | Y8: LIST_IN | Z8: LIST_IN_BASE | AA8: CONST | AB8: NULL_VAL | AC8: TargetName | AE8: TargetName | AG8: TargetName | AK8: ブロック備考 Block Remarks
A9: # | D9: 項目名 Field Name | E9: 型 Type | F9: 桁 Digits | G9: フルネーム Full Name | H9: 日本語名 Japanese Name | I9: 上り項目 Request Message Field | J9: 下り項目 Response Message Field | AI9: 条件および編集方法 Conditions and Editing Methods | AK9: 項目備考 Field Remarks
A10: # | AC10: 上り項目 Request Message Field | AD10: 下り項目 Response Message Field | AE10: 上り項目 Request Message Field | AF10: 下り項目 Response Message Field | AG10: 上り項目 Request Message Field | AH10: 下り項目 Response Message Field
A11: 10 | B11: * | D11: CalcCost_Cnd | E11: L
A12: 10 | D12: term | E12: #MA.YM | G12: Term | H12: 期 | I12: E | L12: E
A13: 10 | D13: calc_grp_cd | E13: #MA.CALC_GRP_CD | G13: Calculation group cd. | H13: 計算グループＣＤ | I13: E | L13: E | V13: MA.MAUAL0010.CalcGrp
A14: 10 | D14: xrate_cd | E14: #MA.XRATE_CD | G14: Exchange rate cd. | H14: 為替レートＣＤ | I14: E
A15: 10 | D15: carry_flg | E15: #MA.FLG | G15: Carry-over | H15: 繰越 | I15: E
A16: 10 | D16: rmrks | E16: #MG.CALC_ARG_RMRKS | G16: Remarks | H16: 備考 | I16: E
A17: 10 | D17: sub_char1 | E17: #MG.CALC_ARG_SUB_CHAR1 | G17: Spare 1 | H17: 予備１ | I17: E
A18: 10 | D18: sub_char2 | E18: #MG.CALC_ARG_SUB_CHAR2 | G18: Spare 2 | H18: 予備２ | I18: E
A19: 10 | D19: sub_char3 | E19: #MG.CALC_ARG_SUB_CHAR3 | G19: Spare 3 | H19: 予備３ | I19: E
A20: 10 | D20: ym_fr | E20: #MA.YM | G20: Month FROM | H20: 年月ＦＲＯＭ | I20: E | L20: E | P20: ym_to:BF
A21: 10 | D21: ym_to | E21: #MA.YM | G21: Month TO | H21: 年月ＴＯ | I21: E | L21: E
A22: 10 | D22: err_proceed_flg | E22: #MA.FLG | G22: Continue on error | H22: エラー時続行
A23: 10 | D23: data_check_flg | E23: #MA.FLG | G23: Calculation for data check | H23: データ確認計算 | I23: E
A24: 10 | D24: itm_limit_flg | E24: #MA.FLG | G24: Item specified calculation | H24: 品目指定計算 | I24: E
A25: 10 | D25: calc_no | E25: #MA.CALC_NO | G25: Calculation No. | H25: 計算ＮＯ | J25: E
A26: 10 | D26: err_flg | E26: #MA.FLG | G26: Error | H26: エラー | J26: E
D27: 詳細 :

Sheet CalcRsltDel_Chk01
A1: * | B1: * | D1: L | E1: 1
A2: * | D2: オペレーション実装仕様書 Operation Specification Implementation Sheet | E2: ModuleID : | F2: =IF(LogicCommon!C2="","",LogicCommon!C2) -> MG | G2: LogicID : | H2: =IF(LogicCommon!E2="","",LogicCommon!E2) -> MGBDL5010 | I2: Ope.ID : | J2: CalcRsltDel_Chk01 | K2: Pj.ID : | L2: =IF(LogicCommon!G2="","",LogicCommon!G2) -> MC | M2: Ope.Body : | N2: MA.MAUDL5010.Checker
A3: * | D3: =IF(LogicCommon!A3="","",LogicCommon!A3) | E3: SubModuleID : | F3: =IF(LogicCommon!C3="","",LogicCommon!C3) -> MGBD | G3: LogicClass : | H3: =IF(LogicCommon!E3="","",LogicCommon!E3) -> MGBDL_CalcCostService | I3: Ope.Method : | J3: @ | K3: SuperClassPj.ID : | L3: =IF(LogicCommon!G3="","",LogicCommon!G3) | O3: Gene.Type : | P3: ALL
A4: * | E4: Version : | F4: 000000 | G4: LogicName : | H4: =IF(LogicCommon!E4="","",LogicCommon!E4) -> 原価計算サービス | I4: Ope.Name : | J4: 原価計算結果削除前チェック | K4: SuperLogicID : | L4: =IF(LogicCommon!G4="","",LogicCommon!G4) -> MG.MGUDL5010 | M4: ImplOpe.ID:
A5: * | E5: ACType :
A6: * | D6: 概要 : | E6: 原価計算結果削除前のチェックをする。 | M6: ID | O6: ID | Q6: ID
A7: # | I7: U | K7: K | L7: o | N7: o | P7: o
A8: # | D8: ブロック名 Block Name | E8: 型 Type | G8: super/share | H8: 対象ブロック名 Target Block Name | L8: TargetName | N8: TargetName | P8: TargetName | T8: ブロック備考 Block Remarks
A9: # | D9: 項目名 Field Name | E9: 型 Type | F9: 桁 Digits | G9: フルネーム Full Name | H9: 日本語名 Japanese Name | I9: 上り項目 Request Message Field | J9: 下り項目 Response Message Field | R9: 条件および編集方法 Conditions and Editing Methods | T9: 項目備考 Field Remarks
A10: # | L10: 上り項目 Request Message Field | M10: 下り項目 Response Message Field | N10: 上り項目 Request Message Field | O10: 下り項目 Response Message Field | P10: 上り項目 Request Message Field | Q10: 下り項目 Response Message Field
A11: 10 | B11: * | D11: CalcRsltDel_Dtl | E11: GL | G11: $super$ | H11: DBC:MG.MGT_ARG
A12: 10 | D12: calc_grp_cd | E12: #MA.CALC_GRP_CD | G12: Calculation group cd. | H12: 計算グループＣＤ | I12: E
A13: 10 | D13: calc_no | E13: #MA.CALC_NO | G13: Calculation No. | H13: 原価計算ＮＯ | I13: E
A14: 10 | D14: upd_cntr | E14: #MA.INT | G14: Update counter | H14: 更新カウンタ | I14: E
A15: 10 | D15: err_flg | E15: #MA.FLG | G15: Error | H15: エラー
A16: 10 | D16: rtn_sts_typ | E16: #MA.RTN_STS_TYP | G16: Process result status type | H16: 処理結果状況区分 | J16: E
L17: 上り項目 Request Message Field | M17: 下り項目 Response Message Field | N17: 上り項目 Request Message Field | O17: 下り項目 Response Message Field | P17: 上り項目 Request Message Field | Q17: 下り項目 Response Message Field
A18: 20 | B18: * | D18: CalcRsltDel_Hdr | E18: R
A19: 20 | D19: del_admin_flg | E19: #MA.FLG | I19: E
D20: 詳細 :

Sheet CalcRsltDel_Del01
A1: * | B1: * | D1: L | E1: 1
A2: * | D2: オペレーション実装仕様書 Operation Specification Implementation Sheet | E2: ModuleID : | F2: =IF(LogicCommon!C2="","",LogicCommon!C2) -> MG | G2: LogicID : | H2: =IF(LogicCommon!E2="","",LogicCommon!E2) -> MGBDL5010 | I2: Ope.ID : | J2: CalcRsltDel_Del01 | K2: Pj.ID : | L2: =IF(LogicCommon!G2="","",LogicCommon!G2) -> MC | M2: Ope.Body : | N2: "mcframe.serverMAUD.MAUDL5010.MAUDL_Operation"
A3: * | D3: =IF(LogicCommon!A3="","",LogicCommon!A3) | E3: SubModuleID : | F3: =IF(LogicCommon!C3="","",LogicCommon!C3) -> MGBD | G3: LogicClass : | H3: =IF(LogicCommon!E3="","",LogicCommon!E3) -> MGBDL_CalcCostService | I3: Ope.Method : | J3: @ | K3: SuperClassPj.ID : | L3: =IF(LogicCommon!G3="","",LogicCommon!G3) | O3: Gene.Type : | P3: ALL
A4: * | E4: Version : | F4: 000000 | G4: LogicName : | H4: =IF(LogicCommon!E4="","",LogicCommon!E4) -> 原価計算サービス | I4: Ope.Name : | J4: 原価計算情報削除 | K4: SuperLogicID : | L4: =IF(LogicCommon!G4="","",LogicCommon!G4) -> MG.MGUDL5010 | M4: ImplOpe.ID:
A5: * | E5: ACType :
A6: * | D6: 概要 : | E6: 原価計算情報を削除する。 | M6: ID | O6: ID | Q6: ID
A7: # | I7: U | K7: K | L7: o | N7: o | P7: o
A8: # | D8: ブロック名 Block Name | E8: 型 Type | G8: super/share | H8: 対象ブロック名 Target Block Name | L8: TargetName | N8: TargetName | P8: TargetName | T8: ブロック備考 Block Remarks
A9: # | D9: 項目名 Field Name | E9: 型 Type | F9: 桁 Digits | G9: フルネーム Full Name | H9: 日本語名 Japanese Name | I9: 上り項目 Request Message Field | J9: 下り項目 Response Message Field | R9: 条件および編集方法 Conditions and Editing Methods | T9: 項目備考 Field Remarks
A10: # | L10: 上り項目 Request Message Field | M10: 下り項目 Response Message Field | N10: 上り項目 Request Message Field | O10: 下り項目 Response Message Field | P10: 上り項目 Request Message Field | Q10: 下り項目 Response Message Field
A11: 10 | B11: * | D11: CalcRsltDel_Dtl | E11: GL | G11: $share$ | H11: MG.MGBDL5010.CalcRsltDel_Chk01.CalcRsltDel_Dtl
A12: 10 | D12: calc_grp_cd | E12: #MA.CALC_GRP_CD | G12: Calculation group cd. | H12: 計算グループＣＤ | I12: E
A13: 10 | D13: calc_no | E13: #MA.CALC_NO | G13: Calculation No. | H13: 原価計算ＮＯ | I13: E
A14: 10 | D14: upd_cntr | E14: #MA.INT | G14: Update counter | H14: 更新カウンタ | I14: E
A15: 10 | D15: err_flg | E15: #MA.FLG | G15: Error | H15: エラー
A16: 10 | D16: rtn_sts_typ | E16: #MA.RTN_STS_TYP | G16: Process result status type | H16: 処理結果状況区分 | J16: E
L17: 上り項目 Request Message Field | M17: 下り項目 Response Message Field | N17: 上り項目 Request Message Field | O17: 下り項目 Response Message Field | P17: 上り項目 Request Message Field | Q17: 下り項目 Response Message Field
A18: 20 | B18: * | D18: CalcRsltDel_Hdr | E18: R | G18: $share$ | H18: MG.MGBDL5010.CalcRsltDel_Chk01.CalcRsltDel_Hdr
A19: 20 | D19: del_admin_flg | E19: #MA.FLG | I19: E
D20: 詳細 :

Sheet CalcCost_Ins02
A1: * | B1: * | D1: L | E1: 1
A2: * | D2: オペレーション実装仕様書 Operation Specification Implementation Sheet | E2: ModuleID : | F2: =IF(LogicCommon!C2="","",LogicCommon!C2) -> MG | G2: LogicID : | H2: =IF(LogicCommon!E2="","",LogicCommon!E2) -> MGBDL5010 | I2: Ope.ID : | J2: CalcCost_Ins02 | K2: Pj.ID : | L2: =IF(LogicCommon!G2="","",LogicCommon!G2) -> MC | M2: Ope.Body : | N2: "mcframe.serverMAUD.MAUDL5010.MAUDL_Operation"
A3: * | D3: =IF(LogicCommon!A3="","",LogicCommon!A3) | E3: SubModuleID : | F3: =IF(LogicCommon!C3="","",LogicCommon!C3) -> MGBD | G3: LogicClass : | H3: =IF(LogicCommon!E3="","",LogicCommon!E3) -> MGBDL_CalcCostService | I3: Ope.Method : | J3: @ | K3: SuperClassPj.ID : | L3: =IF(LogicCommon!G3="","",LogicCommon!G3) | O3: Gene.Type : | P3: ALL
A4: * | E4: Version : | F4: 000000 | G4: LogicName : | H4: =IF(LogicCommon!E4="","",LogicCommon!E4) -> 原価計算サービス | I4: Ope.Name : | J4: マルチスレッドオペレーション実行 | K4: SuperLogicID : | L4: =IF(LogicCommon!G4="","",LogicCommon!G4) -> MG.MGUDL5010 | M4: ImplOpe.ID:
A5: * | E5: ACType :
A6: * | D6: 概要 : | E6: マルチスレッド実行の対象となるオペレーションを実行する。 | M6: ID | O6: ID | Q6: ID
A7: # | I7: U | L7: o | N7: o | P7: o
A8: # | D8: ブロック名 Block Name | E8: 型 Type | G8: super/share | H8: 対象ブロック名 Target Block Name | L8: TargetName | N8: TargetName | P8: TargetName | T8: ブロック備考 Block Remarks
A9: # | D9: 項目名 Field Name | E9: 型 Type | F9: 桁 Digits | G9: フルネーム Full Name | H9: 日本語名 Japanese Name | I9: 上り項目 Request Message Field | J9: 下り項目 Response Message Field | R9: 条件および編集方法 Conditions and Editing Methods | T9: 項目備考 Field Remarks
A10: # | L10: 上り項目 Request Message Field | M10: 下り項目 Response Message Field | N10: 上り項目 Request Message Field | O10: 下り項目 Response Message Field | P10: 上り項目 Request Message Field | Q10: 下り項目 Response Message Field
A11: 10 | B11: * | D11: Ins02_Cnd | E11: R
A12: 10 | D12: arg | E12: R | F12: DBC:MG.MGT_ARG
A13: 10 | D13: arg.calc_grp_cd# | E13: RI | G13: Calculation group cd. | H13: 計算グループＣＤ | I13: E
A14: 10 | D14: arg.calc_no# | E14: RI | G14: Calculation No. | H14: 計算ＮＯ | I14: E
A15: 10 | D15: arg.st_ym# | E15: RI | G15: Term start month | H15: 対象期間開始年月 | I15: E
A16: 10 | D16: arg.end_ym# | E16: RI | G16: End month of the term | H16: 対象期間終了年月 | I16: E
A17: 10 | D17: proc_typ | E17: C | F17: 20 | G17: Process type | H17: 処理区分 | I17: E
A18: 10 | D18: sql_no | E18: N | F18: 3 | G18: SQL No. | H18: ＳＱＬＮＯ | I18: E
A19: 10 | D19: rpt_ptn_cd | E19: #MA.RPT_PTN_CD | G19: Report pattern cd. | H19: レポートパタンＣＤ | I19: E
A20: 10 | D20: rpt_key_cd | E20: #MA.RPT_KEY_CD | G20: Report key cd. | H20: レポートキーＣＤ | I20: E
A21: 10 | D21: cost_io_id | E21: #MA.COST_IO_ID | G21: GR/GI list ID | H21: 受払表ＩＤ | I21: E
A22: 10 | D22: wg_cd | E22: #MA.WG_CD | G22: WG cd. | H22: ワーキンググループＣＤ | I22: E
A23: 10 | D23: dpt_cd | E23: #MA.COST_DPT_CD | G23: Management dept. cd. | H23: 管理部門ＣＤ | I23: E
A24: 10 | D24: itm_cd | E24: #MA.ITM_CD | G24: Item cd. | H24: 品目ＣＤ | I24: E
A25: 10 | D25: itm_sub1 | E25: #MA.ITM_SUB1 | G25: Branch No. 1 | H25: 枝番１ | I25: E
A26: 10 | D26: itm_sub2 | E26: #MA.ITM_SUB2 | G26: Branch No. 2 | H26: 枝番２ | I26: E
A27: 10 | D27: itm_sub3 | E27: #MA.ITM_SUB3 | G27: Branch No. 3 | H27: 枝番３ | I27: E
A28: 10 | D28: itm_jnl_cd | E28: #MA.ITM_JNL_CD | G28: Item journal cd. | H28: 品目仕訳ＣＤ | I28: E
A29: 10 | D29: itm_grp_typ | E29: #MA.ITM_GRP_TYP | G29: Item classification type | H29: 品目分類区分 | I29: E
A30: 10 | D30: itm_grp_cd | E30: #MA.ITM_GRP_CD | G30: Item classification cd. | H30: 品目分類ＣＤ | I30: E
D31: 詳細 :

Sheet 来歴
A1: 変更来歴
A3: Rev. | H3: 修正番号 | O3: 変更内容 | AQ3: 変更箇所
A4: 1 | O4: 初版
A5: 1.1 | H5: MG7032#013 | O5: CalcRsltDel_Hdrブロックを追加 | AQ5: CalcRsltDel_Chk01、CalcRsltDel_Del01
A6: 1.2 | O6: 英語の名称を追記 | AQ6: 全般
