Workbook

Sheet LogicCommon
A2: オペレーション実装仕様書 | B2: ModuleID : | C2: MG | D2: LogicID : | E2: MGBDL0050 | F2: Pj.ID : | G2: MC
B3: SubModuleID : | C3: MGBD | D3: LogicClass : | E3: MGBDL_CostLogSrch | F3: SuperClassPj.ID :
D4: LogicName : | E4: 原価計算ログ照会 | F4: SuperLogicID : | G4: MG.MGUDL5010
A5: 概要 :
A6: 詳細 :

Sheet Chk01
A1: * | B1: * | D1: L | E1: 1
A2: * | D2: オペレーション実装仕様書 Operation Specification Implementation Sheet | E2: ModuleID : | F2: =IF(LogicCommon!C2="","",LogicCommon!C2) -> MG | G2: LogicID : | H2: =IF(LogicCommon!E2="","",LogicCommon!E2) -> MGBDL0050 | I2: Ope.ID : | J2: Chk01 | K2: Pj.ID : | L2: =IF(LogicCommon!G2="","",LogicCommon!G2) -> MC | M2: Ope.Body : | N2: MA.MAUDL5010.Checker
A3: * | E3: SubModuleID : | F3: =IF(LogicCommon!C3="","",LogicCommon!C3) -> MGBD | G3: LogicClass : | H3: =IF(LogicCommon!E3="","",LogicCommon!E3) -> MGBDL_CostLogSrch | I3: Ope.Method : | J3: @ | K3: SuperClassPj.ID : | L3: =IF(LogicCommon!G3="","",LogicCommon!G3) | O3: Gene.Type : | P3: ALL
A4: * | E4: Version : | F4: 000000 | G4: LogicName : | H4: =IF(LogicCommon!E4="","",LogicCommon!E4) -> 原価計算ログ照会 | I4: Ope.Name : | J4: 削除前チェック | K4: SuperLogicID : | L4: =IF(LogicCommon!G4="","",LogicCommon!G4) -> MG.MGUDL5010 | M4: ImplOpe.ID:
A5: * | E5: ACType :
A6: * | D6: 概要 : | E6: 削除する前のチェックを行う | AD6: ID
A7: # | I7: U | K7: K | L7: K | M7: K | N7: K | O7: K | P7: K | Q7: K | R7: K | S7: K | T7: K | U7: K | V7: K | W7: K | X7: K | Y7: K | Z7: K | AA7: K | AB7: K | AC7: o
A8: # | D8: ブロック名 Block Name | E8: 型 Type | G8: super/share | H8: 対象ブロック名 Target Block Name | K8: REQ_UPD_CNT_CHK | L8: REQUIRED | M8: CHK_NUM | N8: SMALL_LARGE | O8: CHK_DT | P8: BEFORE_AFTER | Q8: CHK_PTN | R8: DUPLICATE | S8: TOO_MANY_INPUTS | T8: AT_LEAST_ONE | U8: ONLY_ONE_INPUT | V8: LIST_LOGIC | W8: LIST_OUT | X8: LIST_OUT_BASE | Y8: LIST_IN | Z8: LIST_IN_BASE | AA8: CONST | AB8: NULL_VAL | AC8: TargetName | AG8: ブロック備考 Block Remarks
A9: # | D9: 項目名 Field Name | E9: 型 Type | F9: 桁 Digits | G9: フルネーム Full Name | H9: 日本語名 Japanese Name | I9: 上り項目 Request Message Field | J9: 下り項目 Response Message Field | AE9: 条件および編集方法 Conditions and Editing Methods | AG9: 項目備考 Field Remarks
A10: # | AC10: 上り項目 Request Message Field | AD10: 下り項目 Response Message Field
A11: 10 | B11: * | D11: Dtl | E11: GL | G11: $super$ | H11: DBC:MG.MGT_CALC_LOG
A12: 10 | D12: calc_no | E12: #MA.CALC_NO | G12: Calculation No. | H12: 原価計算ＮＯ | I12: E | L12: E
A13: 10 | D13: calc_grp_cd | E13: #MA.CALC_GRP_CD | G13: Calculation group cd. | H13: 計算グループＣＤ | I13: E | L13: E
A14: 10 | D14: seq_no | E14: #MG.SEQ_NO | G14: Sequence | H14: シーケンス | I14: E | L14: E
A15: 10 | D15: msg_id | E15: #MA.MSG_ID | G15: Message ID | H15: メッセージＩＤ
A16: 10 | D16: msg | E16: #MA.MSG | G16: Message | H16: メッセージ
A17: 10 | D17: log_time | E17: #MG.LOG_TIME | G17: Log time | H17: ログ時間
A18: 10 | D18: ins_usr_id | E18: #MA.FCM_USR_ID | G18: Entry user ID | H18: 登録ユーザＩＤ
A19: 10 | D19: ins_usr_nm | E19: #MA.FCM_USR_NM | G19: Entry user name | H19: 登録ユーザ名
A20: 10 | D20: ins_func_id | E20: #MA.FUNC_ID | G20: Entry function ID | H20: 登録機能ＩＤ
A21: 10 | D21: ins_func_nm | E21: #MA.FUNC_NM | G21: Entry function name | H21: 登録機能名
A22: 10 | D22: ins_ts | E22: #MA.SYS_TS | G22: Entry date and time | H22: 登録日時
A23: 10 | D23: upd_usr_id | E23: #MA.FCM_USR_ID | G23: Update user ID | H23: 更新ユーザＩＤ
A24: 10 | D24: upd_usr_nm | E24: #MA.FCM_USR_NM | G24: Update user name | H24: 更新ユーザ名
A25: 10 | D25: upd_func_id | E25: #MA.FUNC_ID | G25: Update function ID | H25: 更新機能ＩＤ
A26: 10 | D26: upd_func_nm | E26: #MA.FUNC_NM | G26: Update function name | H26: 更新機能名
... A28: 10 | D28: upd_srv_req_no | E28: #MA.SRV_REQ_NO | G28: Update request No. | H28: 更新リクエストＮＯ
A29: 10 | D29: upd_cntr | E29: #MA.INT | G29: Update counter | H29: 更新カウンタ | J29: E
A30: 10 | D30: err_flg | E30: #MA.FLG | G30: Error | H30: エラー | J30: E
A31: 10 | D31: rtn_sts_typ | E31: #MA.RTN_STS_TYP | G31: Process result status type | H31: 処理結果状況区分 | J31: E
D32: 詳細 :

Sheet Del01
A1: * | B1: * | D1: L | E1: 1
A2: * | D2: オペレーション実装仕様書 Operation Specification Implementation Sheet | E2: ModuleID : | F2: =IF(LogicCommon!C2="","",LogicCommon!C2) -> MG | G2: LogicID : | H2: =IF(LogicCommon!E2="","",LogicCommon!E2) -> MGBDL0050 | I2: Ope.ID : | J2: Del01 | K2: Pj.ID : | L2: =IF(LogicCommon!G2="","",LogicCommon!G2) -> MC | M2: Ope.Body : | N2: "mcframe.serverMAUD.MAUDL5010.MAUDL_Operation"
A3: * | E3: SubModuleID : | F3: =IF(LogicCommon!C3="","",LogicCommon!C3) -> MGBD | G3: LogicClass : | H3: =IF(LogicCommon!E3="","",LogicCommon!E3) -> MGBDL_CostLogSrch | I3: Ope.Method : | J3: @ | K3: SuperClassPj.ID : | L3: =IF(LogicCommon!G3="","",LogicCommon!G3) | O3: Gene.Type : | P3: ALL
A4: * | E4: Version : | F4: 000000 | G4: LogicName : | H4: =IF(LogicCommon!E4="","",LogicCommon!E4) -> 原価計算ログ照会 | I4: Ope.Name : | J4: 削除 | K4: SuperLogicID : | L4: =IF(LogicCommon!G4="","",LogicCommon!G4) -> MG.MGUDL5010 | M4: ImplOpe.ID:
A5: * | E5: ACType :
A6: * | D6: 概要 : | E6: 削除処理をする | M6: ID
A7: # | I7: U | K7: K | L7: o
A8: # | D8: ブロック名 Block Name | E8: 型 Type | G8: super/share | H8: 対象ブロック名 Target Block Name | L8: TargetName | P8: ブロック備考 Block Remarks
A9: # | D9: 項目名 Field Name | E9: 型 Type | F9: 桁 Digits | G9: フルネーム Full Name | H9: 日本語名 Japanese Name | I9: 上り項目 Request Message Field | J9: 下り項目 Response Message Field | N9: 条件および編集方法 Conditions and Editing Methods | P9: 項目備考 Field Remarks
A10: # | L10: 上り項目 Request Message Field | M10: 下り項目 Response Message Field
A11: 10 | B11: * | D11: Dtl | E11: GL | G11: $share$ | H11: MG.MGBDL0050.Chk01.Dtl
A12: 10 | D12: calc_no | E12: #MA.CALC_NO | G12: Calculation No. | H12: 原価計算ＮＯ | I12: E
A13: 10 | D13: calc_grp_cd | E13: #MA.CALC_GRP_CD | G13: Calculation group cd. | H13: 計算グループＣＤ | I13: E
A14: 10 | D14: seq_no | E14: #MG.SEQ_NO | G14: Sequence | H14: シーケンス | I14: E
A15: 10 | D15: msg_id | E15: #MA.MSG_ID | G15: Message ID | H15: メッセージＩＤ
A16: 10 | D16: msg | E16: #MA.MSG | G16: Message | H16: メッセージ
A17: 10 | D17: log_time | E17: #MG.LOG_TIME | G17: Log time | H17: ログ時間
A18: 10 | D18: ins_usr_id | E18: #MA.FCM_USR_ID | G18: Entry user ID | H18: 登録ユーザＩＤ
A19: 10 | D19: ins_usr_nm | E19: #MA.FCM_USR_NM | G19: Entry user name | H19: 登録ユーザ名
A20: 10 | D20: ins_func_id | E20: #MA.FUNC_ID | G20: Entry function ID | H20: 登録機能ＩＤ
A21: 10 | D21: ins_func_nm | E21: #MA.FUNC_NM | G21: Entry function name | H21: 登録機能名
A22: 10 | D22: ins_ts | E22: #MA.SYS_TS | G22: Entry date and time | H22: 登録日時
A23: 10 | D23: upd_usr_id | E23: #MA.FCM_USR_ID | G23: Update user ID | H23: 更新ユーザＩＤ
A24: 10 | D24: upd_usr_nm | E24: #MA.FCM_USR_NM | G24: Update user name | H24: 更新ユーザ名
A25: 10 | D25: upd_func_id | E25: #MA.FUNC_ID | G25: Update function ID | H25: 更新機能ＩＤ
A26: 10 | D26: upd_func_nm | E26: #MA.FUNC_NM | G26: Update function name | H26: 更新機能名
... A28: 10 | D28: upd_srv_req_no | E28: #MA.SRV_REQ_NO | G28: Update request No. | H28: 更新リクエストＮＯ
A29: 10 | D29: upd_cntr | E29: #MA.INT | G29: Update counter | H29: 更新カウンタ | I29: E
A30: 10 | D30: err_flg | E30: #MA.FLG | G30: Error | H30: エラー
A31: 10 | D31: rtn_sts_typ | E31: #MA.RTN_STS_TYP | G31: Process result status type | H31: 処理結果状況区分 | J31: E
D32: 詳細 :

Sheet Srch01
A1: * | B1: * | D1: L | E1: 1
A2: * | D2: オペレーション実装仕様書 Operation Specification Implementation Sheet | E2: ModuleID : | F2: =IF(LogicCommon!C2="","",LogicCommon!C2) -> MG | G2: LogicID : | H2: =IF(LogicCommon!E2="","",LogicCommon!E2) -> MGBDL0050 | I2: Ope.ID : | J2: Srch01 | K2: Pj.ID : | L2: =IF(LogicCommon!G2="","",LogicCommon!G2) -> MC | M2: Ope.Body : | N2: "mcframe.serverMAUD.MAUDL5010.MAUDL_Searcher"
A3: * | E3: SubModuleID : | F3: =IF(LogicCommon!C3="","",LogicCommon!C3) -> MGBD | G3: LogicClass : | H3: =IF(LogicCommon!E3="","",LogicCommon!E3) -> MGBDL_CostLogSrch | I3: Ope.Method : | J3: @ | K3: SuperClassPj.ID : | L3: =IF(LogicCommon!G3="","",LogicCommon!G3) | O3: Gene.Type : | P3: ALL
A4: * | E4: Version : | F4: 000000 | G4: LogicName : | H4: =IF(LogicCommon!E4="","",LogicCommon!E4) -> 原価計算ログ照会 | I4: Ope.Name : | J4: 検索 | K4: SuperLogicID : | L4: =IF(LogicCommon!G4="","",LogicCommon!G4) -> MG.MGUDL5010 | M4: ImplOpe.ID:
A5: * | E5: ACType :
A6: * | D6: 概要 : | E6: 検索処理をする | M6: ID
A7: # | I7: U | K7: K | L7: o
A8: # | D8: ブロック名 Block Name | E8: 型 Type | G8: super/share | H8: 対象ブロック名 Target Block Name | L8: TargetName | P8: ブロック備考 Block Remarks
A9: # | D9: 項目名 Field Name | E9: 型 Type | F9: 桁 Digits | G9: フルネーム Full Name | H9: 日本語名 Japanese Name | I9: 上り項目 Request Message Field | J9: 下り項目 Response Message Field | N9: 条件および編集方法 Conditions and Editing Methods | P9: 項目備考 Field Remarks
A10: # | L10: 上り項目 Request Message Field | M10: 下り項目 Response Message Field
A11: 10 | B11: * | D11: Srch01_Cnd | E11: R
A12: 10 | D12: calc_grp_cd | E12: #MA.CALC_GRP_CD | G12: Calculation group cd. | H12: 計算グループＣＤ | I12: E
A13: 10 | D13: calc_no | E13: #MA.CALC_NO | G13: Calculation No. | H13: 原価計算ＮＯ | I13: E
A14: 10 | D14: msg_id | E14: #MA.MSG_ID | G14: Message ID | H14: メッセージＩＤ | I14: E
A15: 10 | D15: msg1 | E15: #MA.MSG | G15: Message 1 | H15: メッセージ１ | I15: E
A16: 10 | D16: msg2 | E16: #MA.MSG | G16: Message 2 | H16: メッセージ２ | I16: E
A17: 10 | D17: msg3 | E17: #MA.MSG | G17: Message 3 | H17: メッセージ３ | I17: E
L18: 上り項目 Request Message Field | M18: 下り項目 Response Message Field
A19: 20 | B19: * | D19: Srch01_Dtl | E19: L
A20: 20 | D20: calc_no | E20: #MA.CALC_NO | G20: Calculation No. | H20: 原価計算ＮＯ | J20: E
A21: 20 | D21: calc_grp_cd | E21: #MA.CALC_GRP_CD | G21: Calculation group cd. | H21: 計算グループＣＤ | J21: E
A22: 20 | D22: seq_no | E22: #MG.SEQ_NO | G22: Sequence | H22: シーケンス | J22: E
A23: 20 | D23: msg_id | E23: #MA.MSG_ID | G23: Message ID | H23: メッセージＩＤ | J23: E
A24: 20 | D24: msg | E24: #MA.MSG | G24: Message | H24: メッセージ | J24: E
A25: 20 | D25: log_time | E25: #MA.YMDHMS | G25: Log time | H25: ログ時間 | J25: E
A26: 20 | D26: ins_usr_id | E26: #MA.FCM_USR_ID | G26: Entry user ID | H26: 登録ユーザＩＤ | J26: E
A27: 20 | D27: ins_usr_nm | E27: #MA.FCM_USR_NM | G27: Entry user name | H27: 登録ユーザ名 | J27: E
A28: 20 | D28: ins_func_id | E28: #MA.FUNC_ID | G28: Entry function ID | H28: 登録機能ＩＤ | J28: E
A29: 20 | D29: ins_func_nm | E29: #MA.FUNC_NM | G29: Entry function name | H29: 登録機能名 | J29: E
A30: 20 | D30: ins_ts | E30: #MA.SYS_TS | G30: Entry date and time | H30: 登録日時 | J30: E
A31: 20 | D31: upd_usr_id | E31: #MA.FCM_USR_ID | G31: Update user ID | H31: 更新ユーザＩＤ | J31: E
... A37: 20 | D37: upd_cntr | E37: #MA.INT | G37: Update counter | H37: 更新カウンタ | J37: E
A38: 20 | D38: err_flg | E38: #MA.FLG | G38: Error | H38: エラー
A39: 20 | D39: rtn_sts_typ | E39: #MA.RTN_STS_TYP | G39: Process result status type | H39: 処理結果状況区分
D40: 詳細 :

Sheet 来歴
A1: 変更来歴
A3: Rev. | H3: 修正番号 | O3: 変更内容 | AQ3: 変更箇所
A4: 1 | O4: 初版
A5: 1.1 | O5: 英語の名称を追記 | AQ5: 全般
