Workbook

Sheet LogicCommon
A2: オペレーション実装仕様書 | B2: ModuleID : | C2: MG | D2: LogicID : | E2: MGBDL0300 | F2: Pj.ID : | G2: MC
B3: SubModuleID : | C3: MGBD | D3: LogicClass : | E3: MGBDL_CostTermCalcCtgPtnCopy | F3: SuperClassPj.ID :
D4: LogicName : | E4: 原価データコピー | F4: SuperLogicID : | G4: MG.MGUDL5010
A5: 概要 :
A6: 詳細 :

Sheet Chk01
A1: * | B1: * | D1: L | E1: 1
A2: * | D2: オペレーション実装仕様書 Operation Specification Implementation Sheet | E2: ModuleID : | F2: =IF(LogicCommon!C2="","",LogicCommon!C2) -> MG | G2: LogicID : | H2: =IF(LogicCommon!E2="","",LogicCommon!E2) -> MGBDL0300 | I2: Ope.ID : | J2: Chk01 | K2: Pj.ID : | L2: =IF(LogicCommon!G2="","",LogicCommon!G2) -> MC | M2: Ope.Body : | N2: MA.MAUDL5010.Checker
A3: * | D3: =IF(LogicCommon!A3="","",LogicCommon!A3) | E3: SubModuleID : | F3: =IF(LogicCommon!C3="","",LogicCommon!C3) -> MGBD | G3: LogicClass : | H3: =IF(LogicCommon!E3="","",LogicCommon!E3) -> MGBDL_CostTermCalcCtgPtnCopy | I3: Ope.Method : | J3: @ | K3: SuperClassPj.ID : | L3: =IF(LogicCommon!G3="","",LogicCommon!G3) | O3: Gene.Type : | P3: ALL
A4: * | E4: Version : | F4: 000000 | G4: LogicName : | H4: =IF(LogicCommon!E4="","",LogicCommon!E4) -> 原価データコピー | I4: Ope.Name : | J4: コピー前チェック | K4: SuperLogicID : | L4: =IF(LogicCommon!G4="","",LogicCommon!G4) -> MG.MGUDL5010 | M4: ImplOpe.ID:
A5: * | E5: ACType :
A6: * | D6: 概要 : | E6: コピーする前のチェックを行う | J6: ｄ | AD6: ID | AF6: ID | AH6: ID
A7: # | I7: U | K7: K | L7: K | M7: K | N7: K | O7: K | P7: K | Q7: K | R7: K | S7: K | T7: K | U7: K | V7: K | W7: K | X7: K | Y7: K | Z7: K | AA7: K | AB7: K | AC7: o | AE7: o | AG7: o
A8: # | D8: ブロック名 Block Name | E8: 型 Type | G8: super/share | H8: 対象ブロック名 Target Block Name | K8: REQ_UPD_CNT_CHK | L8: REQUIRED | M8: CHK_NUM | N8: SMALL_LARGE | O8: CHK_DT | P8: BEFORE_AFTER | Q8: CHK_PTN | R8: DUPLICATE | S8: TOO_MANY_INPUTS | T8: AT_LEAST_ONE | U8: ONLY_ONE_INPUT | V8: LIST_LOGIC | W8: LIST_OUT | X8: LIST_OUT_BASE | Y8: LIST_IN | Z8: LIST_IN_BASE | AA8: CONST | AB8: NULL_VAL | AC8: TargetName | AE8: TargetName | AG8: TargetName | AK8: ブロック備考 Block Remarks
A9: # | D9: 項目名 Field Name | E9: 型 Type | F9: 桁 Digits | G9: フルネーム Full Name | H9: 日本語名 Japanese Name | I9: 上り項目 Request Message Field | J9: 下り項目 Response Message Field | AI9: 条件および編集方法 Conditions and Editing Methods | AK9: 項目備考 Field Remarks
A10: # | AC10: 上り項目 Request Message Field | AD10: 下り項目 Response Message Field | AE10: 上り項目 Request Message Field | AF10: 下り項目 Response Message Field | AG10: 上り項目 Request Message Field | AH10: 下り項目 Response Message Field
A11: 10 | B11: * | D11: Hdr | E11: R
A12: 10 | D12: calc_ctg_cd_fr | E12: #MA.CALC_CTG_CD | G12: Calculation category cd. (Copy from) | H12: コピー元計算カテゴリＣＤ | I12: E
A13: 10 | D13: calc_ctg_cd_to | E13: #MA.CALC_CTG_CD | G13: Calculation category cd. (Copy to) | H13: コピー先計算カテゴリＣＤ | I13: E
A14: 10 | D14: term_fr | E14: #MA.YM | G14: Term (Copy from) | H14: コピー元期 | I14: E
A15: 10 | D15: term_to | E15: #MA.YM | G15: Term (Copy to) | H15: コピー先期 | I15: E
A16: 10 | D16: ym_fr | E16: #MA.YM | G16: Month (Copy from) | H16: コピー元年月 | I16: E
A17: 10 | D17: ym_to | E17: #MA.YM | G17: Month (Copy to) | H17: コピー先年月 | I17: E
A19: 20 | B19: * | D19: Dtl | E19: L
A20: 20 | D20: tab_ctg_typ | E20: #MG.TAB_CTG_TYP | G20: Table category type | H20: テーブルカテゴリ区分 | AA20: MGC_TAB_CTG_TYP
A21: 20 | D21: cost_copy_typ_key | E21: C | G21: Cost to copy type key | H21: 原価コピー対象区分キー | I21: E
A22: 20 | D22: cnt_fr | E22: #MA.INT | G22: Number of records (Copy-from) | H22: コピー元件数
A23: 20 | D23: cnt_to | E23: #MA.INT | G23: Number of records (Copy-to) | H23: コピー先件数
A24: 20 | D24: wg_cd | E24: #MA.WG_CD | G24: WG cd. | H24: ワーキンググループＣＤ | J24: E
A26: 30 | B26: * | D26: DelDtl | E26: L | G26: $share$ | H26: MG.MGBDL0300.Chk01.Dtl
A27: 30 | D27: tab_ctg_typ | E27: #MG.TAB_CTG_TYP | G27: Table category type | H27: テーブルカテゴリ区分 | AA27: MGC_TAB_CTG_TYP
A28: 30 | D28: cost_copy_typ_key | E28: C | G28: Cost to copy type key | H28: 原価コピー対象区分キー
A29: 30 | D29: cnt_fr | E29: #MA.INT | G29: Number of records (Copy-from) | H29: コピー元件数
A30: 30 | D30: cnt_to | E30: #MA.INT | G30: Number of records (Copy-to) | H30: コピー先件数
A31: 30 | D31: wg_cd | E31: #MA.WG_CD | G31: WG cd. | H31: ワーキンググループＣＤ | J31: E
D32: 詳細 :

Sheet Ins01
A1: * | B1: * | D1: L | E1: 1
A2: * | D2: オペレーション実装仕様書 Operation Specification Implementation Sheet | E2: ModuleID : | F2: =IF(LogicCommon!C2="","",LogicCommon!C2) -> MG | G2: LogicID : | H2: =IF(LogicCommon!E2="","",LogicCommon!E2) -> MGBDL0300 | I2: Ope.ID : | J2: Ins01 | K2: Pj.ID : | L2: =IF(LogicCommon!G2="","",LogicCommon!G2) -> MC | M2: Ope.Body : | N2: "mcframe.serverMAUD.MAUDL5010.MAUDL_Operation"
A3: * | D3: =IF(LogicCommon!A3="","",LogicCommon!A3) | E3: SubModuleID : | F3: =IF(LogicCommon!C3="","",LogicCommon!C3) -> MGBD | G3: LogicClass : | H3: =IF(LogicCommon!E3="","",LogicCommon!E3) -> MGBDL_CostTermCalcCtgPtnCopy | I3: Ope.Method : | J3: @ | K3: SuperClassPj.ID : | L3: =IF(LogicCommon!G3="","",LogicCommon!G3) | O3: Gene.Type : | P3: ALL
A4: * | E4: Version : | F4: 000000 | G4: LogicName : | H4: =IF(LogicCommon!E4="","",LogicCommon!E4) -> 原価データコピー | I4: Ope.Name : | J4: 計算カテゴリ別コピー | K4: SuperLogicID : | L4: =IF(LogicCommon!G4="","",LogicCommon!G4) -> MG.MGUDL5010 | M4: ImplOpe.ID:
A5: * | E5: ACType :
A6: * | D6: 概要 : | E6: 計算カテゴリ別コピー処理をする | M6: ID | O6: ID | Q6: ID
A7: # | I7: U | K7: K | L7: o | N7: o | P7: o
A8: # | D8: ブロック名 Block Name | E8: 型 Type | G8: super/share | H8: 対象ブロック名 Target Block Name | L8: TargetName | N8: TargetName | P8: TargetName | T8: ブロック備考 Block Remarks
A9: # | D9: 項目名 Field Name | E9: 型 Type | F9: 桁 Digits | G9: フルネーム Full Name | H9: 日本語名 Japanese Name | I9: 上り項目 Request Message Field | J9: 下り項目 Response Message Field | R9: 条件および編集方法 Conditions and Editing Methods | T9: 項目備考 Field Remarks
A10: # | L10: 上り項目 Request Message Field | M10: 下り項目 Response Message Field | N10: 上り項目 Request Message Field | O10: 下り項目 Response Message Field | P10: 上り項目 Request Message Field | Q10: 下り項目 Response Message Field
A11: 10 | B11: * | D11: Hdr | E11: R | G11: $share$ | H11: MG.MGBDL0300.Chk01.Hdr
A12: 10 | D12: calc_ctg_cd_fr | E12: #MA.CALC_CTG_CD | G12: Calculation category cd. (Copy from) | H12: コピー元計算カテゴリＣＤ | I12: E
A13: 10 | D13: calc_ctg_cd_to | E13: #MA.CALC_CTG_CD | G13: Calculation category cd. (Copy to) | H13: コピー先計算カテゴリＣＤ | I13: E
A14: 10 | D14: term_fr | E14: #MA.YM | G14: Term (Copy from) | H14: コピー元期 | I14: E
A15: 10 | D15: term_to | E15: #MA.YM | G15: Term (Copy to) | H15: コピー先期 | I15: E
A16: 10 | D16: ym_fr | E16: #MA.YM | G16: Month (Copy from) | H16: コピー元年月
A17: 10 | D17: ym_to | E17: #MA.YM | G17: Month (Copy to) | H17: コピー先年月
A19: 20 | B19: * | D19: Dtl | E19: L | G19: $share$ | H19: MG.MGBDL0300.Chk01.Dtl
A20: 20 | D20: tab_ctg_typ | E20: #MG.TAB_CTG_TYP | G20: Table category type | H20: テーブルカテゴリ区分
A21: 20 | D21: cost_copy_typ_key | E21: C | G21: Cost to copy type key | H21: 原価コピー対象区分キー | I21: E
A22: 20 | D22: cnt_fr | E22: #MA.INT | G22: Number of records (Copy-from) | H22: コピー元件数
A23: 20 | D23: cnt_to | E23: #MA.INT | G23: Number of records (Copy-to) | H23: コピー先件数
A24: 20 | D24: wg_cd | E24: #MA.WG_CD | G24: WG cd. | H24: ワーキンググループＣＤ
D25: 詳細 :

Sheet Ins02
A1: * | B1: * | D1: L | E1: 1
A2: * | D2: オペレーション実装仕様書 Operation Specification Implementation Sheet | E2: ModuleID : | F2: =IF(LogicCommon!C2="","",LogicCommon!C2) -> MG | G2: LogicID : | H2: =IF(LogicCommon!E2="","",LogicCommon!E2) -> MGBDL0300 | I2: Ope.ID : | J2: Ins02 | K2: Pj.ID : | L2: =IF(LogicCommon!G2="","",LogicCommon!G2) -> MC | M2: Ope.Body : | N2: "mcframe.serverMAUD.MAUDL5010.MAUDL_Operation"
A3: * | D3: =IF(LogicCommon!A3="","",LogicCommon!A3) | E3: SubModuleID : | F3: =IF(LogicCommon!C3="","",LogicCommon!C3) -> MGBD | G3: LogicClass : | H3: =IF(LogicCommon!E3="","",LogicCommon!E3) -> MGBDL_CostTermCalcCtgPtnCopy | I3: Ope.Method : | J3: @ | K3: SuperClassPj.ID : | L3: =IF(LogicCommon!G3="","",LogicCommon!G3) | O3: Gene.Type : | P3: ALL
A4: * | E4: Version : | F4: 000000 | G4: LogicName : | H4: =IF(LogicCommon!E4="","",LogicCommon!E4) -> 原価データコピー | I4: Ope.Name : | J4: 期別コピー | K4: SuperLogicID : | L4: =IF(LogicCommon!G4="","",LogicCommon!G4) -> MG.MGUDL5010 | M4: ImplOpe.ID:
A5: * | E5: ACType :
A6: * | D6: 概要 : | E6: 期別コピー処理をする | M6: ID | O6: ID | Q6: ID
A7: # | I7: U | K7: K | L7: o | N7: o | P7: o
A8: # | D8: ブロック名 Block Name | E8: 型 Type | G8: super/share | H8: 対象ブロック名 Target Block Name | L8: TargetName | N8: TargetName | P8: TargetName | T8: ブロック備考 Block Remarks
A9: # | D9: 項目名 Field Name | E9: 型 Type | F9: 桁 Digits | G9: フルネーム Full Name | H9: 日本語名 Japanese Name | I9: 上り項目 Request Message Field | J9: 下り項目 Response Message Field | R9: 条件および編集方法 Conditions and Editing Methods | T9: 項目備考 Field Remarks
A10: # | L10: 上り項目 Request Message Field | M10: 下り項目 Response Message Field | N10: 上り項目 Request Message Field | O10: 下り項目 Response Message Field | P10: 上り項目 Request Message Field | Q10: 下り項目 Response Message Field
A11: 10 | B11: * | D11: Hdr | E11: R | G11: $share$ | H11: MG.MGBDL0300.Chk01.Hdr
A12: 10 | D12: calc_ctg_cd_fr | E12: #MA.CALC_CTG_CD | G12: Calculation category cd. (Copy from) | H12: コピー元計算カテゴリＣＤ | I12: E
A13: 10 | D13: calc_ctg_cd_to | E13: #MA.CALC_CTG_CD | G13: Calculation category cd. (Copy to) | H13: コピー先計算カテゴリＣＤ | I13: E
A14: 10 | D14: term_fr | E14: #MA.YM | G14: Term (Copy from) | H14: コピー元期 | I14: E
A15: 10 | D15: term_to | E15: #MA.YM | G15: Term (Copy to) | H15: コピー先期 | I15: E
A16: 10 | D16: ym_fr | E16: #MA.YM | G16: Month (Copy from) | H16: コピー元年月
A17: 10 | D17: ym_to | E17: #MA.YM | G17: Month (Copy to) | H17: コピー先年月
A19: 20 | B19: * | D19: Dtl | E19: L | G19: $share$ | H19: MG.MGBDL0300.Chk01.Dtl
A20: 20 | D20: tab_ctg_typ | E20: #MG.TAB_CTG_TYP | G20: Table category type | H20: テーブルカテゴリ区分
A21: 20 | D21: cost_copy_typ_key | E21: C | G21: Cost to copy type key | H21: 原価コピー対象区分キー | I21: E
A22: 20 | D22: cnt_fr | E22: #MA.INT | G22: Number of records (Copy-from) | H22: コピー元件数
A23: 20 | D23: cnt_to | E23: #MA.INT | G23: Number of records (Copy-to) | H23: コピー先件数
A24: 20 | D24: wg_cd | E24: #MA.WG_CD | G24: WG cd. | H24: ワーキンググループＣＤ
D25: 詳細 :

Sheet Ins03
A1: * | B1: * | D1: L | E1: 1
A2: * | D2: オペレーション実装仕様書 Operation Specification Implementation Sheet | E2: ModuleID : | F2: =IF(LogicCommon!C2="","",LogicCommon!C2) -> MG | G2: LogicID : | H2: =IF(LogicCommon!E2="","",LogicCommon!E2) -> MGBDL0300 | I2: Ope.ID : | J2: Ins03 | K2: Pj.ID : | L2: =IF(LogicCommon!G2="","",LogicCommon!G2) -> MC | M2: Ope.Body : | N2: "mcframe.serverMAUD.MAUDL5010.MAUDL_Operation"
A3: * | D3: =IF(LogicCommon!A3="","",LogicCommon!A3) | E3: SubModuleID : | F3: =IF(LogicCommon!C3="","",LogicCommon!C3) -> MGBD | G3: LogicClass : | H3: =IF(LogicCommon!E3="","",LogicCommon!E3) -> MGBDL_CostTermCalcCtgPtnCopy | I3: Ope.Method : | J3: @ | K3: SuperClassPj.ID : | L3: =IF(LogicCommon!G3="","",LogicCommon!G3) | O3: Gene.Type : | P3: ALL
A4: * | E4: Version : | F4: 000000 | G4: LogicName : | H4: =IF(LogicCommon!E4="","",LogicCommon!E4) -> 原価データコピー | I4: Ope.Name : | J4: 計画コピー | K4: SuperLogicID : | L4: =IF(LogicCommon!G4="","",LogicCommon!G4) -> MG.MGUDL5010 | M4: ImplOpe.ID:
A5: * | E5: ACType :
A6: * | D6: 概要 : | E6: 計画コピー処理をする | M6: ID | O6: ID | Q6: ID
A7: # | I7: U | K7: K | L7: o | N7: o | P7: o
A8: # | D8: ブロック名 Block Name | E8: 型 Type | G8: super/share | H8: 対象ブロック名 Target Block Name | L8: TargetName | N8: TargetName | P8: TargetName | T8: ブロック備考 Block Remarks
A9: # | D9: 項目名 Field Name | E9: 型 Type | F9: 桁 Digits | G9: フルネーム Full Name | H9: 日本語名 Japanese Name | I9: 上り項目 Request Message Field | J9: 下り項目 Response Message Field | R9: 条件および編集方法 Conditions and Editing Methods | T9: 項目備考 Field Remarks
A10: # | L10: 上り項目 Request Message Field | M10: 下り項目 Response Message Field | N10: 上り項目 Request Message Field | O10: 下り項目 Response Message Field | P10: 上り項目 Request Message Field | Q10: 下り項目 Response Message Field
A11: 10 | B11: * | D11: Hdr | E11: R | G11: $share$ | H11: MG.MGBDL0300.Chk01.Hdr
A12: 10 | D12: calc_ctg_cd_fr | E12: #MA.CALC_CTG_CD | G12: Calculation category cd. (Copy from) | H12: コピー元計算カテゴリＣＤ | I12: E
A13: 10 | D13: calc_ctg_cd_to | E13: #MA.CALC_CTG_CD | G13: Calculation category cd. (Copy to) | H13: コピー先計算カテゴリＣＤ | I13: E
A14: 10 | D14: term_fr | E14: #MA.YM | G14: Term (Copy from) | H14: コピー元期
A15: 10 | D15: term_to | E15: #MA.YM | G15: Term (Copy to) | H15: コピー先期
A16: 10 | D16: ym_fr | E16: #MA.YM | G16: Month (Copy from) | H16: コピー元年月 | I16: E
A17: 10 | D17: ym_to | E17: #MA.YM | G17: Month (Copy to) | H17: コピー先年月 | I17: E
A19: 20 | B19: * | D19: Dtl | E19: L | G19: $share$ | H19: MG.MGBDL0300.Chk01.Dtl
A20: 20 | D20: tab_ctg_typ | E20: #MG.TAB_CTG_TYP | G20: Table category type | H20: テーブルカテゴリ区分
A21: 20 | D21: cost_copy_typ_key | E21: C | G21: Cost to copy type key | H21: 原価コピー対象区分キー | I21: E
A22: 20 | D22: cnt_fr | E22: #MA.INT | G22: Number of records (Copy-from) | H22: コピー元件数
A23: 20 | D23: cnt_to | E23: #MA.INT | G23: Number of records (Copy-to) | H23: コピー先件数
A24: 20 | D24: wg_cd | E24: #MA.WG_CD | G24: WG cd. | H24: ワーキンググループＣＤ
D25: 詳細 :

Sheet Ins04
A1: * | B1: * | D1: L | E1: 1
A2: * | D2: オペレーション実装仕様書 Operation Specification Implementation Sheet | E2: ModuleID : | F2: =IF(LogicCommon!C2="","",LogicCommon!C2) -> MG | G2: LogicID : | H2: =IF(LogicCommon!E2="","",LogicCommon!E2) -> MGBDL0300 | I2: Ope.ID : | J2: Ins04 | K2: Pj.ID : | L2: =IF(LogicCommon!G2="","",LogicCommon!G2) -> MC | M2: Ope.Body : | N2: "mcframe.serverMAUD.MAUDL5010.MAUDL_Operation"
A3: * | D3: =IF(LogicCommon!A3="","",LogicCommon!A3) | E3: SubModuleID : | F3: =IF(LogicCommon!C3="","",LogicCommon!C3) -> MGBD | G3: LogicClass : | H3: =IF(LogicCommon!E3="","",LogicCommon!E3) -> MGBDL_CostTermCalcCtgPtnCopy | I3: Ope.Method : | J3: @ | K3: SuperClassPj.ID : | L3: =IF(LogicCommon!G3="","",LogicCommon!G3) | O3: Gene.Type : | P3: ALL
A4: * | E4: Version : | F4: 000000 | G4: LogicName : | H4: =IF(LogicCommon!E4="","",LogicCommon!E4) -> 原価データコピー | I4: Ope.Name : | J4: 実績コピー | K4: SuperLogicID : | L4: =IF(LogicCommon!G4="","",LogicCommon!G4) -> MG.MGUDL5010 | M4: ImplOpe.ID:
A5: * | E5: ACType :
A6: * | D6: 概要 : | E6: 実績コピー処理をする | M6: ID | O6: ID | Q6: ID
A7: # | I7: U | K7: K | L7: o | N7: o | P7: o
A8: # | D8: ブロック名 Block Name | E8: 型 Type | G8: super/share | H8: 対象ブロック名 Target Block Name | L8: TargetName | N8: TargetName | P8: TargetName | T8: ブロック備考 Block Remarks
A9: # | D9: 項目名 Field Name | E9: 型 Type | F9: 桁 Digits | G9: フルネーム Full Name | H9: 日本語名 Japanese Name | I9: 上り項目 Request Message Field | J9: 下り項目 Response Message Field | R9: 条件および編集方法 Conditions and Editing Methods | T9: 項目備考 Field Remarks
A10: # | L10: 上り項目 Request Message Field | M10: 下り項目 Response Message Field | N10: 上り項目 Request Message Field | O10: 下り項目 Response Message Field | P10: 上り項目 Request Message Field | Q10: 下り項目 Response Message Field
A11: 10 | B11: * | D11: Hdr | E11: R | G11: $share$ | H11: MG.MGBDL0300.Chk01.Hdr
A12: 10 | D12: calc_ctg_cd_fr | E12: #MA.CALC_CTG_CD | G12: Calculation category cd. (Copy from) | H12: コピー元計算カテゴリＣＤ | I12: E
A13: 10 | D13: calc_ctg_cd_to | E13: #MA.CALC_CTG_CD | G13: Calculation category cd. (Copy to) | H13: コピー先計算カテゴリＣＤ | I13: E
A14: 10 | D14: term_fr | E14: #MA.YM | G14: Term (Copy from) | H14: コピー元期
A15: 10 | D15: term_to | E15: #MA.YM | G15: Term (Copy to) | H15: コピー先期
A16: 10 | D16: ym_fr | E16: #MA.YM | G16: Month (Copy from) | H16: コピー元年月 | I16: E
A17: 10 | D17: ym_to | E17: #MA.YM | G17: Month (Copy to) | H17: コピー先年月 | I17: E
A19: 20 | B19: * | D19: Dtl | E19: L | G19: $share$ | H19: MG.MGBDL0300.Chk01.Dtl
A20: 20 | D20: tab_ctg_typ | E20: #MG.TAB_CTG_TYP | G20: Table category type | H20: テーブルカテゴリ区分 | I20: E
A21: 20 | D21: cost_copy_typ_key | E21: C | G21: Cost to copy type key | H21: 原価コピー対象区分キー | I21: E
A22: 20 | D22: cnt_fr | E22: #MA.INT | G22: Number of records (Copy-from) | H22: コピー元件数
A23: 20 | D23: cnt_to | E23: #MA.INT | G23: Number of records (Copy-to) | H23: コピー先件数
A24: 20 | D24: wg_cd | E24: #MA.WG_CD | G24: WG cd. | H24: ワーキンググループＣＤ
D25: 詳細 :

Sheet Srch01
A1: * | B1: * | D1: L | E1: 1
A2: * | D2: オペレーション実装仕様書 Operation Specification Implementation Sheet | E2: ModuleID : | F2: =IF(LogicCommon!C2="","",LogicCommon!C2) -> MG | G2: LogicID : | H2: =IF(LogicCommon!E2="","",LogicCommon!E2) -> MGBDL0300 | I2: Ope.ID : | J2: Srch01 | K2: Pj.ID : | L2: =IF(LogicCommon!G2="","",LogicCommon!G2) -> MC | M2: Ope.Body : | N2: "mcframe.serverMAUD.MAUDL5010.MAUDL_Searcher"
A3: * | D3: =IF(LogicCommon!A3="","",LogicCommon!A3) | E3: SubModuleID : | F3: =IF(LogicCommon!C3="","",LogicCommon!C3) -> MGBD | G3: LogicClass : | H3: =IF(LogicCommon!E3="","",LogicCommon!E3) -> MGBDL_CostTermCalcCtgPtnCopy | I3: Ope.Method : | J3: @ | K3: SuperClassPj.ID : | L3: =IF(LogicCommon!G3="","",LogicCommon!G3) | O3: Gene.Type : | P3: ALL
A4: * | E4: Version : | F4: 000000 | G4: LogicName : | H4: =IF(LogicCommon!E4="","",LogicCommon!E4) -> 原価データコピー | I4: Ope.Name : | J4: 検索 | K4: SuperLogicID : | L4: =IF(LogicCommon!G4="","",LogicCommon!G4) -> MG.MGUDL5010 | M4: ImplOpe.ID:
A5: * | E5: ACType :
A6: * | D6: 概要 : | E6: 検索処理をする | M6: ID | O6: ID | Q6: ID
A7: # | I7: U | K7: K | L7: o | N7: o | P7: o
A8: # | D8: ブロック名 Block Name | E8: 型 Type | G8: super/share | H8: 対象ブロック名 Target Block Name | L8: TargetName | N8: TargetName | P8: TargetName | T8: ブロック備考 Block Remarks
A9: # | D9: 項目名 Field Name | E9: 型 Type | F9: 桁 Digits | G9: フルネーム Full Name | H9: 日本語名 Japanese Name | I9: 上り項目 Request Message Field | J9: 下り項目 Response Message Field | R9: 条件および編集方法 Conditions and Editing Methods | T9: 項目備考 Field Remarks
A10: # | L10: 上り項目 Request Message Field | M10: 下り項目 Response Message Field | N10: 上り項目 Request Message Field | O10: 下り項目 Response Message Field | P10: 上り項目 Request Message Field | Q10: 下り項目 Response Message Field
A11: 10 | B11: * | D11: Hdr | E11: R | G11: $share$ | H11: MG.MGBDL0300.Chk01.Hdr
A12: 10 | D12: calc_ctg_cd_fr | E12: #MA.CALC_CTG_CD | G12: Calculation category cd. (Copy from) | H12: コピー元計算カテゴリＣＤ | I12: E
A13: 10 | D13: calc_ctg_cd_to | E13: #MA.CALC_CTG_CD | G13: Calculation category cd. (Copy to) | H13: コピー先計算カテゴリＣＤ | I13: E
A14: 10 | D14: term_fr | E14: #MA.YM | G14: Term (Copy from) | H14: コピー元期 | I14: E
A15: 10 | D15: term_to | E15: #MA.YM | G15: Term (Copy to) | H15: コピー先期 | I15: E
A16: 10 | D16: ym_fr | E16: #MA.YM | G16: Month (Copy from) | H16: コピー元年月 | I16: E
A17: 10 | D17: ym_to | E17: #MA.YM | G17: Month (Copy to) | H17: コピー先年月 | I17: E
A19: 20 | B19: * | D19: Dtl | E19: L | G19: $share$ | H19: MG.MGBDL0300.Chk01.Dtl
A20: 20 | D20: tab_ctg_typ | E20: #MG.TAB_CTG_TYP | G20: Table category type | H20: テーブルカテゴリ区分
A21: 20 | D21: cost_copy_typ_key | E21: C | G21: Cost to copy type key | H21: 原価コピー対象区分キー | I21: E
A22: 20 | D22: cnt_fr | E22: #MA.INT | G22: Number of records (Copy-from) | H22: コピー元件数 | J22: E
A23: 20 | D23: cnt_to | E23: #MA.INT | G23: Number of records (Copy-to) | H23: コピー先件数 | J23: E
A24: 20 | D24: wg_cd | E24: #MA.WG_CD | G24: WG cd. | H24: ワーキンググループＣＤ
D25: 詳細 :

Sheet 来歴
A1: 変更来歴
A3: Rev. | H3: 修正番号 | O3: 変更内容 | AQ3: 変更箇所
A4: 1 | O4: 初版
A5: 1.1 | O5: 英語の名称を追記 | AQ5: 全般
