Workbook

Sheet LogicCommon
A2: オペレーション実装仕様書 | B2: ModuleID : | C2: MG | D2: LogicID : | E2: MGBDB0020 | F2: Pj.ID : | G2: MC
B3: SubModuleID : | C3: MGBD | D3: LogicClass : | E3: MGBDL_CostItmInfoCopyBatch | F3: SuperClassPj.ID :
D4: LogicName : | E4: 原価品目情報一括取込バッチ | F4: SuperLogicID : | G4: MG.MGUDL5010
A5: 概要 :
A6: 詳細 :

Sheet CostItmInfoCopy_Chk01
A1: * | B1: * | D1: L | E1: 1
A2: * | D2: オペレーション実装仕様書 Operation Specification Implementation Sheet | E2: ModuleID : | F2: =IF(LogicCommon!C2="","",LogicCommon!C2) -> MG | G2: LogicID : | H2: =IF(LogicCommon!E2="","",LogicCommon!E2) -> MGBDB0020 | I2: Ope.ID : | J2: CostItmInfoCopy_Chk01 | K2: Pj.ID : | L2: =IF(LogicCommon!G2="","",LogicCommon!G2) -> MC | M2: Ope.Body : | N2: MA.MAUDL5010.Checker
A3: * | D3: =IF(LogicCommon!A3="","",LogicCommon!A3) | E3: SubModuleID : | F3: =IF(LogicCommon!C3="","",LogicCommon!C3) -> MGBD | G3: LogicClass : | H3: =IF(LogicCommon!E3="","",LogicCommon!E3) -> MGBDL_CostItmInfoCopyBatch | I3: Ope.Method : | J3: @ | K3: SuperClassPj.ID : | L3: =IF(LogicCommon!G3="","",LogicCommon!G3) | O3: Gene.Type : | P3: ALL
A4: * | E4: Version : | F4: 000000 | G4: LogicName : | H4: =IF(LogicCommon!E4="","",LogicCommon!E4) -> 原価品目情報一括取込バッチ | I4: Ope.Name : | J4: 取込前チェック | K4: SuperLogicID : | L4: =IF(LogicCommon!G4="","",LogicCommon!G4) -> MG.MGUDL5010 | M4: ImplOpe.ID:
A5: * | E5: ACType :
A6: * | D6: 概要 : | E6: 取込する前のチェックを行う | AD6: ID
A7: # | I7: U | K7: K | L7: K | M7: K | N7: K | O7: K | P7: K | Q7: K | R7: K | S7: K | T7: K | U7: K | V7: K | W7: K | X7: K | Y7: K | Z7: K | AA7: K | AB7: K | AC7: o
A8: # | D8: ブロック名 Block Name | E8: 型 Type | G8: super/share | H8: 対象ブロック名 Target Block Name | K8: REQ_UPD_CNT_CHK | L8: REQUIRED | M8: CHK_NUM | N8: SMALL_LARGE | O8: CHK_DT | P8: BEFORE_AFTER | Q8: CHK_PTN | R8: DUPLICATE | S8: TOO_MANY_INPUTS | T8: AT_LEAST_ONE | U8: ONLY_ONE_INPUT | V8: LIST_LOGIC | W8: LIST_OUT | X8: LIST_OUT_BASE | Y8: LIST_IN | Z8: LIST_IN_BASE | AA8: CONST | AB8: NULL_VAL | AC8: TargetName | AG8: ブロック備考 Block Remarks
A9: # | D9: 項目名 Field Name | E9: 型 Type | F9: 桁 Digits | G9: フルネーム Full Name | H9: 日本語名 Japanese Name | I9: 上り項目 Request Message Field | J9: 下り項目 Response Message Field | AE9: 条件および編集方法 Conditions and Editing Methods | AG9: 項目備考 Field Remarks
A10: # | AC10: 上り項目 Request Message Field | AD10: 下り項目 Response Message Field
A11: 10 | B11: * | D11: CostItmInfoCopy_Chk01_Cnd | E11: R
A12: 10 | D12: err_flg | E12: #MA.FLG | G12: Error | H12: エラー | I12: - | J12: -
A13: 10 | D13: calc_ctg_cd | E13: #MA.CALC_CTG_CD | G13: Calculation category cd. | H13: 計算カテゴリＣＤ | I13: E | J13: E | L13: E | V13: MA.MAUAL0010.CalcCtg
A14: 10 | D14: wg_cd | E14: #MA.WG_CD | G14: WG cd. | H14: ワーキンググループＣＤ | I14: E | J14: E | V14: MA.MAUAL0010.CostWg
A15: 10 | D15: term | E15: #MA.YM | G15: Term | H15: 期 | I15: E | J15: E | L15: E | V15: MA.MAUAL0010.Term
A16: 10 | D16: dt | E16: #MA.DT | G16: Date | H16: 対象日 | I16: E | J16: E
A17: 10 | D17: lump_flg | E17: #MA.FLG | G17: Include import | H17: 取込処理も行う | I17: E | J17: E
A18: 10 | D18: cmn_flg | E18: #MA.FLG | G18: Common | H18: 共通 | I18: E | J18: E | U18: E
A19: 10 | D19: wg_flg | E19: #MA.FLG | G19: WG | H19: ワーキンググループ | I19: E | J19: E | U19: E
A20: 10 | D20: dtl_flg | E20: #MA.FLG | G20: Cost item details | H20: 原価品目詳細 | I20: E | J20: E | T20: E
A21: 10 | D21: oper_flg | E21: #MA.FLG | G21: Cost item operation | H21: 原価品目工程 | I21: E | J21: E | T21: E
A22: 10 | D22: bom_flg | E22: #MA.FLG | G22: Cost BOM | H22: 原価ＢＯＭ | I22: E | J22: E | T22: E
A23: 10 | D23: wk_flg | E23: #MA.FLG | G23: Cost item man-hour | H23: 原価品目工数 | I23: E | J23: E | T23: E
A24: 10 | D24: purc_flg | E24: #MA.FLG | G24: Cost item purchase unit price | H24: 原価品目購買単価 | I24: E | J24: E | T24: E
A25: 10 | D25: proc_flg | E25: #MA.FLG | G25: Cost item subcontracting unit price | H25: 原価品目加工単価 | I25: E | J25: E | T25: E
A26: 10 | D26: prov_flg | E26: #MA.FLG | G26: Cost item supply unit price | H26: 原価品目支給単価 | I26: E | J26: E | T26: E
A27: 10 | D27: sls_flg | E27: #MA.FLG | G27: Cost item sales unit price | H27: 原価品目販売単価 | I27: E | J27: E | T27: E
A28: 10 | D28: sls_upri_imp_typ | E28: #MA.SLS_UPRI_IMP_TYP | G28: Sales unit price import type | H28: 販売単価取込区分 | I28: E | J28: E | AA28: MAC_SLS_UPRI_IMP_TYP
D29: 詳細 :

Sheet CostItmInfoCopy_Chk02
A1: * | B1: * | D1: L | E1: 1
A2: * | D2: オペレーション実装仕様書 Operation Specification Implementation Sheet | E2: ModuleID : | F2: =IF(LogicCommon!C2="","",LogicCommon!C2) -> MG | G2: LogicID : | H2: =IF(LogicCommon!E2="","",LogicCommon!E2) -> MGBDB0020 | I2: Ope.ID : | J2: CostItmInfoCopy_Chk02 | K2: Pj.ID : | L2: =IF(LogicCommon!G2="","",LogicCommon!G2) -> MC | M2: Ope.Body : | N2: MA.MAUDL5010.Checker
A3: * | D3: =IF(LogicCommon!A3="","",LogicCommon!A3) | E3: SubModuleID : | F3: =IF(LogicCommon!C3="","",LogicCommon!C3) -> MGBD | G3: LogicClass : | H3: =IF(LogicCommon!E3="","",LogicCommon!E3) -> MGBDL_CostItmInfoCopyBatch | I3: Ope.Method : | J3: @ | K3: SuperClassPj.ID : | L3: =IF(LogicCommon!G3="","",LogicCommon!G3) | O3: Gene.Type : | P3: ALL
A4: * | E4: Version : | F4: 000000 | G4: LogicName : | H4: =IF(LogicCommon!E4="","",LogicCommon!E4) -> 原価品目情報一括取込バッチ | I4: Ope.Name : | J4: 削除前チェック | K4: SuperLogicID : | L4: =IF(LogicCommon!G4="","",LogicCommon!G4) -> MG.MGUDL5010 | M4: ImplOpe.ID:
A5: * | E5: ACType :
A6: * | D6: 概要 : | E6: 削除する前のチェックを行う | AD6: ID
A7: # | I7: U | K7: K | L7: K | M7: K | N7: K | O7: K | P7: K | Q7: K | R7: K | S7: K | T7: K | U7: K | V7: K | W7: K | X7: K | Y7: K | Z7: K | AA7: K | AB7: K | AC7: o
A8: # | D8: ブロック名 Block Name | E8: 型 Type | G8: super/share | H8: 対象ブロック名 Target Block Name | K8: REQ_UPD_CNT_CHK | L8: REQUIRED | M8: CHK_NUM | N8: SMALL_LARGE | O8: CHK_DT | P8: BEFORE_AFTER | Q8: CHK_PTN | R8: DUPLICATE | S8: TOO_MANY_INPUTS | T8: AT_LEAST_ONE | U8: ONLY_ONE_INPUT | V8: LIST_LOGIC | W8: LIST_OUT | X8: LIST_OUT_BASE | Y8: LIST_IN | Z8: LIST_IN_BASE | AA8: CONST | AB8: NULL_VAL | AC8: TargetName | AG8: ブロック備考 Block Remarks
A9: # | D9: 項目名 Field Name | E9: 型 Type | F9: 桁 Digits | G9: フルネーム Full Name | H9: 日本語名 Japanese Name | I9: 上り項目 Request Message Field | J9: 下り項目 Response Message Field | AE9: 条件および編集方法 Conditions and Editing Methods | AG9: 項目備考 Field Remarks
A10: # | AC10: 上り項目 Request Message Field | AD10: 下り項目 Response Message Field
A11: 10 | B11: * | D11: CostItmInfoCopy_Chk02_Cnd | E11: R
A12: 10 | D12: err_flg | E12: #MA.FLG | G12: Error | H12: エラー | I12: - | J12: -
A13: 10 | D13: calc_ctg_cd | E13: #MA.CALC_CTG_CD | G13: Calculation category cd. | H13: 計算カテゴリＣＤ | I13: E | J13: - | L13: E | V13: MA.MAUAL0010.CalcCtg
A14: 10 | D14: wg_cd | E14: #MA.WG_CD | G14: WG cd. | H14: ワーキンググループＣＤ | I14: E | J14: - | V14: MA.MAUAL0010.CostWg
A15: 10 | D15: term_fr | E15: #MA.YM | G15: Term FROM | H15: 期ＦＲＯＭ | I15: E | J15: - | L15: E | P15: E1:BF | V15: MA.MAUAL0010.Term
A16: 10 | D16: term_to | E16: #MA.YM | G16: Term TO | H16: 期ＴＯ | I16: E | J16: - | L16: E | P16: E1:AF | V16: MA.MAUAL0010.Term
A17: 10 | D17: cmn_flg | E17: #MA.FLG | G17: Common | H17: 共通 | I17: E | J17: - | U17: E
A18: 10 | D18: wg_flg | E18: #MA.FLG | G18: WG | H18: ワーキンググループ | I18: E | J18: - | U18: E
A19: 10 | D19: dtl_flg | E19: #MA.FLG | G19: Cost item details | H19: 原価品目詳細 | I19: E | J19: - | T19: E
A20: 10 | D20: oper_flg | E20: #MA.FLG | G20: Cost item operation | H20: 原価品目工程 | I20: E | J20: - | T20: E
A21: 10 | D21: bom_flg | E21: #MA.FLG | G21: Cost BOM | H21: 原価ＢＯＭ | I21: E | J21: - | T21: E
A22: 10 | D22: wk_flg | E22: #MA.FLG | G22: Cost item man-hour | H22: 原価品目工数 | I22: E | J22: - | T22: E
A23: 10 | D23: purc_flg | E23: #MA.FLG | G23: Cost item purchase unit price | H23: 原価品目購買単価 | I23: E | J23: - | T23: E
A24: 10 | D24: proc_flg | E24: #MA.FLG | G24: Cost item subcontracting unit price | H24: 原価品目加工単価 | I24: E | J24: - | T24: E
A25: 10 | D25: prov_flg | E25: #MA.FLG | G25: Cost item supply unit price | H25: 原価品目支給単価 | I25: E | J25: - | T25: E
A26: 10 | D26: sls_flg | E26: #MA.FLG | G26: Cost item sales unit price | H26: 原価品目販売単価 | I26: E | J26: - | T26: E
D27: 詳細 :

Sheet CostItmInfoCopy_Upd01
A1: * | B1: * | D1: L | E1: 1
A2: * | D2: オペレーション実装仕様書 Operation Specification Implementation Sheet | E2: ModuleID : | F2: =IF(LogicCommon!C2="","",LogicCommon!C2) -> MG | G2: LogicID : | H2: =IF(LogicCommon!E2="","",LogicCommon!E2) -> MGBDB0020 | I2: Ope.ID : | J2: CostItmInfoCopy_Upd01 | K2: Pj.ID : | L2: =IF(LogicCommon!G2="","",LogicCommon!G2) -> MC | M2: Ope.Body : | N2: "mcframe.serverMAUD.MAUDL5010.MAUDL_Operation"
A3: * | D3: =IF(LogicCommon!A3="","",LogicCommon!A3) | E3: SubModuleID : | F3: =IF(LogicCommon!C3="","",LogicCommon!C3) -> MGBD | G3: LogicClass : | H3: =IF(LogicCommon!E3="","",LogicCommon!E3) -> MGBDL_CostItmInfoCopyBatch | I3: Ope.Method : | J3: @ | K3: SuperClassPj.ID : | L3: =IF(LogicCommon!G3="","",LogicCommon!G3) | O3: Gene.Type : | P3: ALL
A4: * | E4: Version : | F4: 000000 | G4: LogicName : | H4: =IF(LogicCommon!E4="","",LogicCommon!E4) -> 原価品目情報一括取込バッチ | I4: Ope.Name : | J4: 取込 | K4: SuperLogicID : | L4: =IF(LogicCommon!G4="","",LogicCommon!G4) -> MG.MGUDL5010 | M4: ImplOpe.ID:
A5: * | E5: ACType :
A6: * | D6: 概要 : | E6: 取込処理をする | M6: ID | O6: ID | Q6: ID
A7: # | I7: U | K7: K | L7: o | N7: o | P7: o
A8: # | D8: ブロック名 Block Name | E8: 型 Type | G8: super/share | H8: 対象ブロック名 Target Block Name | L8: TargetName | N8: TargetName | P8: TargetName | T8: ブロック備考 Block Remarks
A9: # | D9: 項目名 Field Name | E9: 型 Type | F9: 桁 Digits | G9: フルネーム Full Name | H9: 日本語名 Japanese Name | I9: 上り項目 Request Message Field | J9: 下り項目 Response Message Field | R9: 条件および編集方法 Conditions and Editing Methods | T9: 項目備考 Field Remarks
A10: # | L10: 上り項目 Request Message Field | M10: 下り項目 Response Message Field | N10: 上り項目 Request Message Field | O10: 下り項目 Response Message Field | P10: 上り項目 Request Message Field | Q10: 下り項目 Response Message Field
A11: 10 | B11: * | D11: CostItmInfoCopy_Upd01_Cnd | E11: R | G11: $share$ | H11: MG.MGBDB0020.CostItmInfoCopy_Chk01.CostItmInfoCopy_Chk01_Cnd
A12: 10 | D12: calc_ctg_cd | E12: #MA.CALC_CTG_CD | G12: Calculation category cd. | H12: 計算カテゴリＣＤ | I12: E | J12: -
A13: 10 | D13: wg_cd | E13: #MA.WG_CD | G13: WG cd. | H13: ワーキンググループＣＤ | I13: E | J13: -
A14: 10 | D14: term | E14: #MA.YM | G14: Term | H14: 期 | I14: E | J14: -
A15: 10 | D15: dt | E15: #MA.DT | G15: Date | H15: 対象日 | I15: E | J15: -
A16: 10 | D16: lump_flg | E16: #MA.FLG | G16: Include import | H16: 取込処理も行う | I16: E | J16: -
A17: 10 | D17: cmn_flg | E17: #MA.FLG | G17: Common | H17: 共通 | I17: E | J17: -
A18: 10 | D18: wg_flg | E18: #MA.FLG | G18: WG | H18: ワーキンググループ | I18: E | J18: -
A19: 10 | D19: dtl_flg | E19: #MA.FLG | G19: Cost item details | H19: 原価品目詳細 | I19: E | J19: -
A20: 10 | D20: oper_flg | E20: #MA.FLG | G20: Cost item operation | H20: 原価品目工程 | I20: E | J20: -
A21: 10 | D21: bom_flg | E21: #MA.FLG | G21: Cost BOM | H21: 原価ＢＯＭ | I21: E | J21: -
A22: 10 | D22: wk_flg | E22: #MA.FLG | G22: Cost item man-hour | H22: 原価品目工数 | I22: E | J22: -
A23: 10 | D23: purc_flg | E23: #MA.FLG | G23: Cost item purchase unit price | H23: 原価品目購買単価 | I23: E | J23: -
... A27: 10 | D27: sls_upri_imp_typ | E27: #MA.SLS_UPRI_IMP_TYP | G27: Sales unit price import type | H27: 販売単価取込区分 | I27: E | J27: -
D28: 詳細 :

Sheet CostItmInfoCopy_Del01
A1: * | B1: * | D1: L | E1: 1
A2: * | D2: オペレーション実装仕様書 Operation Specification Implementation Sheet | E2: ModuleID : | F2: =IF(LogicCommon!C2="","",LogicCommon!C2) -> MG | G2: LogicID : | H2: =IF(LogicCommon!E2="","",LogicCommon!E2) -> MGBDB0020 | I2: Ope.ID : | J2: CostItmInfoCopy_Del01 | K2: Pj.ID : | L2: =IF(LogicCommon!G2="","",LogicCommon!G2) -> MC | M2: Ope.Body : | N2: "mcframe.serverMAUD.MAUDL5010.MAUDL_Operation"
A3: * | D3: =IF(LogicCommon!A3="","",LogicCommon!A3) | E3: SubModuleID : | F3: =IF(LogicCommon!C3="","",LogicCommon!C3) -> MGBD | G3: LogicClass : | H3: =IF(LogicCommon!E3="","",LogicCommon!E3) -> MGBDL_CostItmInfoCopyBatch | I3: Ope.Method : | J3: @ | K3: SuperClassPj.ID : | L3: =IF(LogicCommon!G3="","",LogicCommon!G3) | O3: Gene.Type : | P3: ALL
A4: * | E4: Version : | F4: 000000 | G4: LogicName : | H4: =IF(LogicCommon!E4="","",LogicCommon!E4) -> 原価品目情報一括取込バッチ | I4: Ope.Name : | J4: 削除 | K4: SuperLogicID : | L4: =IF(LogicCommon!G4="","",LogicCommon!G4) -> MG.MGUDL5010 | M4: ImplOpe.ID:
A5: * | E5: ACType :
A6: * | D6: 概要 : | E6: 削除処理をする | M6: ID
A7: # | I7: U | K7: K | L7: o
A8: # | D8: ブロック名 Block Name | E8: 型 Type | G8: super/share | H8: 対象ブロック名 Target Block Name | L8: TargetName | P8: ブロック備考 Block Remarks
A9: # | D9: 項目名 Field Name | E9: 型 Type | F9: 桁 Digits | G9: フルネーム Full Name | H9: 日本語名 Japanese Name | I9: 上り項目 Request Message Field | J9: 下り項目 Response Message Field | N9: 条件および編集方法 Conditions and Editing Methods | P9: 項目備考 Field Remarks
A10: # | L10: 上り項目 Request Message Field | M10: 下り項目 Response Message Field
A11: 10 | B11: * | D11: CostItmInfoCopy_Del01_Cnd | E11: R | G11: $share$ | H11: MG.MGBDB0020.CostItmInfoCopy_Chk02.CostItmInfoCopy_Chk02_Cnd
A12: 10 | D12: calc_ctg_cd | E12: #MA.CALC_CTG_CD | G12: Calculation category cd. | H12: 計算カテゴリＣＤ | I12: E | J12: -
A13: 10 | D13: wg_cd | E13: #MA.WG_CD | G13: WG cd. | H13: ワーキンググループＣＤ | I13: E | J13: -
A14: 10 | D14: term_fr | E14: #MA.YM | G14: Term FROM | H14: 期ＦＲＯＭ | I14: E | J14: -
A15: 10 | D15: term_to | E15: #MA.YM | G15: Term TO | H15: 期ＴＯ | I15: E | J15: -
A16: 10 | D16: cmn_flg | E16: #MA.FLG | G16: Common | H16: 共通 | I16: E | J16: -
A17: 10 | D17: wg_flg | E17: #MA.FLG | G17: WG | H17: ワーキンググループ | I17: E | J17: -
A18: 10 | D18: dtl_flg | E18: #MA.FLG | G18: Cost item details | H18: 原価品目詳細 | I18: E | J18: -
A19: 10 | D19: oper_flg | E19: #MA.FLG | G19: Cost item operation | H19: 原価品目工程 | I19: E | J19: -
A20: 10 | D20: bom_flg | E20: #MA.FLG | G20: Cost BOM | H20: 原価ＢＯＭ | I20: E | J20: -
A21: 10 | D21: wk_flg | E21: #MA.FLG | G21: Cost item man-hour | H21: 原価品目工数 | I21: E | J21: -
A22: 10 | D22: purc_flg | E22: #MA.FLG | G22: Cost item purchase unit price | H22: 原価品目購買単価 | I22: E | J22: -
A23: 10 | D23: proc_flg | E23: #MA.FLG | G23: Cost item subcontracting unit price | H23: 原価品目加工単価 | I23: E | J23: -
... A25: 10 | D25: sls_flg | E25: #MA.FLG | G25: Cost item sales unit price | H25: 原価品目販売単価 | I25: E | J25: -
D26: 詳細 :

Sheet 来歴
A1: 変更来歴
A3: Rev. | H3: 修正番号 | O3: 変更内容 | AQ3: 変更箇所
A4: 1 | O4: 初版
A5: 1.1 | O5: 英語の名称を追記 | AQ5: 全般
