Workbook

Sheet LogicCommon
A2: ロジック共通定義 | B2: ModuleID : | C2: MS | D2: LogicID : | E2: MSBIL5010 | F2: Pj.ID : | G2: MC
B3: SubModuleID : | C3: MSBI | D3: LogicClass : | E3: MSBIL_ClService | F3: SuperClassPj.ID :
D4: LogicName : | E4: 締処理提供サービス | F4: SuperLogicID : | G4: MS.MSUDL5010
A5: 概要 :
A6: 詳細 :

Sheet Cl_Chk01
A1: * | B1: * | D1: L | E1: 1
A2: * | D2: オペレーション実装仕様書 Operation Specification Implementation Sheet | E2: ModuleID : | F2: =IF(LogicCommon!C2="","",LogicCommon!C2) -> MS | G2: LogicID : | H2: =IF(LogicCommon!E2="","",LogicCommon!E2) -> MSBIL5010 | I2: Ope.ID : | J2: Cl_Chk01 | K2: Pj.ID : | L2: =IF(LogicCommon!G2="","",LogicCommon!G2) -> MC | M2: Ope.Body : | N2: "mcframe.serverMAUD.MAUDL5010.MAUDL_Operation"
A3: * | E3: SubModuleID : | F3: =IF(LogicCommon!C3="","",LogicCommon!C3) -> MSBI | G3: LogicClass : | H3: =IF(LogicCommon!E3="","",LogicCommon!E3) -> MSBIL_ClService | I3: Ope.Method : | J3: @ | K3: SuperClassPj.ID : | L3: =IF(LogicCommon!G3="","",LogicCommon!G3) | O3: Gene.Type : | P3: ALL
A4: * | E4: Version : | F4: 000000 | G4: LogicName : | H4: =IF(LogicCommon!E4="","",LogicCommon!E4) -> 締処理提供サービス | I4: Ope.Name : | J4: 締処理前チェック | K4: SuperLogicID : | L4: =IF(LogicCommon!G4="","",LogicCommon!G4) -> MS.MSUDL5010 | M4: ImplOpe.ID:
A5: * | E5: ACType :
A6: * | D6: 概要 : | E6: 締処理前チェックを行う | M6: ID | O6: ID
A7: # | I7: U | K7: K | L7: o | N7: o
A8: # | D8: ブロック名 Block Name | E8: 型 Type | G8: super/share | H8: 対象ブロック名 Target Block Name | L8: TargetName | N8: TargetName | R8: ブロック備考 Block Remarks
A9: # | D9: 項目名 Field Name | E9: 型 Type | F9: 桁 Digits | G9: フルネーム Full Name | H9: 日本語名 Japanese Name | I9: 上り項目 Request Message Field | J9: 下り項目 Response Message Field | P9: 条件および編集方法 Conditions and Editing Methods | R9: 項目備考 Field Remarks
A10: # | L10: 上り項目 Request Message Field | M10: 下り項目 Response Message Field | N10: 上り項目 Request Message Field | O10: 下り項目 Response Message Field
A11: 10 | B11: * | D11: Cl_Chk01_Hdr | E11: R
A12: 10 | D12: ym | E12: #MA.YM | G12: Fiscal month | H12: 年月度 | I12: E | J12: E
A13: 10 | D13: cl_flg | E13: #MA.FLG | G13: Final closing | H13: 本締 | I13: E | J13: E
A14: 10 | D14: rel_cl_flg | E14: #MA.FLG | G14: Release final closing | H14: 本締解除 | I14: E | J14: E
A15: 10 | D15: pre_cl_flg | E15: #MA.FLG | G15: Temporary closing | H15: 仮締 | I15: E | J15: E
A16: 10 | D16: rel_pre_cl_flg | E16: #MA.FLG | G16: Release temporary closing | H16: 仮締解除 | I16: E | J16: E
A17: 10 | D17: sls_cl_flg | E17: #MA.FLG | G17: Sales closing | H17: 売上締 | I17: E | J17: E
A18: 10 | D18: rcv_cl_flg | E18: #MA.FLG | G18: Payment received closing | H18: 入金締 | I18: E | J18: E
A19: 10 | D19: purc_cl_flg | E19: #MA.FLG | G19: Purchase closing | H19: 仕入締 | I19: E | J19: E
A20: 10 | D20: pay_cl_flg | E20: #MA.FLG | G20: Payment closing | H20: 支払締 | I20: E | J20: E
A21: 10 | D21: stk_cl_flg | E21: #MA.FLG | G21: Inventory closing | H21: 在庫締 | I21: E | J21: E
A22: 10 | D22: ar_pre_cl_flg | E22: #MA.FLG | G22: AR temporary closing | H22: 売掛仮締 | I22: E | J22: E
A23: 10 | D23: ap_pre_cl_flg | E23: #MA.FLG | G23: AP temporarily closing | H23: 買掛仮締 | I23: E | J23: E
... A51: 10 | D51: ap_pre_cl_usr_nm | E51: #MA.USR_NM | G51: AP temporarily closing PIC name | H51: 買掛仮締担当者名 | I51: - | J51: -
A53: 20 | B53: * | D53: Cl_Chk01_Ar | E53: L
A54: 20 | D54: peg_no | E54: #MA.INT | G54: Pegging No. | H54: 紐付けＮＯ | I54: E | J54: -
A55: 20 | D55: acst_cd | E55: #MA.BP_CD | G55: AR customer cd. | H55: 売掛先ＣＤ | I55: E | J55: -
A56: 20 | D56: pre_cl_tm | E56: #MA.TM | G56: Temporary closing execution date and time | H56: 仮締実行日時 | I56: - | J56: -
A58: 30 | B58: * | D58: Cl_Chk01_Ap | E58: L
A59: 30 | D59: peg_no | E59: #MA.INT | G59: Pegging No. | H59: 紐付けＮＯ | I59: E | J59: -
A60: 30 | D60: asppl_cd | E60: #MA.BP_CD | G60: AP supplier cd. | H60: 買掛先ＣＤ | I60: E | J60: -
A61: 30 | D61: pre_cl_tm | E61: #MA.TM | G61: Temporary closing execution date and time | H61: 仮締実行日時 | I61: - | J61: -
D62: 詳細 :

Sheet Cl_Chk03
A1: * | B1: * | D1: L | E1: 1
A2: * | D2: オペレーション実装仕様書 Operation Specification Implementation Sheet | E2: ModuleID : | F2: =IF(LogicCommon!C2="","",LogicCommon!C2) -> MS | G2: LogicID : | H2: =IF(LogicCommon!E2="","",LogicCommon!E2) -> MSBIL5010 | I2: Ope.ID : | J2: Cl_Chk03 | K2: Pj.ID : | L2: =IF(LogicCommon!G2="","",LogicCommon!G2) -> MC | M2: Ope.Body : | N2: "mcframe.serverMAUD.MAUDL5010.MAUDL_Operation"
A3: * | E3: SubModuleID : | F3: =IF(LogicCommon!C3="","",LogicCommon!C3) -> MSBI | G3: LogicClass : | H3: =IF(LogicCommon!E3="","",LogicCommon!E3) -> MSBIL_ClService | I3: Ope.Method : | J3: @ | K3: SuperClassPj.ID : | L3: =IF(LogicCommon!G3="","",LogicCommon!G3) | O3: Gene.Type : | P3: ALL
A4: * | E4: Version : | F4: 000000 | G4: LogicName : | H4: =IF(LogicCommon!E4="","",LogicCommon!E4) -> 締処理提供サービス | I4: Ope.Name : | J4: 締日チェック | K4: SuperLogicID : | L4: =IF(LogicCommon!G4="","",LogicCommon!G4) -> MS.MSUDL5010 | M4: ImplOpe.ID:
A5: * | E5: ACType :
A6: * | D6: 概要 : | E6: 売上、入金、支払、仕入、在庫のどの締チェックを行うか指定して締日チェックを行う。 | M6: ID | O6: ID
A7: # | I7: U | K7: K | L7: o | N7: o
A8: # | D8: ブロック名 Block Name | E8: 型 Type | G8: super/share | H8: 対象ブロック名 Target Block Name | L8: TargetName | N8: TargetName | R8: ブロック備考 Block Remarks
A9: # | D9: 項目名 Field Name | E9: 型 Type | F9: 桁 Digits | G9: フルネーム Full Name | H9: 日本語名 Japanese Name | I9: 上り項目 Request Message Field | J9: 下り項目 Response Message Field | P9: 条件および編集方法 Conditions and Editing Methods | R9: 項目備考 Field Remarks
A10: # | L10: 上り項目 Request Message Field | M10: 下り項目 Response Message Field | N10: 上り項目 Request Message Field | O10: 下り項目 Response Message Field
A11: 10 | B11: * | D11: Cl_Chk03_Cnd | E11: L
A12: 10 | D12: peg_no | E12: #MA.INT | G12: Pegging No. | H12: 紐付けＮＯ | I12: E | J12: E
A13: 10 | D13: ac_dt | E13: #MA.DT | G13: Recording date | H13: 計上日 | I13: E | J13: E
A14: 10 | D14: can_ac_dt | E14: #MA.DT | G14: Cancellation recording date | H14: 取消計上日 | I14: E | J14: E
A15: 10 | D15: sls_cls_chk_flg | E15: #MA.FLG | G15: Check sales closing | H15: 売上締チェック | I15: E | J15: E
A16: 10 | D16: rcv_cls_chk_flg | E16: #MA.FLG | G16: Check for payment received closing | H16: 入金締チェック | I16: E | J16: E
A17: 10 | D17: purc_cls_chk_flg | E17: #MA.FLG | G17: Purchase closing check | H17: 仕入締チェック | I17: E | J17: E
A18: 10 | D18: pay_cls_chk_flg | E18: #MA.FLG | G18: Payment closing check | H18: 支払締チェック | I18: E | J18: E
A19: 10 | D19: stk_cls_chk_flg | E19: #MA.FLG | G19: Inventory closing check | H19: 在庫締チェック | I19: E | J19: E
A20: 10 | D20: io_lmt_skip_flg | E20: #MA.FLG | G20: No GR/GI restriction needed | H20: 入出庫制限不要 | I20: E | J20: E
A21: 10 | D21: bp_cd | E21: #MA.BP_CD | G21: BP cd. | H21: 取引先ＣＤ | I21: E | J21: E
A22: 10 | D22: loc_cd | E22: #MA.LOC_CD | G22: Location cd. | H22: 場所ＣＤ | I22: E | J22: E
A23: 10 | D23: itm_cd | E23: #MA.ITM_CD | G23: Item cd. | H23: 品目ＣＤ | I23: E | J23: E
... A33: 10 | D33: err_flg | E33: #MA.FLG | G33: Error | H33: エラー | I33: - | J33: E
A35: 20 | B35: * | D35: Cl_Chk03_CndHdr | E35: R
A36: 20 | D36: no_msg_flg | E36: #MA.FLG | G36: No message | H36: メッセージ無 | I36: E | J36: -
A38: 30 | B38: * | D38: Cl_Chk03_CndBp | E38: L
A39: 30 | D39: bp_cd | E39: #MA.BP_CD | G39: BP cd. | H39: 取引先ＣＤ | I39: E | J39: E
A40: 30 | D40: old_bp_cd | E40: #MA.BP_CD | G40: BP cd. before change | H40: 変更前取引先ＣＤ | I40: E | J40: E
D41: 詳細 :

Sheet Cl_Upd01
A1: * | B1: * | D1: L | E1: 1
A2: * | D2: オペレーション実装仕様書 Operation Specification Implementation Sheet | E2: ModuleID : | F2: =IF(LogicCommon!C2="","",LogicCommon!C2) -> MS | G2: LogicID : | H2: =IF(LogicCommon!E2="","",LogicCommon!E2) -> MSBIL5010 | I2: Ope.ID : | J2: Cl_Upd01 | K2: Pj.ID : | L2: =IF(LogicCommon!G2="","",LogicCommon!G2) -> MC | M2: Ope.Body : | N2: "mcframe.serverMAUD.MAUDL5010.MAUDL_Operation"
A3: * | E3: SubModuleID : | F3: =IF(LogicCommon!C3="","",LogicCommon!C3) -> MSBI | G3: LogicClass : | H3: =IF(LogicCommon!E3="","",LogicCommon!E3) -> MSBIL_ClService | I3: Ope.Method : | J3: @ | K3: SuperClassPj.ID : | L3: =IF(LogicCommon!G3="","",LogicCommon!G3) | O3: Gene.Type : | P3: ALL
A4: * | E4: Version : | F4: 000000 | G4: LogicName : | H4: =IF(LogicCommon!E4="","",LogicCommon!E4) -> 締処理提供サービス | I4: Ope.Name : | J4: 締処理 | K4: SuperLogicID : | L4: =IF(LogicCommon!G4="","",LogicCommon!G4) -> MS.MSUDL5010 | M4: ImplOpe.ID:
A5: * | E5: ACType :
A6: * | D6: 概要 : | E6: 締処理を行う | L6: ID | N6: ID | P6: ID
A7: # | I7: U | K7: o | M7: o | O7: o
A8: # | D8: ブロック名 Block Name | E8: 型 Type | G8: super/share | H8: 対象ブロック名 Target Block Name | K8: TargetName | M8: TargetName | O8: TargetName | S8: ブロック備考 Block Remarks
A9: # | D9: 項目名 Field Name | E9: 型 Type | F9: 桁 Digits | G9: フルネーム Full Name | H9: 日本語名 Japanese Name | I9: 上り項目 Request Message Field | J9: 下り項目 Response Message Field | Q9: 条件および編集方法 Conditions and Editing Methods | S9: 項目備考 Field Remarks
A10: # | K10: 上り項目 Request Message Field | L10: 下り項目 Response Message Field | M10: 上り項目 Request Message Field | N10: 下り項目 Response Message Field | O10: 上り項目 Request Message Field | P10: 下り項目 Response Message Field
A11: 10 | B11: * | D11: Cl_Upd01_Hdr | E11: R | G11: $share$ | H11: MS.MSBIL5010.Cl_Chk01.Cl_Chk01_Hdr
A12: 10 | D12: ym | E12: #MA.YM | G12: Fiscal month | H12: 年月度 | I12: E | J12: -
A13: 10 | D13: cl_flg | E13: #MA.FLG | G13: Final closing | H13: 本締 | I13: E | J13: -
A14: 10 | D14: rel_cl_flg | E14: #MA.FLG | G14: Release final closing | H14: 本締解除 | I14: E | J14: -
A15: 10 | D15: pre_cl_flg | E15: #MA.FLG | G15: Temporary closing | H15: 仮締 | I15: E | J15: -
A16: 10 | D16: rel_pre_cl_flg | E16: #MA.FLG | G16: Release temporary closing | H16: 仮締解除 | I16: E | J16: -
A17: 10 | D17: sls_cl_flg | E17: #MA.FLG | G17: Sales closing | H17: 売上締 | I17: E | J17: -
A18: 10 | D18: rcv_cl_flg | E18: #MA.FLG | G18: Payment received closing | H18: 入金締 | I18: E | J18: -
A19: 10 | D19: purc_cl_flg | E19: #MA.FLG | G19: Purchase closing | H19: 仕入締 | I19: E | J19: -
A20: 10 | D20: pay_cl_flg | E20: #MA.FLG | G20: Payment closing | H20: 支払締 | I20: E | J20: -
A21: 10 | D21: stk_cl_flg | E21: #MA.FLG | G21: Inventory closing | H21: 在庫締 | I21: E | J21: -
A22: 10 | D22: ar_pre_cl_flg | E22: #MA.FLG | G22: AR temporary closing | H22: 売掛仮締 | I22: E | J22: -
A23: 10 | D23: ap_pre_cl_flg | E23: #MA.FLG | G23: AP temporarily closing | H23: 買掛仮締 | I23: E | J23: -
... A51: 10 | D51: ap_pre_cl_usr_nm | E51: #MA.USR_NM | G51: AP temporarily closing PIC name | H51: 買掛仮締担当者名 | I51: - | J51: E
A53: 20 | B53: * | D53: Cl_Upd01_Ar | E53: L | G53: $share$ | H53: MS.MSBIL5010.Cl_Chk01.Cl_Chk01_Ar
A54: 20 | D54: peg_no | E54: #MA.INT | G54: Pegging No. | H54: 紐付けＮＯ | I54: E | J54: E
A55: 20 | D55: acst_cd | E55: #MA.BP_CD | G55: AR customer cd. | H55: 売掛先ＣＤ | I55: E | J55: -
A56: 20 | D56: pre_cl_tm | E56: #MA.TM | G56: Temporary closing execution date and time | H56: 仮締実行日時 | I56: - | J56: E
A58: 30 | B58: * | D58: StkXfrAct_Ins01_DtlDown | E58: L | G58: $share$ | H58: MS.MSBIL5010.Cl_Chk01.Cl_Chk01_Ap
A59: 30 | D59: peg_no | E59: #MA.INT | G59: Pegging No. | H59: 紐付けＮＯ | I59: E | J59: E
A60: 30 | D60: asppl_cd | E60: #MA.BP_CD | G60: AP supplier cd. | H60: 買掛先ＣＤ | I60: E | J60: -
A61: 30 | D61: pre_cl_tm | E61: #MA.TM | G61: Temporary closing execution date and time | H61: 仮締実行日時 | I61: - | J61: E
D62: 詳細 :

Sheet Cl_Srch01
A1: * | B1: * | D1: L | E1: 1
A2: * | D2: オペレーション実装仕様書 Operation Specification Implementation Sheet | E2: ModuleID : | F2: =IF(LogicCommon!C2="","",LogicCommon!C2) -> MS | G2: LogicID : | H2: =IF(LogicCommon!E2="","",LogicCommon!E2) -> MSBIL5010 | I2: Ope.ID : | J2: Cl_Srch01 | K2: Pj.ID : | L2: =IF(LogicCommon!G2="","",LogicCommon!G2) -> MC | M2: Ope.Body : | N2: "mcframe.serverMAUD.MAUDL5010.MAUDL_Searcher"
A3: * | E3: SubModuleID : | F3: =IF(LogicCommon!C3="","",LogicCommon!C3) -> MSBI | G3: LogicClass : | H3: =IF(LogicCommon!E3="","",LogicCommon!E3) -> MSBIL_ClService | I3: Ope.Method : | J3: @ | K3: SuperClassPj.ID : | L3: =IF(LogicCommon!G3="","",LogicCommon!G3) | O3: Gene.Type : | P3: ALL
A4: * | E4: Version : | F4: 000000 | G4: LogicName : | H4: =IF(LogicCommon!E4="","",LogicCommon!E4) -> 締処理提供サービス | I4: Ope.Name : | J4: 本日締処理対象取得 | K4: SuperLogicID : | L4: =IF(LogicCommon!G4="","",LogicCommon!G4) -> MS.MSUDL5010 | M4: ImplOpe.ID:
A5: * | E5: ACType :
A6: * | D6: 概要 : | E6: 本日締処理対象を取得する | L6: ID | N6: ID | P6: ID
A7: # | I7: U | K7: o | M7: o | O7: o
A8: # | D8: ブロック名 Block Name | E8: 型 Type | G8: super/share | H8: 対象ブロック名 Target Block Name | K8: TargetName | M8: TargetName | O8: TargetName | S8: ブロック備考 Block Remarks
A9: # | D9: 項目名 Field Name | E9: 型 Type | F9: 桁 Digits | G9: フルネーム Full Name | H9: 日本語名 Japanese Name | I9: 上り項目 Request Message Field | J9: 下り項目 Response Message Field | Q9: 条件および編集方法 Conditions and Editing Methods | S9: 項目備考 Field Remarks
A10: # | K10: 上り項目 Request Message Field | L10: 下り項目 Response Message Field | M10: 上り項目 Request Message Field | N10: 下り項目 Response Message Field | O10: 上り項目 Request Message Field | P10: 下り項目 Response Message Field
A11: 10 | B11: * | D11: Cl_Srch01_Rslt | E11: R
A12: 10 | D12: ym | E12: #MA.YM | G12: Fiscal month | H12: 年月度 | I12: - | J12: -
A13: 10 | D13: cl_flg | E13: #MA.FLG | G13: Final closing | H13: 本締 | I13: - | J13: -
A14: 10 | D14: rel_cl_flg | E14: #MA.FLG | G14: Release final closing | H14: 本締解除 | I14: - | J14: -
A15: 10 | D15: pre_cl_flg | E15: #MA.FLG | G15: Temporary closing | H15: 仮締 | I15: - | J15: -
A16: 10 | D16: rel_pre_cl_flg | E16: #MA.FLG | G16: Release temporary closing | H16: 仮締解除 | I16: - | J16: -
A17: 10 | D17: sls_cl_flg | E17: #MA.FLG | G17: Sales closing | H17: 売上締 | I17: - | J17: E
A18: 10 | D18: rcv_cl_flg | E18: #MA.FLG | G18: Payment received closing | H18: 入金締 | I18: - | J18: E
A19: 10 | D19: purc_cl_flg | E19: #MA.FLG | G19: Purchase closing | H19: 仕入締 | I19: - | J19: E
A20: 10 | D20: pay_cl_flg | E20: #MA.FLG | G20: Payment closing | H20: 支払締 | I20: - | J20: E
A21: 10 | D21: stk_cl_flg | E21: #MA.FLG | G21: Inventory closing | H21: 在庫締 | I21: - | J21: E
A22: 10 | D22: sls_cl_ym | E22: #MA.YM | G22: Sales closing month | H22: 売上締年月 | I22: - | J22: E
A23: 10 | D23: rcv_cl_ym | E23: #MA.YM | G23: Payment received closing month | H23: 入金締年月 | I23: - | J23: E
... A26: 10 | D26: stk_cl_ym | E26: #MA.YM | G26: Inventory closing month | H26: 在庫締年月 | I26: - | J26: E
D27: 詳細 :

Sheet 来歴
A1: 変更来歴
A3: Rev. | H3: 修正番号 | O3: 変更内容 | AQ3: 変更箇所
A4: 1 | O4: 初版
A5: 1.1 | O5: 英語の名称を追記 | AQ5: 全般
