Workbook

Sheet LogicCommon
A2: オペレーション実装仕様書 | B2: ModuleID : | C2: MS | D2: LogicID : | E2: MSBCL5050 | F2: Pj.ID : | G2: MC
B3: SubModuleID : | C3: MSBC | D3: LogicClass : | E3: MSBCL_MrpExecService | F3: SuperClassPj.ID :
D4: LogicName : | E4: 所要量計算サービス | F4: SuperLogicID : | G4: MS.MSUDL5010
A5: 概要 :
A6: 詳細 :

Sheet MRP_Upd01
A1: * | B1: * | D1: L | E1: 1
A2: * | D2: オペレーション実装仕様書 Operation Specification Implementation Sheet | E2: ModuleID : | F2: =IF(LogicCommon!C2="","",LogicCommon!C2) -> MS | G2: LogicID : | H2: =IF(LogicCommon!E2="","",LogicCommon!E2) -> MSBCL5050 | I2: Ope.ID : | J2: MRP_Upd01 | K2: Pj.ID : | L2: =IF(LogicCommon!G2="","",LogicCommon!G2) -> MC | M2: Ope.Body : | N2: "mcframe.serverMAUD.MAUDL5010.MAUDL_Operation"
A3: * | D3: =IF(LogicCommon!A3="","",LogicCommon!A3) | E3: SubModuleID : | F3: =IF(LogicCommon!C3="","",LogicCommon!C3) -> MSBC | G3: LogicClass : | H3: =IF(LogicCommon!E3="","",LogicCommon!E3) -> MSBCL_MrpExecService | I3: Ope.Method : | J3: MRP_Upd01 | K3: SuperClassPj.ID : | L3: =IF(LogicCommon!G3="","",LogicCommon!G3) | O3: Gene.Type : | P3: ALL
A4: * | E4: Version : | F4: 000000 | G4: LogicName : | H4: =IF(LogicCommon!E4="","",LogicCommon!E4) -> 所要量計算サービス | I4: Ope.Name : | J4: 所要量計算サービス | K4: SuperLogicID : | L4: =IF(LogicCommon!G4="","",LogicCommon!G4) -> MS.MSUDL5010 | M4: ImplOpe.ID:
A5: * | E5: ACType :
A6: * | D6: 概要 : | E6: 所要量計算を実行する処理です。 | M6: ID | O6: ID | Q6: ID
A7: # | I7: U | K7: K | L7: o | N7: o | P7: o
A8: # | D8: ブロック名 Block Name | E8: 型 Type | G8: super/share | H8: 対象ブロック名 Target Block Name | L8: TargetName | N8: TargetName | P8: TargetName | T8: ブロック備考 Block Remarks
A9: # | D9: 項目名 Field Name | E9: 型 Type | F9: 桁 Digits | G9: フルネーム Full Name | H9: 日本語名 Japanese Name | I9: 上り項目 Request Message Field | J9: 下り項目 Response Message Field | R9: 条件および編集方法 Conditions and Editing Methods | T9: 項目備考 Field Remarks
A10: # | L10: 上り項目 Request Message Field | M10: 下り項目 Response Message Field | N10: 上り項目 Request Message Field | O10: 下り項目 Response Message Field | P10: 上り項目 Request Message Field | Q10: 下り項目 Response Message Field
A11: 10 | B11: * | D11: Mrp_Upd01_Dtl | E11: L
A12: 10 | D12: err_flg | E12: #MA.FLG | G12: Error | H12: エラー | I12: - | J12: -
A13: 10 | D13: mrp_typ | E13: #MS.MRP_TYP | G13: MRP type | H13: ＭＲＰ区分 | I13: E | J13: E
A14: 10 | D14: wg_cd | E14: #MA.WG_CD | G14: WG cd. | H14: ワーキンググループＣＤ | I14: E | J14: E
A15: 10 | D15: gi_schd_fr | E15: #MA.DT | G15: GI schedule FROM | H15: 出庫予定ＦＲＯＭ | I15: E | J15: -
A16: 10 | D16: irqmt_fr | E16: #MA.DT | G16: Independent requirement FROM | H16: 独立所要ＦＲＯＭ | I16: E | J16: -
A17: 10 | D17: sim_mrp_no | E17: #MA.SIM_MRP_NO | G17: Simulation No. | H17: シミュレーションＮＯ | I17: E | J17: E
A18: 10 | D18: sim_mrp_typ | E18: #MS.SIM_MRP_TYP | G18: Simulation MRP type | H18: シミュレーションＭＲＰ区分 | I18: E | J18: E
A19: 10 | D19: mrp_proc_dt | E19: #MA.DT | G19: MRP run date | H19: ＭＲＰ実行日 | I19: - | J19: -
A20: 10 | D20: sch_flg | E20: #MA.FLG | G20: Scheduler | H20: スケジューラ | I20: E | J20: -
A21: 10 | D21: mrp_calc_no | E21: #MA.MRP_CALC_NO | G21: MRP calculation No. | H21: ＭＲＰ計算ＮＯ | I21: - | J21: E
A22: 10 | D22: tree_lvl | E22: #MA.TREE_LVL | G22: Hierarchy | H22: 階層 | I22: - | J22: -
D23: 詳細 :

Sheet MRP_Upd02
A1: * | B1: * | D1: L | E1: 1
A2: * | D2: オペレーション実装仕様書 Operation Specification Implementation Sheet | E2: ModuleID : | F2: =IF(LogicCommon!C2="","",LogicCommon!C2) -> MS | G2: LogicID : | H2: =IF(LogicCommon!E2="","",LogicCommon!E2) -> MSBCL5050 | I2: Ope.ID : | J2: MRP_Upd02 | K2: Pj.ID : | L2: =IF(LogicCommon!G2="","",LogicCommon!G2) -> MC | M2: Ope.Body : | N2: "mcframe.serverMAUD.MAUDL5010.MAUDL_Operation"
A3: * | D3: =IF(LogicCommon!A3="","",LogicCommon!A3) | E3: SubModuleID : | F3: =IF(LogicCommon!C3="","",LogicCommon!C3) -> MSBC | G3: LogicClass : | H3: =IF(LogicCommon!E3="","",LogicCommon!E3) -> MSBCL_MrpExecService | I3: Ope.Method : | J3: MRP_Upd02 | K3: SuperClassPj.ID : | L3: =IF(LogicCommon!G3="","",LogicCommon!G3) | O3: Gene.Type : | P3: ALL
A4: * | E4: Version : | F4: 000000 | G4: LogicName : | H4: =IF(LogicCommon!E4="","",LogicCommon!E4) -> 所要量計算サービス | I4: Ope.Name : | J4: 納期回答用後処理 | K4: SuperLogicID : | L4: =IF(LogicCommon!G4="","",LogicCommon!G4) -> MS.MSUDL5010 | M4: ImplOpe.ID:
A5: * | E5: ACType :
A6: * | D6: 概要 : | E6: 納期回答用シミュレーションＭＲＰ後処理です。 | M6: ID | O6: ID | Q6: ID
A7: # | I7: U | K7: K | L7: o | N7: o | P7: o
A8: # | D8: ブロック名 Block Name | E8: 型 Type | G8: super/share | H8: 対象ブロック名 Target Block Name | L8: TargetName | N8: TargetName | P8: TargetName | T8: ブロック備考 Block Remarks
A9: # | D9: 項目名 Field Name | E9: 型 Type | F9: 桁 Digits | G9: フルネーム Full Name | H9: 日本語名 Japanese Name | I9: 上り項目 Request Message Field | J9: 下り項目 Response Message Field | R9: 条件および編集方法 Conditions and Editing Methods | T9: 項目備考 Field Remarks
A10: # | L10: 上り項目 Request Message Field | M10: 下り項目 Response Message Field | N10: 上り項目 Request Message Field | O10: 下り項目 Response Message Field | P10: 上り項目 Request Message Field | Q10: 下り項目 Response Message Field
A11: 10 | B11: * | D11: Mrp_Upd02_Dtl | E11: R | G11: $share$ | H11: MS.MSBCL5050.MRP_Upd01.Mrp_Upd01_Dtl
A12: 10 | D12: err_flg | E12: #MA.FLG | G12: Error | H12: エラー | I12: - | J12: -
A13: 10 | D13: mrp_typ | E13: #MS.MRP_TYP | G13: MRP type | H13: ＭＲＰ区分 | I13: - | J13: -
A14: 10 | D14: wg_cd | E14: #MA.WG_CD | G14: WG cd. | H14: ワーキンググループＣＤ | I14: E | J14: E
A15: 10 | D15: gi_schd_fr | E15: #MA.DT | G15: GI schedule FROM | H15: 出庫予定ＦＲＯＭ | I15: - | J15: -
A16: 10 | D16: irqmt_fr | E16: #MA.DT | G16: Independent requirement FROM | H16: 独立所要ＦＲＯＭ | I16: - | J16: -
A17: 10 | D17: sim_mrp_no | E17: #MA.SIM_MRP_NO | G17: Simulation No. | H17: シミュレーションＮＯ | I17: E | J17: E
A18: 10 | D18: sim_mrp_typ | E18: #MS.SIM_MRP_TYP | G18: Simulation MRP type | H18: シミュレーションＭＲＰ区分 | I18: - | J18: -
A19: 10 | D19: mrp_proc_dt | E19: #MA.DT | G19: MRP run date | H19: ＭＲＰ実行日 | I19: - | J19: -
A20: 10 | D20: sch_flg | E20: #MA.FLG | G20: Scheduler | H20: スケジューラ | I20: - | J20: -
A21: 10 | D21: mrp_calc_no | E21: #MA.MRP_CALC_NO | G21: MRP calculation No. | H21: ＭＲＰ計算ＮＯ | I21: - | J21: -
A22: 10 | D22: tree_lvl | E22: #MA.TREE_LVL | G22: Hierarchy | H22: 階層 | I22: E | J22: -
D23: 詳細 :

Sheet MRP_Upd03
A1: * | B1: * | D1: L | E1: 1
A2: * | D2: オペレーション実装仕様書 Operation Specification Implementation Sheet | E2: ModuleID : | F2: =IF(LogicCommon!C2="","",LogicCommon!C2) -> MS | G2: LogicID : | H2: =IF(LogicCommon!E2="","",LogicCommon!E2) -> MSBCL5050 | I2: Ope.ID : | J2: MRP_Upd03 | K2: Pj.ID : | L2: =IF(LogicCommon!G2="","",LogicCommon!G2) -> MC | M2: Ope.Body : | N2: "mcframe.serverMAUD.MAUDL5010.MAUDL_Operation"
A3: * | D3: =IF(LogicCommon!A3="","",LogicCommon!A3) | E3: SubModuleID : | F3: =IF(LogicCommon!C3="","",LogicCommon!C3) -> MSBC | G3: LogicClass : | H3: =IF(LogicCommon!E3="","",LogicCommon!E3) -> MSBCL_MrpExecService | I3: Ope.Method : | J3: MRP_Upd03 | K3: SuperClassPj.ID : | L3: =IF(LogicCommon!G3="","",LogicCommon!G3) | O3: Gene.Type : | P3: ALL
A4: * | E4: Version : | F4: 000000 | G4: LogicName : | H4: =IF(LogicCommon!E4="","",LogicCommon!E4) -> 所要量計算サービス | I4: Ope.Name : | J4: 納期回答用シミュレーション結果登録 | K4: SuperLogicID : | L4: =IF(LogicCommon!G4="","",LogicCommon!G4) -> MS.MSUDL5010 | M4: ImplOpe.ID:
A5: * | E5: ACType :
A6: * | D6: 概要 : | E6: 納期回答用シミュレーション結果登録 | M6: ID | O6: ID | Q6: ID
A7: # | I7: U | K7: K | L7: o | N7: o | P7: o
A8: # | D8: ブロック名 Block Name | E8: 型 Type | G8: super/share | H8: 対象ブロック名 Target Block Name | L8: TargetName | N8: TargetName | P8: TargetName | T8: ブロック備考 Block Remarks
A9: # | D9: 項目名 Field Name | E9: 型 Type | F9: 桁 Digits | G9: フルネーム Full Name | H9: 日本語名 Japanese Name | I9: 上り項目 Request Message Field | J9: 下り項目 Response Message Field | R9: 条件および編集方法 Conditions and Editing Methods | T9: 項目備考 Field Remarks
A10: # | L10: 上り項目 Request Message Field | M10: 下り項目 Response Message Field | N10: 上り項目 Request Message Field | O10: 下り項目 Response Message Field | P10: 上り項目 Request Message Field | Q10: 下り項目 Response Message Field
A11: 10 | B11: * | D11: Mrp_Upd03_Dtl | E11: L
A12: 10 | D12: rqmt_no | E12: #MA.RQMT_NO | G12: Requirements No. | H12: 所要ＮＯ | I12: E | J12: -
A13: 10 | D13: sim_mrp_no | E13: #MA.SIM_MRP_NO | G13: Simulation No. | H13: シミュレーションＮＯ | I13: E | J13: -
A14: 10 | D14: tree_lvl | E14: #MA.TREE_LVL | G14: Hierarchy | H14: 階層 | I14: E | J14: -
A15: 10 | D15: wg_cd | E15: #MA.WG_CD | G15: WG cd. | H15: ワーキンググループＣＤ | I15: E | J15: -
A16: 10 | D16: wg_rqst_typ | E16: #WG_RQST_TYP | G16: Inventory request from other WG classification type | H16: ＷＧ間依頼種類区分 | I16: E | J16: -
A17: 10 | D17: wg_rqst_no | E17: #MA.WG_RQST_NO | G17: No. of inventory request from other WG | H17: ＷＧ間依頼ＮＯ | I17: E | J17: -
A18: 10 | D18: slo_d_no | E18: #MA.SLO_D_NO | G18: Sales order details No. | H18: 受注明細ＮＯ | I18: E
A19: 10 | D19: io_schd_no | E19: #MA.IO_SCHD_NO | G19: GR/GI schedule No. | H19: 受払予定ＮＯ | I19: E | J19: -
A20: 10 | D20: io_schd_typ | E20: #MS.IO_SCHD_TYP | G20: GR/GI schedule type | H20: 受払予定区分 | I20: E | J20: -
A21: 10 | D21: io_schd_sts_typ | E21: #MS.IO_SCHD_STS_TYP | G21: GR/GI schedule status type | H21: 受払予定状況区分 | I21: E
A23: 20 | B23: * | D23: Mrp_Upd03_Rslt | E23: L
A24: 20 | D24: root_id | E24: #MA.ITM_ORD_NO | G24: Route ID | H24: ルートＩＤ | I24: - | J24: -
A25: 20 | D25: sort_no | E25: #MA.INT | G25: Sort order | H25: ソート順 | I25: - | J25: -
A26: 20 | D26: hrrchy | E26: #MA.TREE_LVL | G26: Hierarchy | H26: 階層 | I26: - | J26: -
A27: 20 | D27: itm_ord_no | E27: #MA.ITM_ORD_NO | G27: Item order No. | H27: 品目オーダＮＯ | I27: - | J27: -
A28: 20 | D28: io_schd_pr_no | E28: #MA.IO_SCHD_PR_NO | G28: GR/GI progress management No. | H28: 受払進捗管理ＮＯ | I28: - | J28: -
A29: 20 | D29: lot_no | E29: #MA.LOT_NO | G29: Lot No. | H29: ロットＮＯ | I29: - | J29: -
A30: 20 | D30: sublot_no | E30: #MA.SUBLOT_NO | G30: Sublot No. | H30: サブロットＮＯ | I30: - | J30: -
A31: 20 | D31: wg_cd | E31: #MA.WG_CD | G31: WG cd. | H31: ワーキンググループＣＤ | I31: - | J31: -
A32: 20 | D32: itm_ord_typ | E32: #MA.ITM_ORD_NO | G32: Item order type | H32: 品目オーダ区分 | I32: - | J32: -
A33: 20 | D33: po_schd_dt | E33: #MA.DT | G33: Scheduled PO date | H33: 発注予定日 | I33: - | J33: -
A34: 20 | D34: mfg_st_schd_dt | E34: #MA.DT | G34: Scheduled mfg. start date | H34: 製造開始予定日 | I34: - | J34: -
A35: 20 | D35: gi_schd_dt | E35: #MA.DT | G35: Scheduled GI date | H35: 出庫予定日 | I35: - | J35: -
D36: 詳細 :

Sheet 来歴
A1: 変更来歴
A3: Rev. | H3: 修正番号 | O3: 変更内容 | AQ3: 変更箇所
A4: 1 | O4: 初版
A5: 1.1 | O5: 英語の名称を追記 | AQ5: 全般
