Workbook

Sheet LogicCommon
A2: オペレーション実装仕様書 | B2: ModuleID : | C2: MS | D2: LogicID : | E2: MSBGL5180 | F2: Pj.ID : | G2: MC
B3: SubModuleID : | C3: MSBG | D3: LogicClass : | E3: MSBGL_RcvRegService | F3: SuperClassPj.ID :
D4: LogicName : | E4: 入金登録サービス | F4: SuperLogicID : | G4: MS.MSUDL5010
A5: 概要 : | B5: 入金を登録する
A6: 詳細 :

Sheet Rcv_Chk01
A1: * | B1: * | D1: L | E1: 1
A2: * | D2: オペレーション実装仕様書 Operation Specification Implementation Sheet | E2: ModuleID : | F2: =IF(LogicCommon!C2="","",LogicCommon!C2) -> MS | G2: LogicID : | H2: =IF(LogicCommon!E2="","",LogicCommon!E2) -> MSBGL5180 | I2: Ope.ID : | J2: Rcv_Chk01 | K2: Pj.ID : | L2: =IF(LogicCommon!G2="","",LogicCommon!G2) -> MC | M2: Ope.Body : | N2: "mcframe.serverMAUD.MAUDL5010.MAUDL_Operation"
A3: * | D3: =IF(LogicCommon!A3="","",LogicCommon!A3) | E3: SubModuleID : | F3: =IF(LogicCommon!C3="","",LogicCommon!C3) -> MSBG | G3: LogicClass : | H3: =IF(LogicCommon!E3="","",LogicCommon!E3) -> MSBGL_RcvRegService | I3: Ope.Method : | J3: Rcv_Chk01 | K3: SuperClassPj.ID : | L3: =IF(LogicCommon!G3="","",LogicCommon!G3) | O3: Gene.Type : | P3: ALL
A4: * | E4: Version : | F4: 000000 | G4: LogicName : | H4: =IF(LogicCommon!E4="","",LogicCommon!E4) -> 入金登録サービス | I4: Ope.Name : | J4: 更新前チェック | K4: SuperLogicID : | L4: =IF(LogicCommon!G4="","",LogicCommon!G4) -> MS.MSUDL5010 | M4: ImplOpe.ID:
A5: * | E5: ACType :
A6: * | D6: 概要 : | E6: 入金を登録・訂正する前のチェックをする | M6: ID | O6: ID | Q6: ID
A7: # | I7: U | K7: K | L7: o | N7: o | P7: o
A8: # | D8: ブロック名 Block Name | E8: 型 Type | G8: super/share | H8: 対象ブロック名 Target Block Name | L8: TargetName | N8: TargetName | P8: TargetName | T8: ブロック備考 Block Remarks
A9: # | D9: 項目名 Field Name | E9: 型 Type | F9: 桁 Digits | G9: フルネーム Full Name | H9: 日本語名 Japanese Name | I9: 上り項目 Request Message Field | J9: 下り項目 Response Message Field | R9: 条件および編集方法 Conditions and Editing Methods | T9: 項目備考 Field Remarks
A10: # | L10: 上り項目 Request Message Field | M10: 下り項目 Response Message Field | N10: 上り項目 Request Message Field | O10: 下り項目 Response Message Field | P10: 上り項目 Request Message Field | Q10: 下り項目 Response Message Field
A11: 10 | B11: * | D11: Chk01_Hdr | E11: L
A12: 10 | D12: data_crud_typ | E12: #MA.DATA_CRUD_TYP | G12: Data update type | H12: データ更新区分 | I12: E | J12: E
A13: 10 | D13: peg_no | E13: #MA.INT | G13: Pegging No. | H13: 紐付けＮＯ | I13: E | J13: E
A14: 10 | D14: err_flg | E14: #MA.FLG | G14: Error | H14: エラー | I14: - | J14: E
A15: 10 | D15: rcv_no | E15: #MA.RCV_NO | G15: Payment received No. | H15: 入金ＮＯ | I15: E | J15: E
A16: 10 | D16: dat_typ | E16: #MS.RCV_DAT_TYP | G16: Data type | H16: データ区分 | I16: - | J16: -
A17: 10 | D17: rcv_dt | E17: #MA.DT | G17: Payment received date | H17: 入金日 | I17: E | J17: E
A18: 10 | D18: div_flg | E18: #MA.FLG | G18: Split | H18: 分割 | I18: - | J18: E
A19: 10 | D19: opn_flg | E19: #MA.FLG | G19: Payment received slip immediate issue | H19: 入金管理票即時発行 | I19: E | J19: E
A20: 10 | D20: prnt_flg | E20: #MA.FLG | G20: Issued | H20: 発行済 | I20: - | J20: E
A21: 10 | D21: rcv_usr_cd | E21: #MA.USR_CD | G21: Payment received PIC cd. | H21: 入金担当者ＣＤ | I21: E | J21: E
A22: 10 | D22: rcv_dpt_cd | E22: #MA.DPT_CD | G22: Payment receiving dept. cd. | H22: 入金部門ＣＤ | I22: E | J22: E
A23: 10 | D23: wg_cd | E23: #MA.WG_CD | G23: WG cd. | H23: ＷＧＣＤ | I23: E | J23: E
... A62: 10 | D62: dac_not_chk_flg | E62: #MA.FLG | G62: Not for DAC check | H62: ＤＡＣチェック対象外 | I62: - | J62: E
D63: 詳細 :

Sheet Rcv_Chk02
A1: * | B1: * | D1: L | E1: 1
A2: * | D2: オペレーション実装仕様書 Operation Specification Implementation Sheet | E2: ModuleID : | F2: =IF(LogicCommon!C2="","",LogicCommon!C2) -> MS | G2: LogicID : | H2: =IF(LogicCommon!E2="","",LogicCommon!E2) -> MSBGL5180 | I2: Ope.ID : | J2: Rcv_Chk02 | K2: Pj.ID : | L2: =IF(LogicCommon!G2="","",LogicCommon!G2) -> MC | M2: Ope.Body : | N2: "mcframe.serverMAUD.MAUDL5010.MAUDL_Operation"
A3: * | D3: =IF(LogicCommon!A3="","",LogicCommon!A3) | E3: SubModuleID : | F3: =IF(LogicCommon!C3="","",LogicCommon!C3) -> MSBG | G3: LogicClass : | H3: =IF(LogicCommon!E3="","",LogicCommon!E3) -> MSBGL_RcvRegService | I3: Ope.Method : | J3: Rcv_Chk02 | K3: SuperClassPj.ID : | L3: =IF(LogicCommon!G3="","",LogicCommon!G3) | O3: Gene.Type : | P3: ALL
A4: * | E4: Version : | F4: 000000 | G4: LogicName : | H4: =IF(LogicCommon!E4="","",LogicCommon!E4) -> 入金登録サービス | I4: Ope.Name : | J4: 削除前チェック | K4: SuperLogicID : | L4: =IF(LogicCommon!G4="","",LogicCommon!G4) -> MS.MSUDL5010 | M4: ImplOpe.ID:
A5: * | E5: ACType :
A6: * | D6: 概要 : | E6: 入金を取り消す前のチェックをする | L6: ID | M6: ID | N6: ID | O6: ID | P6: ID | Q6: ID
A7: # | I7: U | K7: K | L7: o | N7: o | P7: o
A8: # | D8: ブロック名 Block Name | E8: 型 Type | G8: super/share | H8: 対象ブロック名 Target Block Name | L8: TargetName | N8: TargetName | P8: TargetName | T8: ブロック備考 Block Remarks
A9: # | D9: 項目名 Field Name | E9: 型 Type | F9: 桁 Digits | G9: フルネーム Full Name | H9: 日本語名 Japanese Name | I9: 上り項目 Request Message Field | J9: 下り項目 Response Message Field | R9: 条件および編集方法 Conditions and Editing Methods | T9: 項目備考 Field Remarks
A10: # | L10: 上り項目 Request Message Field | M10: 下り項目 Response Message Field | N10: 上り項目 Request Message Field | O10: 下り項目 Response Message Field | P10: 上り項目 Request Message Field | Q10: 下り項目 Response Message Field
A11: 10 | B11: * | D11: Chk02_Hdr | E11: L
A12: 10 | D12: peg_no | E12: #MA.INT | G12: Pegging No. | H12: 紐付けＮＯ | I12: E | J12: E
A13: 10 | D13: err_flg | E13: #MA.FLG | G13: Error | H13: エラー | I13: - | J13: E
A14: 10 | D14: prnt_flg | E14: #MA.FLG | G14: Issued | H14: 発行済 | I14: - | J14: E
A15: 10 | D15: rcv_no | E15: #MA.RCV_NO | G15: Payment received No. | H15: 入金ＮＯ | I15: E | J15: E
A16: 10 | D16: rcv_dpt_cd | E16: #MA.DPT_CD | G16: Payment receiving dept. cd. | H16: 入金部門ＣＤ | I16: E | J16: E
A17: 10 | D17: rcv_upd_cntr | E17: #MA.UPD_CNT | G17: Payment received update counter | H17: 入金更新カウンタ | I17: E | J17: E
A18: 10 | D18: upd_cntr_not_chk_flg | E18: #MA.FLG | G18: Not for update counter check | H18: 更新カウンタチェック対象外 | I18: E | J18: E
A19: 10 | D19: dac_not_chk_flg | E19: #MA.FLG | G19: Not for DAC check | H19: ＤＡＣチェック対象外 | I19: E | J19: E
A20: 10 | D20: data_crud_typ | E20: #MA.DATA_CRUD_TYP | G20: Data update type | H20: データ更新区分 | I20: E | J20: E
A21: 10 | D21: rcv_typ | E21: #MA.AR_STTL_TYP | G21: Payment received type | H21: 入金区分 | I21: E | J21: E
A22: 10 | D22: note_mng_no | E22: #MA.NOTE_MNG_NO | G22: Note management No. | H22: 手形管理ＮＯ | I22: E | J22: E
D23: 詳細 :

Sheet Rcv_Ins01
A1: * | B1: * | D1: L | E1: 1
A2: * | D2: オペレーション実装仕様書 Operation Specification Implementation Sheet | E2: ModuleID : | F2: =IF(LogicCommon!C2="","",LogicCommon!C2) -> MS | G2: LogicID : | H2: =IF(LogicCommon!E2="","",LogicCommon!E2) -> MSBGL5180 | I2: Ope.ID : | J2: Rcv_Ins01 | K2: Pj.ID : | L2: =IF(LogicCommon!G2="","",LogicCommon!G2) -> MC | M2: Ope.Body : | N2: "mcframe.serverMAUD.MAUDL5010.MAUDL_Operation"
A3: * | D3: =IF(LogicCommon!A3="","",LogicCommon!A3) | E3: SubModuleID : | F3: =IF(LogicCommon!C3="","",LogicCommon!C3) -> MSBG | G3: LogicClass : | H3: =IF(LogicCommon!E3="","",LogicCommon!E3) -> MSBGL_RcvRegService | I3: Ope.Method : | J3: Rcv_Ins01 | K3: SuperClassPj.ID : | L3: =IF(LogicCommon!G3="","",LogicCommon!G3) | O3: Gene.Type : | P3: ALL
A4: * | E4: Version : | F4: 000000 | G4: LogicName : | H4: =IF(LogicCommon!E4="","",LogicCommon!E4) -> 入金登録サービス | I4: Ope.Name : | J4: 登録 | K4: SuperLogicID : | L4: =IF(LogicCommon!G4="","",LogicCommon!G4) -> MS.MSUDL5010 | M4: ImplOpe.ID:
A5: * | E5: ACType :
A6: * | D6: 概要 : | E6: 入金を登録する | M6: ID | O6: ID | Q6: ID
A7: # | I7: U | K7: K | L7: o | N7: o | P7: o
A8: # | D8: ブロック名 Block Name | E8: 型 Type | G8: super/share | H8: 対象ブロック名 Target Block Name | L8: TargetName | N8: TargetName | P8: TargetName | T8: ブロック備考 Block Remarks
A9: # | D9: 項目名 Field Name | E9: 型 Type | F9: 桁 Digits | G9: フルネーム Full Name | H9: 日本語名 Japanese Name | I9: 上り項目 Request Message Field | J9: 下り項目 Response Message Field | R9: 条件および編集方法 Conditions and Editing Methods | T9: 項目備考 Field Remarks
A10: # | L10: 上り項目 Request Message Field | M10: 下り項目 Response Message Field | N10: 上り項目 Request Message Field | O10: 下り項目 Response Message Field | P10: 上り項目 Request Message Field | Q10: 下り項目 Response Message Field
A11: 10 | B11: * | D11: Ins01_Hdr | E11: L | G11: $share$ | H11: MS.MSBGL5180.Rcv_Chk01.Chk01_Hdr
A12: 10 | D12: peg_no | E12: #MA.INT | G12: Pegging No. | H12: 紐付けＮＯ | I12: - | J12: -
A13: 10 | D13: err_flg | E13: #MA.FLG | G13: Error | H13: エラー | I13: - | J13: -
A14: 10 | D14: rcv_no | E14: #MA.RCV_NO | G14: Payment received No. | H14: 入金ＮＯ | I14: - | J14: E
A15: 10 | D15: dat_typ | E15: #MS.RCV_DAT_TYP | G15: Data type | H15: データ区分 | I15: - | J15: E
A16: 10 | D16: rcv_dt | E16: #MA.DT | G16: Payment received date | H16: 入金日 | I16: E | J16: -
A17: 10 | D17: div_flg | E17: #MA.FLG | G17: Split | H17: 分割 | I17: - | J17: -
A18: 10 | D18: opn_flg | E18: #MA.FLG | G18: Payment received slip immediate issue | H18: 入金管理票即時発行 | I18: E | J18: -
A19: 10 | D19: prnt_flg | E19: #MA.FLG | G19: Issued | H19: 発行済 | I19: E | J19: -
A20: 10 | D20: rcv_usr_cd | E20: #MA.USR_CD | G20: Payment received PIC cd. | H20: 入金担当者ＣＤ | I20: E | J20: -
A21: 10 | D21: rcv_dpt_cd | E21: #MA.DPT_CD | G21: Payment receiving dept. cd. | H21: 入金部門ＣＤ | I21: E | J21: -
A22: 10 | D22: wg_cd | E22: #MA.WG_CD | G22: WG cd. | H22: ＷＧＣＤ | I22: - | J22: -
A23: 10 | D23: rcst_cd | E23: #MA.BP_CD | G23: Payer cd. | H23: 入金先ＣＤ | I23: E | J23: -
... A58: 10 | D58: rcv_upd_cntr | E58: #MA.UPD_CNT | G58: Payment received update counter | H58: 入金更新カウンタ | I58: - | J58: -
D59: 詳細 :

Sheet Rcv_Upd01
A1: * | B1: * | D1: L | E1: 1
A2: * | D2: オペレーション実装仕様書 Operation Specification Implementation Sheet | E2: ModuleID : | F2: =IF(LogicCommon!C2="","",LogicCommon!C2) -> MS | G2: LogicID : | H2: =IF(LogicCommon!E2="","",LogicCommon!E2) -> MSBGL5180 | I2: Ope.ID : | J2: Rcv_Upd01 | K2: Pj.ID : | L2: =IF(LogicCommon!G2="","",LogicCommon!G2) -> MC | M2: Ope.Body : | N2: "mcframe.serverMAUD.MAUDL5010.MAUDL_Operation"
A3: * | D3: =IF(LogicCommon!A3="","",LogicCommon!A3) | E3: SubModuleID : | F3: =IF(LogicCommon!C3="","",LogicCommon!C3) -> MSBG | G3: LogicClass : | H3: =IF(LogicCommon!E3="","",LogicCommon!E3) -> MSBGL_RcvRegService | I3: Ope.Method : | J3: Rcv_Upd01 | K3: SuperClassPj.ID : | L3: =IF(LogicCommon!G3="","",LogicCommon!G3) | O3: Gene.Type : | P3: ALL
A4: * | E4: Version : | F4: 000000 | G4: LogicName : | H4: =IF(LogicCommon!E4="","",LogicCommon!E4) -> 入金登録サービス | I4: Ope.Name : | J4: 訂正 | K4: SuperLogicID : | L4: =IF(LogicCommon!G4="","",LogicCommon!G4) -> MS.MSUDL5010 | M4: ImplOpe.ID:
A5: * | E5: ACType :
A6: * | D6: 概要 : | E6: 入金を訂正する | M6: ID | O6: ID | Q6: ID
A7: # | I7: U | K7: K | L7: o | N7: o | P7: o
A8: # | D8: ブロック名 Block Name | E8: 型 Type | G8: super/share | H8: 対象ブロック名 Target Block Name | L8: TargetName | N8: TargetName | P8: TargetName | T8: ブロック備考 Block Remarks
A9: # | D9: 項目名 Field Name | E9: 型 Type | F9: 桁 Digits | G9: フルネーム Full Name | H9: 日本語名 Japanese Name | I9: 上り項目 Request Message Field | J9: 下り項目 Response Message Field | R9: 条件および編集方法 Conditions and Editing Methods | T9: 項目備考 Field Remarks
A10: # | L10: 上り項目 Request Message Field | M10: 下り項目 Response Message Field | N10: 上り項目 Request Message Field | O10: 下り項目 Response Message Field | P10: 上り項目 Request Message Field | Q10: 下り項目 Response Message Field
A11: 10 | B11: * | D11: Upd01_Hdr | E11: L | G11: $share$ | H11: MS.MSBGL5180.Rcv_Chk01.Chk01_Hdr
A12: 10 | D12: peg_no | E12: #MA.INT | G12: Pegging No. | H12: 紐付けＮＯ | I12: - | J12: -
A13: 10 | D13: err_flg | E13: #MA.FLG | G13: Error | H13: エラー | I13: - | J13: -
A14: 10 | D14: rcv_no | E14: #MA.RCV_NO | G14: Payment received No. | H14: 入金ＮＯ | I14: E | J14: -
A15: 10 | D15: rcv_dt | E15: #MA.DT | G15: Payment received date | H15: 入金日 | I15: E | J15: -
A16: 10 | D16: div_flg | E16: #MA.FLG | G16: Split | H16: 分割 | I16: - | J16: -
A17: 10 | D17: opn_flg | E17: #MA.FLG | G17: Payment received slip immediate issue | H17: 入金管理票即時発行 | I17: E | J17: -
A18: 10 | D18: prnt_flg | E18: #MA.FLG | G18: Issued | H18: 発行済 | I18: E | J18: -
A19: 10 | D19: rcv_usr_cd | E19: #MA.USR_CD | G19: Payment received PIC cd. | H19: 入金担当者ＣＤ | I19: E | J19: -
A20: 10 | D20: rcv_dpt_cd | E20: #MA.DPT_CD | G20: Payment receiving dept. cd. | H20: 入金部門ＣＤ | I20: E | J20: -
A21: 10 | D21: wg_cd | E21: #MA.WG_CD | G21: WG cd. | H21: ＷＧＣＤ | I21: - | J21: -
A22: 10 | D22: rcst_cd | E22: #MA.BP_CD | G22: Payer cd. | H22: 入金先ＣＤ | I22: E | J22: -
A23: 10 | D23: bcst_cd | E23: #MA.BP_CD | G23: Billing customer cd. | H23: 請求先ＣＤ | I23: E | J23: -
... A54: 10 | D54: rcv_upd_cntr | E54: #MA.UPD_CNT | G54: Payment received update counter | H54: 入金更新カウンタ | I54: E | J54: -
D55: 詳細 :

Sheet Rcv_Del01
A1: * | B1: * | D1: L | E1: 1
A2: * | D2: オペレーション実装仕様書 Operation Specification Implementation Sheet | E2: ModuleID : | F2: =IF(LogicCommon!C2="","",LogicCommon!C2) -> MS | G2: LogicID : | H2: =IF(LogicCommon!E2="","",LogicCommon!E2) -> MSBGL5180 | I2: Ope.ID : | J2: Rcv_Del01 | K2: Pj.ID : | L2: =IF(LogicCommon!G2="","",LogicCommon!G2) -> MC | M2: Ope.Body : | N2: "mcframe.serverMAUD.MAUDL5010.MAUDL_Operation"
A3: * | D3: =IF(LogicCommon!A3="","",LogicCommon!A3) | E3: SubModuleID : | F3: =IF(LogicCommon!C3="","",LogicCommon!C3) -> MSBG | G3: LogicClass : | H3: =IF(LogicCommon!E3="","",LogicCommon!E3) -> MSBGL_RcvRegService | I3: Ope.Method : | J3: Rcv_Del01 | K3: SuperClassPj.ID : | L3: =IF(LogicCommon!G3="","",LogicCommon!G3) | O3: Gene.Type : | P3: ALL
A4: * | E4: Version : | F4: 000000 | G4: LogicName : | H4: =IF(LogicCommon!E4="","",LogicCommon!E4) -> 入金登録サービス | I4: Ope.Name : | J4: 取消 | K4: SuperLogicID : | L4: =IF(LogicCommon!G4="","",LogicCommon!G4) -> MS.MSUDL5010 | M4: ImplOpe.ID:
A5: * | E5: ACType :
A6: * | D6: 概要 : | E6: 入金を取り消す | M6: ID | O6: ID | Q6: ID
A7: # | I7: U | K7: K | L7: o | N7: o | P7: o
A8: # | D8: ブロック名 Block Name | E8: 型 Type | G8: super/share | H8: 対象ブロック名 Target Block Name | L8: TargetName | N8: TargetName | P8: TargetName | T8: ブロック備考 Block Remarks
A9: # | D9: 項目名 Field Name | E9: 型 Type | F9: 桁 Digits | G9: フルネーム Full Name | H9: 日本語名 Japanese Name | I9: 上り項目 Request Message Field | J9: 下り項目 Response Message Field | R9: 条件および編集方法 Conditions and Editing Methods | T9: 項目備考 Field Remarks
A10: # | L10: 上り項目 Request Message Field | M10: 下り項目 Response Message Field | N10: 上り項目 Request Message Field | O10: 下り項目 Response Message Field | P10: 上り項目 Request Message Field | Q10: 下り項目 Response Message Field
A11: 10 | B11: * | D11: Del01_Hdr | E11: L | G11: $share$ | H11: MS.MSBGL5180.Rcv_Chk02.Chk02_Hdr
A12: 10 | D12: peg_no | E12: #MA.INT | G12: Pegging No. | H12: 紐付けＮＯ | I12: E | J12: -
A13: 10 | D13: err_flg | E13: #MA.FLG | G13: Error | H13: エラー | I13: E | J13: -
A14: 10 | D14: prnt_flg | E14: #MA.FLG | G14: Issued | H14: 発行済 | I14: E | J14: -
A15: 10 | D15: rcv_no | E15: #MA.RCV_NO | G15: Payment received No. | H15: 入金ＮＯ | I15: E | J15: -
A16: 10 | D16: rcv_dpt_cd | E16: #MA.DPT_CD | G16: Payment receiving dept. cd. | H16: 入金部門ＣＤ | I16: E | J16: -
A17: 10 | D17: rcv_upd_cntr | E17: #MA.UPD_CNT | G17: Payment received update counter | H17: 入金更新カウンタ | I17: E | J17: -
A18: 10 | D18: rcv_typ | E18: #MA.AR_STTL_TYP | G18: Payment received type | H18: 入金区分 | I18: E | J18: -
A19: 10 | D19: note_mng_no | E19: #MA.NOTE_MNG_NO | G19: Note management No. | H19: 手形管理ＮＯ | I19: E | J19: -
D20: 詳細 :

Sheet 来歴
A1: 変更来歴
A3: Rev. | H3: 修正番号 | O3: 変更内容 | AQ3: 変更箇所
A4: 1 | O4: 初版
A5: 1.1 | O5: 英語の名称を追記 | AQ5: 全般
