Workbook

Sheet LogicCommon
A2: オペレーション実装仕様書 | B2: ModuleID : | C2: MS | D2: LogicID : | E2: MSBGL5030 | F2: Pj.ID : | G2: MC
B3: SubModuleID : | C3: MSBG | D3: LogicClass : | E3: MSBGL_BillClService | F3: SuperClassPj.ID :
D4: LogicName : | E4: 請求締サービス | F4: SuperLogicID : | G4: MS.MSUDL5010
A5: 概要 : | B5: 請求締処理、請求締解除処理を行う。
A6: 詳細 :

Sheet BillCl_Upd01
A1: * | B1: * | D1: L | E1: 1
A2: * | D2: オペレーション実装仕様書 Operation Specification Implementation Sheet | E2: ModuleID : | F2: =IF(LogicCommon!C2="","",LogicCommon!C2) -> MS | G2: LogicID : | H2: =IF(LogicCommon!E2="","",LogicCommon!E2) -> MSBGL5030 | I2: Ope.ID : | J2: BillCl_Upd01 | K2: Pj.ID : | L2: =IF(LogicCommon!G2="","",LogicCommon!G2) -> MC | M2: Ope.Body : | N2: "mcframe.serverMAUD.MAUDL5010.MAUDL_Operation"
A3: * | D3: =IF(LogicCommon!A3="","",LogicCommon!A3) | E3: SubModuleID : | F3: =IF(LogicCommon!C3="","",LogicCommon!C3) -> MSBG | G3: LogicClass : | H3: =IF(LogicCommon!E3="","",LogicCommon!E3) -> MSBGL_BillClService | I3: Ope.Method : | J3: @ | K3: SuperClassPj.ID : | L3: =IF(LogicCommon!G3="","",LogicCommon!G3) | O3: Gene.Type : | P3: ALL
A4: * | E4: Version : | F4: 000000 | G4: LogicName : | H4: =IF(LogicCommon!E4="","",LogicCommon!E4) -> 請求締サービス | I4: Ope.Name : | J4: 請求締（バッチ） | K4: SuperLogicID : | L4: =IF(LogicCommon!G4="","",LogicCommon!G4) -> MS.MSUDL5010 | M4: ImplOpe.ID:
A5: * | E5: ACType :
A6: * | D6: 概要 : | E6: バッチ用の請求締処理(BillCl_Upd03)を起動する | M6: ID | O6: ID | Q6: ID
A7: # | I7: U | K7: K | L7: o | N7: o | P7: o
A8: # | D8: ブロック名 Block Name | E8: 型 Type | G8: super/share | H8: 対象ブロック名 Target Block Name | L8: TargetName | N8: TargetName | P8: TargetName | T8: ブロック備考 Block Remarks
A9: # | D9: 項目名 Field Name | E9: 型 Type | F9: 桁 Digits | G9: フルネーム Full Name | H9: 日本語名 Japanese Name | I9: 上り項目 Request Message Field | J9: 下り項目 Response Message Field | R9: 条件および編集方法 Conditions and Editing Methods | T9: 項目備考 Field Remarks
A10: # | L10: 上り項目 Request Message Field | M10: 下り項目 Response Message Field | N10: 上り項目 Request Message Field | O10: 下り項目 Response Message Field | P10: 上り項目 Request Message Field | Q10: 下り項目 Response Message Field
A11: 10 | B11: * | D11: BillCl_Upd01_Cnd | E11: R
A12: 10 | D12: tgt_dt | E12: #MA.DT | G12: Date | H12: 対象日 | I12: E

Sheet BillCl_Upd02
A1: * | B1: * | D1: L | E1: 1
A2: * | D2: オペレーション実装仕様書 Operation Specification Implementation Sheet | E2: ModuleID : | F2: =IF(LogicCommon!C2="","",LogicCommon!C2) -> MS | G2: LogicID : | H2: =IF(LogicCommon!E2="","",LogicCommon!E2) -> MSBGL5030 | I2: Ope.ID : | J2: BillCl_Upd02 | K2: Pj.ID : | L2: =IF(LogicCommon!G2="","",LogicCommon!G2) -> MC | M2: Ope.Body : | N2: "mcframe.serverMAUD.MAUDL5010.MAUDL_Operation"
A3: * | D3: =IF(LogicCommon!A3="","",LogicCommon!A3) | E3: SubModuleID : | F3: =IF(LogicCommon!C3="","",LogicCommon!C3) -> MSBG | G3: LogicClass : | H3: =IF(LogicCommon!E3="","",LogicCommon!E3) -> MSBGL_BillClService | I3: Ope.Method : | J3: @ | K3: SuperClassPj.ID : | L3: =IF(LogicCommon!G3="","",LogicCommon!G3) | O3: Gene.Type : | P3: ALL
A4: * | E4: Version : | F4: 000000 | G4: LogicName : | H4: =IF(LogicCommon!E4="","",LogicCommon!E4) -> 請求締サービス | I4: Ope.Name : | J4: 請求締（画面） | K4: SuperLogicID : | L4: =IF(LogicCommon!G4="","",LogicCommon!G4) -> MS.MSUDL5010 | M4: ImplOpe.ID:
A5: * | E5: ACType :
A6: * | D6: 概要 : | E6: 画面用の請求締処理 | M6: ID | O6: ID | Q6: ID
A7: # | I7: U | K7: K | L7: o | N7: o | P7: o
A8: # | D8: ブロック名 Block Name | E8: 型 Type | G8: super/share | H8: 対象ブロック名 Target Block Name | L8: TargetName | N8: TargetName | P8: TargetName | T8: ブロック備考 Block Remarks
A9: # | D9: 項目名 Field Name | E9: 型 Type | F9: 桁 Digits | G9: フルネーム Full Name | H9: 日本語名 Japanese Name | I9: 上り項目 Request Message Field | J9: 下り項目 Response Message Field | R9: 条件および編集方法 Conditions and Editing Methods | T9: 項目備考 Field Remarks
A10: # | L10: 上り項目 Request Message Field | M10: 下り項目 Response Message Field | N10: 上り項目 Request Message Field | O10: 下り項目 Response Message Field | P10: 上り項目 Request Message Field | Q10: 下り項目 Response Message Field
A11: 10 | B11: * | D11: BillCl_Upd02_Hdr | E11: L
A12: 10 | D12: bcst_cd | E12: #MA.BP_CD | G12: Billing customer cd. | H12: 請求先ＣＤ | I12: E
A13: 10 | D13: bill_dpt_cd | E13: #MA.DPT_CD | G13: Billing dept. cd. | H13: 請求部門ＣＤ | I13: E
A14: 10 | D14: iv_no | E14: #MA.IV_NO | G14: Invoice No. | H14: インボイスＮＯ | I14: E
A15: 10 | D15: trd_cur_cd | E15: #MA.CUR_CD | G15: Transaction currency cd. | H15: 取引通貨ＣＤ | I15: E
A16: 10 | D16: wrk_no | E16: #MA.WRK_NO | G16: Sales project No. | H16: 案件ＮＯ | I16: E
A17: 10 | D17: bill_d_sel_flg | E17: #MA.FLG | I17: E
A18: 10 | D18: bill_no | E18: #MA.BILL_NO | G18: Invoice No. | H18: 請求書ＮＯ | J18: E
A19: 10 | D19: bill_mng_no | E19: #MA.BILL_MNG_NO | G19: Billing management No. | H19: 請求管理ＮＯ | J19: E
A20: 10 | D20: rcv_schd_dt | E20: #MA.DT | G20: Scheduled payment receipt date | H20: 入金予定日 | J20: E
A22: 20 | B22: * | D22: AddBillInfo | E22: R
A23: 20 | D23: add_bill | E23: R | F23: DBC:MS.MST_BILL_ACST | G23: Billing amount | H23: 請求額
A24: 20 | D24: add_not_bill | E24: R | F24: DBC:MS.MST_BILL_ACST | G24: Unbilled amount | H24: 未請求額
A25: 20 | D25: prnt_typ | E25: #MA.INT | G25: Issue type | H25: 発行区分

Sheet BillCl_Upd03
A1: * | B1: * | D1: L | E1: 1
A2: * | D2: オペレーション実装仕様書 Operation Specification Implementation Sheet | E2: ModuleID : | F2: =IF(LogicCommon!C2="","",LogicCommon!C2) -> MS | G2: LogicID : | H2: =IF(LogicCommon!E2="","",LogicCommon!E2) -> MSBGL5030 | I2: Ope.ID : | J2: BillCl_Upd03 | K2: Pj.ID : | L2: =IF(LogicCommon!G2="","",LogicCommon!G2) -> MC | M2: Ope.Body : | N2: "mcframe.serverMAUD.MAUDL5010.MAUDL_Operation"
A3: * | D3: =IF(LogicCommon!A3="","",LogicCommon!A3) | E3: SubModuleID : | F3: =IF(LogicCommon!C3="","",LogicCommon!C3) -> MSBG | G3: LogicClass : | H3: =IF(LogicCommon!E3="","",LogicCommon!E3) -> MSBGL_BillClService | I3: Ope.Method : | J3: @ | K3: SuperClassPj.ID : | L3: =IF(LogicCommon!G3="","",LogicCommon!G3) | O3: Gene.Type : | P3: ALL
A4: * | E4: Version : | F4: 000000 | G4: LogicName : | H4: =IF(LogicCommon!E4="","",LogicCommon!E4) -> 請求締サービス | I4: Ope.Name : | J4: 請求締（バッチメイン） | K4: SuperLogicID : | L4: =IF(LogicCommon!G4="","",LogicCommon!G4) -> MS.MSUDL5010 | M4: ImplOpe.ID:
A5: * | E5: ACType :
A6: * | D6: 概要 : | E6: バッチ用の請求締処理 | M6: ID | O6: ID | Q6: ID
A7: # | I7: U | K7: K | L7: o | N7: o | P7: o
A8: # | D8: ブロック名 Block Name | E8: 型 Type | G8: super/share | H8: 対象ブロック名 Target Block Name | L8: TargetName | N8: TargetName | P8: TargetName | T8: ブロック備考 Block Remarks
A9: # | D9: 項目名 Field Name | E9: 型 Type | F9: 桁 Digits | G9: フルネーム Full Name | H9: 日本語名 Japanese Name | I9: 上り項目 Request Message Field | J9: 下り項目 Response Message Field | R9: 条件および編集方法 Conditions and Editing Methods | T9: 項目備考 Field Remarks
A10: # | L10: 上り項目 Request Message Field | M10: 下り項目 Response Message Field | N10: 上り項目 Request Message Field | O10: 下り項目 Response Message Field | P10: 上り項目 Request Message Field | Q10: 下り項目 Response Message Field
A11: 10 | B11: * | D11: BillCl_Upd03_Cnd | E11: L
A12: 10 | D12: bcst_cd | E12: #MA.BP_CD | G12: Billing customer cd. | H12: 請求先ＣＤ | I12: E
A13: 10 | D13: bill_cl_dt | E13: #MA.DT | G13: Billing closing day | H13: 請求締年月日 | I13: E
A14: 10 | D14: tgt_dt | E14: #MA.DT | G14: Date | H14: 対象日 | I14: E
A16: 20 | B16: * | D16: BillCl_Upd03_Rslt | E16: L
A17: 20 | D17: total_cnt | E17: #MA.INT | G17: Total number of processes | H17: 全処理件数 | J17: E
A18: 20 | D18: success_cnt | E18: #MA.INT | G18: Number of successful completion | H18: 正常終了件数 | J18: E
A19: 20 | D19: error_cnt | E19: #MA.INT | G19: Error count | H19: エラー件数 | J19: E

Sheet BillCl_Del01
A1: * | B1: * | D1: L | E1: 1
A2: * | D2: オペレーション実装仕様書 Operation Specification Implementation Sheet | E2: ModuleID : | F2: =IF(LogicCommon!C2="","",LogicCommon!C2) -> MS | G2: LogicID : | H2: =IF(LogicCommon!E2="","",LogicCommon!E2) -> MSBGL5030 | I2: Ope.ID : | J2: BillCl_Del01 | K2: Pj.ID : | L2: =IF(LogicCommon!G2="","",LogicCommon!G2) -> MC | M2: Ope.Body : | N2: "mcframe.serverMAUD.MAUDL5010.MAUDL_Operation"
A3: * | D3: =IF(LogicCommon!A3="","",LogicCommon!A3) | E3: SubModuleID : | F3: =IF(LogicCommon!C3="","",LogicCommon!C3) -> MSBG | G3: LogicClass : | H3: =IF(LogicCommon!E3="","",LogicCommon!E3) -> MSBGL_BillClService | I3: Ope.Method : | J3: @ | K3: SuperClassPj.ID : | L3: =IF(LogicCommon!G3="","",LogicCommon!G3) | O3: Gene.Type : | P3: ALL
A4: * | E4: Version : | F4: 000000 | G4: LogicName : | H4: =IF(LogicCommon!E4="","",LogicCommon!E4) -> 請求締サービス | I4: Ope.Name : | J4: 請求締解除 | K4: SuperLogicID : | L4: =IF(LogicCommon!G4="","",LogicCommon!G4) -> MS.MSUDL5010 | M4: ImplOpe.ID:
A5: * | E5: ACType :
A6: * | D6: 概要 : | E6: 請求締解除を行う | M6: ID | O6: ID | Q6: ID
A7: # | I7: U | K7: K | L7: o | N7: o | P7: o
A8: # | D8: ブロック名 Block Name | E8: 型 Type | G8: super/share | H8: 対象ブロック名 Target Block Name | L8: TargetName | N8: TargetName | P8: TargetName | T8: ブロック備考 Block Remarks
A9: # | D9: 項目名 Field Name | E9: 型 Type | F9: 桁 Digits | G9: フルネーム Full Name | H9: 日本語名 Japanese Name | I9: 上り項目 Request Message Field | J9: 下り項目 Response Message Field | R9: 条件および編集方法 Conditions and Editing Methods | T9: 項目備考 Field Remarks
A10: # | L10: 上り項目 Request Message Field | M10: 下り項目 Response Message Field | N10: 上り項目 Request Message Field | O10: 下り項目 Response Message Field | P10: 上り項目 Request Message Field | Q10: 下り項目 Response Message Field
A11: 10 | B11: * | D11: BillCl_Del01_Cnd | E11: L
A12: 10 | D12: bill_mng_no | E12: #MA.BILL_MNG_NO | G12: Billing management No. | H12: 請求管理ＮＯ | I12: E

Sheet 来歴
A1: 変更来歴
A3: Rev. | H3: 修正番号 | O3: 変更内容 | AQ3: 変更箇所
A4: 1 | O4: 初版
A5: 1.1 | H5: MS7031#245 | O5: ・BillCl_Upd02_Hdrブロックに以下の項目を追加 ・bill_d_sel_flg | AQ5: BillCl_Upd02
A6: 1.2 | O6: 英語の名称を追記 | AQ6: 全般
