Workbook

Sheet LogicCommon
A2: オペレーション実装仕様書 | B2: ModuleID : | C2: MS | D2: LogicID : | E2: MSLAL9310 | F2: Pj.ID : | G2: MC
B3: SubModuleID : | C3: MSLA | D3: LogicClass : | E3: MSLAL_OrdSendIfService | F3: SuperClassPj.ID :
D4: LogicName : | E4: オーダ送信ＩＦサービス | F4: SuperLogicID : | G4: MS.MSUDL5010
A5: 概要 : | B5: SCM Linkのオーダ送信ＩＦデータを作成する処理を提供する
A6: 詳細 :

Sheet OrdSendIf_Itm_Srch01
A1: * | B1: * | D1: L | E1: 1
A2: * | D2: オペレーション実装仕様書 Operation Specification Implementation Sheet | E2: ModuleID : | F2: =IF(LogicCommon!C2="","",LogicCommon!C2) -> MS | G2: LogicID : | H2: =IF(LogicCommon!E2="","",LogicCommon!E2) -> MSLAL9310 | I2: Ope.ID : | J2: OrdSendIf_Itm_Srch01 | K2: Pj.ID : | L2: =IF(LogicCommon!G2="","",LogicCommon!G2) -> MC | M2: Ope.Body : | N2: "mcframe.serverMAUD.MAUDL5010.MAUDL_Searcher"
A3: * | D3: =IF(LogicCommon!A3="","",LogicCommon!A3) | E3: SubModuleID : | F3: =IF(LogicCommon!C3="","",LogicCommon!C3) -> MSLA | G3: LogicClass : | H3: =IF(LogicCommon!E3="","",LogicCommon!E3) -> MSLAL_OrdSendIfService | I3: Ope.Method : | J3: @ | K3: SuperClassPj.ID : | L3: =IF(LogicCommon!G3="","",LogicCommon!G3) | O3: Gene.Type : | P3: ALL
A4: * | E4: Version : | F4: 000000 | G4: LogicName : | H4: =IF(LogicCommon!E4="","",LogicCommon!E4) -> オーダ送信ＩＦサービス | I4: Ope.Name : | J4: 品目マスタ送信ＩＦ対象データ検索 | K4: SuperLogicID : | L4: =IF(LogicCommon!G4="","",LogicCommon!G4) -> MS.MSUDL5010 | M4: ImplOpe.ID:
A5: * | E5: ACType :
A6: * | D6: 概要 : | E6: 送信対象の品目マスタデータを検索する | M6: ID | O6: ID | Q6: ID
A7: # | I7: U | K7: K | L7: o | N7: o | P7: o
A8: # | D8: ブロック名 Block Name | E8: 型 Type | G8: super/share | H8: 対象ブロック名 Target Block Name | L8: TargetName | N8: TargetName | P8: TargetName | T8: ブロック備考 Block Remarks
A9: # | D9: 項目名 Field Name | E9: 型 Type | F9: 桁 Digits | G9: フルネーム Full Name | H9: 日本語名 Japanese Name | I9: 上り項目 Request Message Field | J9: 下り項目 Response Message Field | R9: 条件および編集方法 Conditions and Editing Methods | T9: 項目備考 Field Remarks
A10: # | L10: 上り項目 Request Message Field | M10: 下り項目 Response Message Field | N10: 上り項目 Request Message Field | O10: 下り項目 Response Message Field | P10: 上り項目 Request Message Field | Q10: 下り項目 Response Message Field
A11: 10 | B11: * | D11: OrdSendIf_Itm_Srch01_Dtl | E11: R
A12: 10 | D12: master_dt | E12: #MA.DT | G12: Master application date | H12: マスタ適用日 | I12: E | J12: -
A13: 10 | D13: wg_cd | E13: #MA.WG_CD | G13: WG cd. | H13: ワーキンググループＣＤ | I13: E | J13: -
A14: 10 | D14: loc_grp_cd | E14: #MA.LOC_GRP_CD | G14: Mfg. location group cd. | H14: 製造場所グループＣＤ | I14: E | J14: -
A15: 20 | B15: * | D15: OrdSendIf_Itm_Srch01_Rslt | E15: L
A16: 20 | D16: wg_cd | E16: #MA.WG_CD | G16: WG cd. | H16: ワーキンググループＣＤ | I16: - | J16: E
A17: 20 | D17: itm_cd | E17: #MA.ITM_CD | G17: Item cd. | H17: 品目ＣＤ | I17: - | J17: E
A18: 20 | D18: itm_sub1 | E18: #MA.ITM_SUB1 | G18: Branch No. 1 | H18: 枝番１ | I18: - | J18: E
A19: 20 | D19: itm_sub2 | E19: #MA.ITM_SUB2 | G19: Branch No. 2 | H19: 枝番２ | I19: - | J19: E
A20: 20 | D20: itm_sub3 | E20: #MA.ITM_SUB3 | G20: Branch No. 3 | H20: 枝番３ | I20: - | J20: E
A21: 20 | D21: itm_nm | E21: #MA.ITM_NM | G21: Item name | H21: 品名 | I21: - | J21: E
A22: 20 | D22: itm_alt_nm1 | E22: #MA.ITM_ALT_NM1 | G22: Item alias name 1 | H22: 品目別名１ | I22: - | J22: E
A23: 20 | D23: itm_alt_nm2 | E23: #MA.ITM_ALT_NM2 | G23: Item alias name 2 | H23: 品目別名２ | I23: - | J23: E
A24: 20 | D24: itm_alt_nm3 | E24: #MA.ITM_ALT_NM3 | G24: Item alias name 3 | H24: 品目別名３ | I24: - | J24: E
A25: 20 | D25: itm_alt_nm4 | E25: #MA.ITM_ALT_NM4 | G25: Item alias name 4 | H25: 品目別名４ | I25: - | J25: E
A26: 20 | D26: base_itm_nm | E26: #MA.ITM_NM | G26: Standard Item name | H26: 標準品名 | I26: - | J26: E
A27: 20 | D27: base_itm_alt_nm1 | E27: #MA.ITM_ALT_NM1 | G27: Standard item alias name 1 | H27: 標準品目別名１ | I27: - | J27: E
... A52: 20 | D52: itm_grp_cd10 | E52: #MA.ITM_GRP_CD | G52: Item classification cd. 10 | H52: 品目分類ＣＤ１０ | I52: - | J52: E

Sheet OrdSendIf_Itm_Oper_Srch01
A1: * | B1: * | D1: L | E1: 1
A2: * | D2: オペレーション実装仕様書 Operation Specification Implementation Sheet | E2: ModuleID : | F2: =IF(LogicCommon!C2="","",LogicCommon!C2) -> MS | G2: LogicID : | H2: =IF(LogicCommon!E2="","",LogicCommon!E2) -> MSLAL9310 | I2: Ope.ID : | J2: OrdSendIf_Itm_Oper_Srch01 | K2: Pj.ID : | L2: =IF(LogicCommon!G2="","",LogicCommon!G2) -> MC | M2: Ope.Body : | N2: "mcframe.serverMAUD.MAUDL5010.MAUDL_Searcher"
A3: * | D3: =IF(LogicCommon!A3="","",LogicCommon!A3) | E3: SubModuleID : | F3: =IF(LogicCommon!C3="","",LogicCommon!C3) -> MSLA | G3: LogicClass : | H3: =IF(LogicCommon!E3="","",LogicCommon!E3) -> MSLAL_OrdSendIfService | I3: Ope.Method : | J3: @ | K3: SuperClassPj.ID : | L3: =IF(LogicCommon!G3="","",LogicCommon!G3) | O3: Gene.Type : | P3: ALL
A4: * | E4: Version : | F4: 000000 | G4: LogicName : | H4: =IF(LogicCommon!E4="","",LogicCommon!E4) -> オーダ送信ＩＦサービス | I4: Ope.Name : | J4: 品目工程マスタ送信ＩＦ対象データ検索 | K4: SuperLogicID : | L4: =IF(LogicCommon!G4="","",LogicCommon!G4) -> MS.MSUDL5010 | M4: ImplOpe.ID:
A5: * | E5: ACType :
A6: * | D6: 概要 : | E6: 送信対象の品目工程マスタデータを検索する | M6: ID | O6: ID | Q6: ID
A7: # | I7: U | K7: K | L7: o | N7: o | P7: o
A8: # | D8: ブロック名 Block Name | E8: 型 Type | G8: super/share | H8: 対象ブロック名 Target Block Name | L8: TargetName | N8: TargetName | P8: TargetName | T8: ブロック備考 Block Remarks
A9: # | D9: 項目名 Field Name | E9: 型 Type | F9: 桁 Digits | G9: フルネーム Full Name | H9: 日本語名 Japanese Name | I9: 上り項目 Request Message Field | J9: 下り項目 Response Message Field | R9: 条件および編集方法 Conditions and Editing Methods | T9: 項目備考 Field Remarks
A10: # | L10: 上り項目 Request Message Field | M10: 下り項目 Response Message Field | N10: 上り項目 Request Message Field | O10: 下り項目 Response Message Field | P10: 上り項目 Request Message Field | Q10: 下り項目 Response Message Field
A11: 10 | B11: * | D11: OrdSendIf_Itm_Oper_Srch01_Dtl | E11: R
A12: 10 | D12: master_dt | E12: #MA.DT | G12: Master application date | H12: マスタ適用日 | I12: E | J12: -
A13: 10 | D13: wg_cd | E13: #MA.WG_CD | G13: WG | H13: ＷＧ | I13: E | J13: -
A14: 10 | D14: loc_grp_cd | E14: #MA.LOC_GRP_CD | G14: Mfg. location group cd. | H14: 製造場所グループＣＤ | I14: E | J14: -
A15: 10 | D15: site_cd | E15: #MA.SITE_CD | G15: Factory/Distribution warehouse cd. | H15: 工場・物流倉庫ＣＤ | I15: E | J15: -
A16: 10 | D16: loc_cd | E16: #MA.LOC_CD | G16: Location cd. | H16: 場所ＣＤ | I16: E | J16: -
A17: 20 | B17: * | D17: OrdSendIf_Itm_Oper_Srch01_Rslt | E17: L
A18: 20 | D18: wg_cd | E18: #MA.WG_CD | G18: WG cd. | H18: ワーキンググループＣＤ | I18: - | J18: E
A19: 20 | D19: itm_cd | E19: #MA.ITM_CD | G19: Item cd. | H19: 品目ＣＤ | I19: - | J19: E
A20: 20 | D20: itm_sub1 | E20: #MA.ITM_SUB1 | G20: Branch No. 1 | H20: 枝番１ | I20: - | J20: E
A21: 20 | D21: itm_sub2 | E21: #MA.ITM_SUB2 | G21: Branch No. 2 | H21: 枝番２ | I21: - | J21: E
A22: 20 | D22: itm_sub3 | E22: #MA.ITM_SUB3 | G22: Branch No. 3 | H22: 枝番３ | I22: - | J22: E
A23: 20 | D23: loc_cd | E23: #MA.LOC_CD | G23: Location cd. | H23: 場所ＣＤ | I23: - | J23: E
A24: 20 | D24: oper_ptn | E24: #MA.OPER_PTN | G24: Operation pattern | H24: 工程パタン | I24: - | J24: E
A25: 20 | D25: oper_cd | E25: #MA.OPER_CD | G25: Operation cd. | H25: 工程ＣＤ | I25: - | J25: E
A26: 20 | D26: oper_nm | E26: #MA.OPER_NM | G26: Operation name | H26: 工程名 | I26: - | J26: E
A27: 20 | D27: oper_seq | E27: #MA.OPER_SEQ | G27: Operation sequence number | H27: 工程連番 | I27: - | J27: E
A28: 20 | D28: st_dt | E28: #MA.DT | G28: Application start date | H28: 適用開始日 | I28: - | J28: E
A29: 20 | D29: end_dt | E29: #MA.DT | G29: Application end date | H29: 適用終了日 | I29: - | J29: E
... A41: 20 | D41: sno4 | E41: #MA.SNO4 | G41: SEIBAN No. 4 | H41: 手配ＮＯ４ | I41: - | J41: E

Sheet OrdSendIf_Itm_Dtl_Srch01
A1: * | B1: * | D1: L | E1: 1
A2: * | D2: オペレーション実装仕様書 Operation Specification Implementation Sheet | E2: ModuleID : | F2: =IF(LogicCommon!C2="","",LogicCommon!C2) -> MS | G2: LogicID : | H2: =IF(LogicCommon!E2="","",LogicCommon!E2) -> MSLAL9310 | I2: Ope.ID : | J2: OrdSendIf_Itm_Dtl_Srch01 | K2: Pj.ID : | L2: =IF(LogicCommon!G2="","",LogicCommon!G2) -> MC | M2: Ope.Body : | N2: "mcframe.serverMAUD.MAUDL5010.MAUDL_Searcher"
A3: * | D3: =IF(LogicCommon!A3="","",LogicCommon!A3) | E3: SubModuleID : | F3: =IF(LogicCommon!C3="","",LogicCommon!C3) -> MSLA | G3: LogicClass : | H3: =IF(LogicCommon!E3="","",LogicCommon!E3) -> MSLAL_OrdSendIfService | I3: Ope.Method : | J3: @ | K3: SuperClassPj.ID : | L3: =IF(LogicCommon!G3="","",LogicCommon!G3) | O3: Gene.Type : | P3: ALL
A4: * | E4: Version : | F4: 000000 | G4: LogicName : | H4: =IF(LogicCommon!E4="","",LogicCommon!E4) -> オーダ送信ＩＦサービス | I4: Ope.Name : | J4: 品目詳細マスタ送信ＩＦ対象データ検索 | K4: SuperLogicID : | L4: =IF(LogicCommon!G4="","",LogicCommon!G4) -> MS.MSUDL5010 | M4: ImplOpe.ID:
A5: * | E5: ACType :
A6: * | D6: 概要 : | E6: 送信対象の品目詳細マスタデータを検索する | M6: ID | O6: ID | Q6: ID
A7: # | I7: U | K7: K | L7: o | N7: o | P7: o
A8: # | D8: ブロック名 Block Name | E8: 型 Type | G8: super/share | H8: 対象ブロック名 Target Block Name | L8: TargetName | N8: TargetName | P8: TargetName | T8: ブロック備考 Block Remarks
A9: # | D9: 項目名 Field Name | E9: 型 Type | F9: 桁 Digits | G9: フルネーム Full Name | H9: 日本語名 Japanese Name | I9: 上り項目 Request Message Field | J9: 下り項目 Response Message Field | R9: 条件および編集方法 Conditions and Editing Methods | T9: 項目備考 Field Remarks
A10: # | L10: 上り項目 Request Message Field | M10: 下り項目 Response Message Field | N10: 上り項目 Request Message Field | O10: 下り項目 Response Message Field | P10: 上り項目 Request Message Field | Q10: 下り項目 Response Message Field
A11: 10 | B11: * | D11: OrdSendIf_Itm_Dtl_Srch01_Dtl | E11: R
A12: 10 | D12: master_dt | E12: #MA.DT | G12: Master application date | H12: マスタ適用日 | I12: E | J12: -
A13: 10 | D13: wg_cd | E13: #MA.WG_CD | G13: WG | H13: ＷＧ | I13: E | J13: -
A14: 10 | D14: loc_grp_cd | E14: #MA.LOC_GRP_CD | G14: Mfg. location group cd. | H14: 製造場所グループＣＤ | I14: E | J14: -
A15: 10 | D15: site_cd | E15: #MA.SITE_CD | G15: Factory/Distribution warehouse cd. | H15: 工場・物流倉庫ＣＤ | I15: E | J15: -
A16: 10 | D16: mfg_loc_cd | E16: #MA.LOC_CD | G16: Mfg. location cd. | H16: 製造場所ＣＤ | I16: E | J16: -
A17: 10 | D17: if_scheduler_typ | E17: #MS.IF_SCHEDULER_TYP | G17: Linkage scheduler type | H17: 連携スケジューラ区分 | I17: E | J17: -
A18: 20 | B18: * | D18: OrdSendIf_Itm_Dtl_Srch01_Rslt | E18: L
A19: 20 | D19: wg_cd | E19: #MA.WG_CD | G19: WG cd. | H19: ワーキンググループＣＤ | I19: - | J19: E
A20: 20 | D20: itm_cd | E20: #MA.ITM_CD | G20: Item cd. | H20: 品目ＣＤ | I20: - | J20: E
A21: 20 | D21: itm_sub1 | E21: #MA.ITM_SUB1 | G21: Branch No. 1 | H21: 枝番１ | I21: - | J21: E
A22: 20 | D22: itm_sub2 | E22: #MA.ITM_SUB2 | G22: Branch No. 2 | H22: 枝番２ | I22: - | J22: E
A23: 20 | D23: itm_sub3 | E23: #MA.ITM_SUB3 | G23: Branch No. 3 | H23: 枝番３ | I23: - | J23: E
A24: 20 | D24: mfg_loc_cd | E24: #MA.LOC_CD | G24: Mfg. location cd. | H24: 製造場所ＣＤ | I24: - | J24: E
A25: 20 | D25: bom_ptn | E25: #MA.BOM_PTN | G25: BOM pattern | H25: 構成パタン | I25: - | J25: E
A26: 20 | D26: st_dt | E26: #MA.DT | G26: Application start date | H26: 適用開始日 | I26: - | J26: E
A27: 20 | D27: end_dt | E27: #MA.DT | G27: Application end date | H27: 適用終了日 | I27: - | J27: E
A28: 20 | D28: oper_ptn | E28: #MA.OPER_PTN | G28: Operation pattern | H28: 工程パタン | I28: - | J28: E
A29: 20 | D29: mfg_lt | E29: #MA.LT | G29: Mfg. LT | H29: 製造ＬＴ | I29: - | J29: E
A30: 20 | D30: mfg_lt_add_qty | E30: #MA.QTY | G30: Mfg. LT adds base qty. | H30: 製造ＬＴ加算基準数量 | I30: - | J30: E
... A50: 20 | D50: sno4 | E50: #MA.SNO4 | G50: SEIBAN No. 4 | H50: 手配ＮＯ４ | I50: - | J50: E

Sheet OrdSendIf_Bom_Srch01
A1: * | B1: * | D1: L | E1: 1
A2: * | D2: オペレーション実装仕様書 Operation Specification Implementation Sheet | E2: ModuleID : | F2: =IF(LogicCommon!C2="","",LogicCommon!C2) -> MS | G2: LogicID : | H2: =IF(LogicCommon!E2="","",LogicCommon!E2) -> MSLAL9310 | I2: Ope.ID : | J2: OrdSendIf_Bom_Srch01 | K2: Pj.ID : | L2: =IF(LogicCommon!G2="","",LogicCommon!G2) -> MC | M2: Ope.Body : | N2: "mcframe.serverMAUD.MAUDL5010.MAUDL_Searcher"
A3: * | D3: =IF(LogicCommon!A3="","",LogicCommon!A3) | E3: SubModuleID : | F3: =IF(LogicCommon!C3="","",LogicCommon!C3) -> MSLA | G3: LogicClass : | H3: =IF(LogicCommon!E3="","",LogicCommon!E3) -> MSLAL_OrdSendIfService | I3: Ope.Method : | J3: @ | K3: SuperClassPj.ID : | L3: =IF(LogicCommon!G3="","",LogicCommon!G3) | O3: Gene.Type : | P3: ALL
A4: * | E4: Version : | F4: 000000 | G4: LogicName : | H4: =IF(LogicCommon!E4="","",LogicCommon!E4) -> オーダ送信ＩＦサービス | I4: Ope.Name : | J4: ＢＯＭマスタ送信ＩＦ対象データ検索 | K4: SuperLogicID : | L4: =IF(LogicCommon!G4="","",LogicCommon!G4) -> MS.MSUDL5010 | M4: ImplOpe.ID:
A5: * | E5: ACType :
A6: * | D6: 概要 : | E6: 送信対象のＢＯＭマスタデータを検索する | M6: ID | O6: ID | Q6: ID
A7: # | I7: U | K7: K | L7: o | N7: o | P7: o
A8: # | D8: ブロック名 Block Name | E8: 型 Type | G8: super/share | H8: 対象ブロック名 Target Block Name | L8: TargetName | N8: TargetName | P8: TargetName | T8: ブロック備考 Block Remarks
A9: # | D9: 項目名 Field Name | E9: 型 Type | F9: 桁 Digits | G9: フルネーム Full Name | H9: 日本語名 Japanese Name | I9: 上り項目 Request Message Field | J9: 下り項目 Response Message Field | R9: 条件および編集方法 Conditions and Editing Methods | T9: 項目備考 Field Remarks
A10: # | L10: 上り項目 Request Message Field | M10: 下り項目 Response Message Field | N10: 上り項目 Request Message Field | O10: 下り項目 Response Message Field | P10: 上り項目 Request Message Field | Q10: 下り項目 Response Message Field
A11: 10 | B11: * | D11: OrdSendIf_Bom_Srch01_Dtl | E11: R
A12: 10 | D12: master_dt | E12: #MA.DT | G12: Master application date | H12: マスタ適用日 | I12: E | J12: -
A13: 10 | D13: wg_cd | E13: #MA.WG_CD | G13: WG | H13: ＷＧ | I13: E | J13: -
A14: 20 | B14: * | D14: OrdSendIf_Bom_Srch01_Rslt | E14: L
A15: 20 | D15: wg_cd | E15: #MA.WG_CD | G15: WG cd. | H15: ワーキンググループＣＤ | I15: - | J15: E
A16: 20 | D16: par_itm_cd | E16: #MA.ITM_CD | G16: Parent item cd. | H16: 親品目ＣＤ | I16: - | J16: E
A17: 20 | D17: par_itm_sub1 | E17: #MA.ITM_SUB1 | G17: Parent branch No. 1 | H17: 親枝番１ | I17: - | J17: E
A18: 20 | D18: par_itm_sub2 | E18: #MA.ITM_SUB2 | G18: Parent branch No. 2 | H18: 親枝番２ | I18: - | J18: E
A19: 20 | D19: par_itm_sub3 | E19: #MA.ITM_SUB3 | G19: Parent branch No. 3 | H19: 親枝番３ | I19: - | J19: E
A20: 20 | D20: bom_ptn | E20: #MA.BOM_PTN | G20: BOM pattern | H20: 構成パタン | I20: - | J20: E
A21: 20 | D21: oper_cd | E21: #MA.OPER_CD | G21: Operation cd. | H21: 工程ＣＤ | I21: - | J21: E
A22: 20 | D22: oper_seq | E22: #MA.OPER_SEQ | G22: Operation sequence number | H22: 工程連番 | I22: - | J22: E
A23: 20 | D23: chd_itm_cd | E23: #MA.ITM_SUB1 | G23: Child item cd. | H23: 子品目ＣＤ | I23: - | J23: E
A24: 20 | D24: chd_itm_sub1 | E24: #MA.ITM_SUB1 | G24: Child branch No. 1 | H24: 子枝番１ | I24: - | J24: E
A25: 20 | D25: chd_itm_sub2 | E25: #MA.ITM_SUB2 | G25: Child branch No. 2 | H25: 子枝番２ | I25: - | J25: E
A26: 20 | D26: chd_itm_sub3 | E26: #MA.ITM_SUB3 | G26: Child branch No. 3 | H26: 子枝番３ | I26: - | J26: E
... A54: 20 | D54: inpt_ctl_typ | E54: #MA.INPT_CTL_TYP | G54: Input control type | H54: 投入制御区分 | I54: - | J54: E

Sheet OrdSendIf_Loc_Srch01
A1: * | B1: * | D1: L | E1: 1
A2: * | D2: オペレーション実装仕様書 Operation Specification Implementation Sheet | E2: ModuleID : | F2: MS | G2: LogicID : | H2: MSLAL9310 | I2: Ope.ID : | J2: OrdSendIf_Loc_Srch01 | K2: Pj.ID : | L2: MC | M2: Ope.Body : | N2: "mcframe.serverMAUD.MAUDL5010.MAUDL_Searcher"
A3: * | E3: SubModuleID : | F3: MSLA | G3: LogicClass : | H3: MSLAL_OrdSendIfService | I3: Ope.Method : | J3: @ | K3: SuperClassPj.ID : | O3: Gene.Type : | P3: ALL
A4: * | E4: Version : | F4: 000000 | G4: LogicName : | H4: オーダ送信ＩＦサービス | I4: Ope.Name : | J4: 場所マスタ送信ＩＦ対象データ検索 | K4: SuperLogicID : | L4: MS.MSUDL5010 | M4: ImplOpe.ID:
A5: * | E5: ACType :
A6: * | D6: 概要 : | E6: 送信対象の場所マスタデータを検索する | M6: ID | O6: ID | Q6: ID
A7: # | I7: U | K7: K | L7: o | N7: o | P7: o
A8: # | D8: ブロック名 Block Name | E8: 型 Type | G8: super/share | H8: 対象ブロック名 Target Block Name | L8: TargetName | N8: TargetName | P8: TargetName | T8: ブロック備考 Block Remarks
A9: # | D9: 項目名 Field Name | E9: 型 Type | F9: 桁 Digits | G9: フルネーム Full Name | H9: 日本語名 Japanese Name | I9: 上り項目 Request Message Field | J9: 下り項目 Response Message Field | R9: 条件および編集方法 Conditions and Editing Methods | T9: 項目備考 Field Remarks
A10: # | L10: 上り項目 Request Message Field | M10: 下り項目 Response Message Field | N10: 上り項目 Request Message Field | O10: 下り項目 Response Message Field | P10: 上り項目 Request Message Field | Q10: 下り項目 Response Message Field
A11: 10 | B11: * | D11: OrdSendIf_Loc_Srch01_Cnd | E11: R
A12: 10 | D12: wg_cd | E12: #MA.WG_CD | G12: WG | H12: ＷＧ | I12: E | J12: -
A13: 10 | D13: site_cd | E13: #MA.SITE_CD | G13: Factory/Distribution warehouse cd. | H13: 工場・物流倉庫ＣＤ | I13: E | J13: -
A14: 10 | D14: loc_cd | E14: #MA.LOC_CD | G14: Location cd. | H14: 場所ＣＤ | I14: E | J14: -
A15: 20 | B15: * | D15: OrdSendIf_Loc_Srch01_Rslt | E15: L
A16: 20 | D16: wg_cd | E16: #MA.WG_CD | G16: WG cd. | H16: ワーキンググループＣＤ | I16: - | J16: E
A17: 20 | D17: loc_cd | E17: #MA.LOC_CD | G17: Location cd. | H17: 場所ＣＤ | I17: - | J17: E
A18: 20 | D18: loc_grp_cd | E18: #MA.LOC_GRP_CD | G18: Mfg. location group cd. | H18: 製造場所グループＣＤ | I18: - | J18: E
A19: 20 | D19: cal_cd | E19: #MA.CAL_CD | G19: Calendar cd. | H19: カレンダＣＤ | I19: - | J19: E
A20: 20 | D20: loc_nm | E20: #MA.LOC_NM | G20: Location name | H20: 場所名 | I20: - | J20: E
A21: 20 | D21: site_cd | E21: #MA.SITE_CD | G21: Factory/Distribution warehouse cd. | H21: 工場・物流倉庫ＣＤ | I21: - | J21: E

Sheet OrdSendIf_Cal_Srch01
A1: * | B1: * | D1: L | E1: 1
A2: * | D2: オペレーション実装仕様書 Operation Specification Implementation Sheet | E2: ModuleID : | F2: MS | G2: LogicID : | H2: MSLAL9310 | I2: Ope.ID : | J2: OrdSendIf_Cal_Srch01 | K2: Pj.ID : | L2: MC | M2: Ope.Body : | N2: "mcframe.serverMAUD.MAUDL5010.MAUDL_Searcher"
A3: * | E3: SubModuleID : | F3: MSLA | G3: LogicClass : | H3: MSLAL_OrdSendIfService | I3: Ope.Method : | J3: @ | K3: SuperClassPj.ID : | O3: Gene.Type : | P3: ALL
A4: * | E4: Version : | F4: 000000 | G4: LogicName : | H4: オーダ送信ＩＦサービス | I4: Ope.Name : | J4: カレンダマスタ送信ＩＦ対象データ検索 | K4: SuperLogicID : | L4: MS.MSUDL5010 | M4: ImplOpe.ID:
A5: * | E5: ACType :
A6: * | D6: 概要 : | E6: 送信対象のカレンダマスタデータを検索する。 | M6: ID | O6: ID | Q6: ID
A7: # | I7: U | K7: K | L7: o | N7: o | P7: o
A8: # | D8: ブロック名 Block Name | E8: 型 Type | G8: super/share | H8: 対象ブロック名 Target Block Name | L8: TargetName | N8: TargetName | P8: TargetName | T8: ブロック備考 Block Remarks
A9: # | D9: 項目名 Field Name | E9: 型 Type | F9: 桁 Digits | G9: フルネーム Full Name | H9: 日本語名 Japanese Name | I9: 上り項目 Request Message Field | J9: 下り項目 Response Message Field | R9: 条件および編集方法 Conditions and Editing Methods | T9: 項目備考 Field Remarks
A10: # | L10: 上り項目 Request Message Field | M10: 下り項目 Response Message Field | N10: 上り項目 Request Message Field | O10: 下り項目 Response Message Field | P10: 上り項目 Request Message Field | Q10: 下り項目 Response Message Field
A11: 10 | B11: * | D11: OrdSendIf_Cal_Srch01_Cnd | E11: R
A12: 10 | D12: master_dt | E12: #MA.DT | G12: Master application date | H12: マスタ適用日 | I12: E | J12: -
A13: 20 | B13: * | D13: OrdSendIf_Cal_Srch01_Rslt | E13: L
A14: 20 | D14: cal_cd | E14: #MA.CAL_CD | G14: Calendar cd. | H14: カレンダＣＤ | I14: - | J14: E
A15: 20 | D15: cal_nm | E15: #MA.CAL_NM | G15: Calendar name | H15: カレンダ名 | I15: - | J15: E
A16: 20 | D16: st_dt | E16: #MA.DT | G16: Application start date | H16: 適用開始日 | I16: - | J16: E
A17: 20 | D17: end_dt | E17: #MA.DT | G17: Application end date | H17: 適用終了日 | I17: - | J17: E
A18: 20 | D18: sun_off_flg | E18: #MA.FLG | G18: Sunday holiday flg. | H18: 日曜休日ＦＬＧ | I18: - | J18: E
A19: 20 | D19: mon_off_flg | E19: #MA.FLG | G19: Monday holiday flg. | H19: 月曜休日ＦＬＧ | I19: - | J19: E
A20: 20 | D20: tue_off_flg | E20: #MA.FLG | G20: Tuesday holiday flg. | H20: 火曜休日ＦＬＧ | I20: - | J20: E
A21: 20 | D21: wed_off_flg | E21: #MA.FLG | G21: Wednesday holiday flg. | H21: 水曜休日ＦＬＧ | I21: - | J21: E
A22: 20 | D22: thu_off_flg | E22: #MA.FLG | G22: Thursday holiday flg. | H22: 木曜休日ＦＬＧ | I22: - | J22: E
A23: 20 | D23: fri_off_flg | E23: #MA.FLG | G23: Friday holiday flg. | H23: 金曜休日ＦＬＧ | I23: - | J23: E
A24: 20 | D24: sat_off_flg | E24: #MA.FLG | G24: Saturday holiday flg. | H24: 土曜休日ＦＬＧ | I24: - | J24: E

Sheet OrdSendIf_Ext_Cal_Srch01
A1: * | B1: * | D1: L | E1: 1
A2: * | D2: オペレーション実装仕様書 Operation Specification Implementation Sheet | E2: ModuleID : | F2: MS | G2: LogicID : | H2: MSLAL9310 | I2: Ope.ID : | J2: OrdSendIf_Ext_Cal_Srch01 | K2: Pj.ID : | L2: MC | M2: Ope.Body : | N2: "mcframe.serverMAUD.MAUDL5010.MAUDL_Searcher"
A3: * | E3: SubModuleID : | F3: MSLA | G3: LogicClass : | H3: MSLAL_OrdSendIfService | I3: Ope.Method : | J3: @ | K3: SuperClassPj.ID : | O3: Gene.Type : | P3: ALL
A4: * | E4: Version : | F4: 000000 | G4: LogicName : | H4: オーダ送信ＩＦサービス | I4: Ope.Name : | J4: 臨時カレンダマスタ送信ＩＦ対象データ検索 | K4: SuperLogicID : | L4: MS.MSUDL5010 | M4: ImplOpe.ID:
A5: * | E5: ACType :
A6: * | D6: 概要 : | E6: 送信対象の臨時カレンダマスタデータを検索する。 | M6: ID | O6: ID | Q6: ID
A7: # | I7: U | K7: K | L7: o | N7: o | P7: o
A8: # | D8: ブロック名 Block Name | E8: 型 Type | G8: super/share | H8: 対象ブロック名 Target Block Name | L8: TargetName | N8: TargetName | P8: TargetName | T8: ブロック備考 Block Remarks
A9: # | D9: 項目名 Field Name | E9: 型 Type | F9: 桁 Digits | G9: フルネーム Full Name | H9: 日本語名 Japanese Name | I9: 上り項目 Request Message Field | J9: 下り項目 Response Message Field | R9: 条件および編集方法 Conditions and Editing Methods | T9: 項目備考 Field Remarks
A10: # | L10: 上り項目 Request Message Field | M10: 下り項目 Response Message Field | N10: 上り項目 Request Message Field | O10: 下り項目 Response Message Field | P10: 上り項目 Request Message Field | Q10: 下り項目 Response Message Field
A11: 10 | B11: * | D11: OrdSendIf_Ext_Cal_Srch01_Rslt | E11: L
A12: 10 | D12: cal_cd | E12: #MA.CAL_CD | G12: Calendar cd. | H12: カレンダＣＤ | I12: - | J12: E
A13: 10 | D13: dt | E13: #MA.DT | G13: Date | H13: 年月日 | I13: - | J13: E
A14: 10 | D14: off_flg | E14: #MA.FLG | G14: Holiday | H14: 休日 | I14: - | J14: E

Sheet OrdSendIf_Stk_Srch01
A1: * | B1: * | D1: L | E1: 1
A2: * | D2: オペレーション実装仕様書 Operation Specification Implementation Sheet | E2: ModuleID : | F2: MS | G2: LogicID : | H2: MSLAL9310 | I2: Ope.ID : | J2: OrdSendIf_Stk_Srch01 | K2: Pj.ID : | L2: MC | M2: Ope.Body : | N2: "mcframe.serverMAUD.MAUDL5010.MAUDL_Searcher"
A3: * | E3: SubModuleID : | F3: MSLA | G3: LogicClass : | H3: MSLAL_OrdSendIfService | I3: Ope.Method : | J3: @ | K3: SuperClassPj.ID : | O3: Gene.Type : | P3: ALL
A4: * | E4: Version : | F4: 000000 | G4: LogicName : | H4: オーダ送信ＩＦサービス | I4: Ope.Name : | J4: 在庫情報送信ＩＦ対象データ検索 | K4: SuperLogicID : | L4: MS.MSUDL5010 | M4: ImplOpe.ID:
A5: * | E5: ACType :
A6: * | D6: 概要 : | E6: 送信対象の在庫情報を検索する | M6: ID | O6: ID | Q6: ID
A7: # | I7: U | K7: K | L7: o | N7: o | P7: o
A8: # | D8: ブロック名 Block Name | E8: 型 Type | G8: super/share | H8: 対象ブロック名 Target Block Name | L8: TargetName | N8: TargetName | P8: TargetName | T8: ブロック備考 Block Remarks
A9: # | D9: 項目名 Field Name | E9: 型 Type | F9: 桁 Digits | G9: フルネーム Full Name | H9: 日本語名 Japanese Name | I9: 上り項目 Request Message Field | J9: 下り項目 Response Message Field | R9: 条件および編集方法 Conditions and Editing Methods | T9: 項目備考 Field Remarks
A10: # | L10: 上り項目 Request Message Field | M10: 下り項目 Response Message Field | N10: 上り項目 Request Message Field | O10: 下り項目 Response Message Field | P10: 上り項目 Request Message Field | Q10: 下り項目 Response Message Field
A11: 10 | B11: * | D11: OrdSendIf_Stk_Srch01_Cnd | E11: R
A12: 10 | D12: wg_cd | E12: #MA.WG_CD | G12: WG cd. | H12: ワーキンググループＣＤ | I12: E | J12: -
A13: 10 | D13: loc_grp_cd | E13: #MA.LOC_GRP_CD | G13: Mfg. location group cd. | H13: 製造場所グループＣＤ | I13: E | J13: -
A14: 10 | D14: site_cd | E14: #MA.SITE_CD | G14: Factory/Distribution warehouse cd. | H14: 工場・物流倉庫ＣＤ | I14: E | J14: -
A15: 10 | D15: loc_cd | E15: #MA.LOC_CD | G15: Location cd. | H15: 場所ＣＤ | I15: E | J15: -
A16: 10 | D16: if_scheduler_typ | E16: #MS.IF_SCHEDULER_TYP | G16: Linkage scheduler type | H16: 連携スケジューラ区分 | I16: E | J16: -
A18: 20 | B18: * | D18: OrdSendIf_Stk_Srch01_Rslt | E18: L
A19: 20 | D19: wg_cd | E19: #MA.WG_CD | G19: WG cd. | H19: ワーキンググループＣＤ | I19: - | J19: E
A20: 20 | D20: itm_cd | E20: #MA.ITM_CD | G20: Item cd. | H20: 品目ＣＤ | I20: - | J20: E
A21: 20 | D21: itm_sub1 | E21: #MA.ITM_SUB1 | G21: Branch No. 1 | H21: 枝番１ | I21: - | J21: E
A22: 20 | D22: itm_sub2 | E22: #MA.ITM_SUB2 | G22: Branch No. 2 | H22: 枝番２ | I22: - | J22: E
A23: 20 | D23: itm_sub3 | E23: #MA.ITM_SUB3 | G23: Branch No. 3 | H23: 枝番３ | I23: - | J23: E
A24: 20 | D24: loc_cd | E24: #MA.LOC_CD | G24: Location cd. | H24: 場所ＣＤ | I24: - | J24: E
A25: 20 | D25: ver_no | E25: #MA.VER_NO | G25: Version No. | H25: 版ＮＯ | I25: - | J25: E
A26: 20 | D26: lot_no | E26: #MA.LOT_NO | G26: Lot No. | H26: ロットＮＯ | I26: - | J26: E
A27: 20 | D27: sublot_no | E27: #MA.SUBLOT_NO | G27: Sublot No. | H27: サブロットＮＯ | I27: - | J27: E
A28: 20 | D28: qty | E28: #MA.QTY | G28: Inventory qty. | H28: 在庫数量 | I28: - | J28: E
A29: 20 | D29: gd_cd | E29: #MA.STK_GD_CD | G29: Grading cd. | H29: 格付ＣＤ | I29: - | J29: E
A30: 20 | D30: first_gr_dt | E30: #MA.DT | G30: Oldest GR date | H30: 最古入庫日 | I30: - | J30: E
... A36: 20 | D36: sno4 | E36: #MA.SNO4 | G36: SEIBAN No. 4 | H36: 手配ＮＯ４ | I36: - | J36: E

Sheet OrdSendIf_IO_Gr_Srch01
A1: * | B1: * | D1: L | E1: 1
A2: * | D2: オペレーション実装仕様書 Operation Specification Implementation Sheet | E2: ModuleID : | F2: MS | G2: LogicID : | H2: MSLAL9310 | I2: Ope.ID : | J2: OrdSendIf_IO_Gr_Srch01 | K2: Pj.ID : | L2: MC | M2: Ope.Body : | N2: "mcframe.serverMAUD.MAUDL5010.MAUDL_Searcher"
A3: * | E3: SubModuleID : | F3: MSLA | G3: LogicClass : | H3: MSLAL_OrdSendIfService | I3: Ope.Method : | J3: @ | K3: SuperClassPj.ID : | O3: Gene.Type : | P3: ALL
A4: * | E4: Version : | F4: 000000 | G4: LogicName : | H4: オーダ送信ＩＦサービス | I4: Ope.Name : | J4: 入庫予定送信ＩＦ対象データ検索 | K4: SuperLogicID : | L4: MS.MSUDL5010 | M4: ImplOpe.ID:
A5: * | E5: ACType :
A6: * | D6: 概要 : | E6: 送信対象の入庫予定情報を検索する | M6: ID | O6: ID | Q6: ID
A7: # | I7: U | K7: K | L7: o | N7: o | P7: o
A8: # | D8: ブロック名 Block Name | E8: 型 Type | G8: super/share | H8: 対象ブロック名 Target Block Name | L8: TargetName | N8: TargetName | P8: TargetName | T8: ブロック備考 Block Remarks
A9: # | D9: 項目名 Field Name | E9: 型 Type | F9: 桁 Digits | G9: フルネーム Full Name | H9: 日本語名 Japanese Name | I9: 上り項目 Request Message Field | J9: 下り項目 Response Message Field | R9: 条件および編集方法 Conditions and Editing Methods | T9: 項目備考 Field Remarks
A10: # | L10: 上り項目 Request Message Field | M10: 下り項目 Response Message Field | N10: 上り項目 Request Message Field | O10: 下り項目 Response Message Field | P10: 上り項目 Request Message Field | Q10: 下り項目 Response Message Field
A11: 10 | B11: * | D11: OrdSendIf_IO_Gr_Srch01_Cnd | E11: R
A12: 10 | D12: wg_cd | E12: #MA.WG_CD | G12: WG cd. | H12: ワーキンググループＣＤ | I12: E | J12: -
A13: 10 | D13: loc_grp_cd | E13: #MA.LOC_GRP_CD | G13: Mfg. location group cd. | H13: 製造場所グループＣＤ | I13: E | J13: -
A14: 10 | D14: site_cd | E14: #MA.SITE_CD | G14: Factory/Distribution warehouse cd. | H14: 工場・物流倉庫ＣＤ | I14: E | J14: -
A15: 10 | D15: loc_cd | E15: #MA.LOC_CD | G15: Location cd. | H15: 場所ＣＤ | I15: E | J15: -
A16: 10 | D16: dt_fr | E16: #MA.DT | G16: Term FROM | H16: 対象期間ＦＲＯＭ | I16: E | J16: -
A17: 10 | D17: dt_to | E17: #MA.DT | G17: Term TO | H17: 対象期間ＴＯ | I17: E | J17: -
A18: 10 | D18: if_scheduler_typ | E18: #MS.IF_SCHEDULER_TYP | G18: Linkage scheduler type | H18: 連携スケジューラ区分 | I18: E | J18: -
A20: 20 | B20: * | D20: OrdSendIf_IO_Gr_Srch01_Rslt | E20: L
A21: 20 | D21: wg_cd | E21: #MA.WG_CD | G21: WG cd. | H21: ワーキンググループＣＤ | I21: - | J21: E
A22: 20 | D22: itm_ord_no | E22: #MA.ITM_ORD_NO | G22: Item order No. | H22: 品目オーダＮＯ | I22: - | J22: E
A23: 20 | D23: io_schd_no | E23: #MA.IO_SCHD_NO | G23: GR/GI schedule No. | H23: 受払予定ＮＯ | I23: - | J23: E
A24: 20 | D24: io_schd_typ | E24: #MS.IO_SCHD_TYP | G24: GR/GI schedule type | H24: 受払予定区分 | I24: - | J24: E
A25: 20 | D25: io_schd_sts_typ | E25: #MS.IO_SCHD_STS_TYP | G25: GR/GI schedule status type | H25: 受払予定状況区分 | I25: - | J25: E
A26: 20 | D26: itm_cd | E26: #MA.ITM_CD | G26: Item cd. | H26: 品目ＣＤ | I26: - | J26: E
A27: 20 | D27: itm_sub1 | E27: #MA.ITM_SUB1 | G27: Branch No. 1 | H27: 枝番１ | I27: - | J27: E
A28: 20 | D28: itm_sub2 | E28: #MA.ITM_SUB2 | G28: Branch No. 2 | H28: 枝番２ | I28: - | J28: E
A29: 20 | D29: itm_sub3 | E29: #MA.ITM_SUB3 | G29: Branch No. 3 | H29: 枝番３ | I29: - | J29: E
A30: 20 | D30: loc_cd | E30: #MA.LOC_CD | G30: Location cd. | H30: 場所ＣＤ | I30: - | J30: E
A31: 20 | D31: ver_no | E31: #MA.VER_NO | G31: Version No. | H31: 版ＮＯ | I31: - | J31: E
A32: 20 | D32: lot_no | E32: #MA.LOT_NO | G32: Lot No. | H32: ロットＮＯ | I32: - | J32: E
... A40: 20 | D40: sno4 | E40: #MA.SNO4 | G40: SEIBAN No. 4 | H40: 手配ＮＯ４ | I40: - | J40: E

Sheet OrdSendIf_IO_Gi_Srch01
A1: * | B1: * | D1: L | E1: 1
A2: * | D2: オペレーション実装仕様書 Operation Specification Implementation Sheet | E2: ModuleID : | F2: MS | G2: LogicID : | H2: MSLAL9310 | I2: Ope.ID : | J2: OrdSendIf_IO_Gi_Srch01 | K2: Pj.ID : | L2: MC | M2: Ope.Body : | N2: "mcframe.serverMAUD.MAUDL5010.MAUDL_Searcher"
A3: * | E3: SubModuleID : | F3: MSLA | G3: LogicClass : | H3: MSLAL_OrdSendIfService | I3: Ope.Method : | J3: @ | K3: SuperClassPj.ID : | O3: Gene.Type : | P3: ALL
A4: * | E4: Version : | F4: 000000 | G4: LogicName : | H4: オーダ送信ＩＦサービス | I4: Ope.Name : | J4: 出庫予定送信ＩＦ対象データ検索 | K4: SuperLogicID : | L4: MS.MSUDL5010 | M4: ImplOpe.ID:
A5: * | E5: ACType :
A6: * | D6: 概要 : | E6: 送信対象の出庫予定情報を検索する | M6: ID | O6: ID | Q6: ID
A7: # | I7: U | K7: K | L7: o | N7: o | P7: o
A8: # | D8: ブロック名 Block Name | E8: 型 Type | G8: super/share | H8: 対象ブロック名 Target Block Name | L8: TargetName | N8: TargetName | P8: TargetName | T8: ブロック備考 Block Remarks
A9: # | D9: 項目名 Field Name | E9: 型 Type | F9: 桁 Digits | G9: フルネーム Full Name | H9: 日本語名 Japanese Name | I9: 上り項目 Request Message Field | J9: 下り項目 Response Message Field | R9: 条件および編集方法 Conditions and Editing Methods | T9: 項目備考 Field Remarks
A10: # | L10: 上り項目 Request Message Field | M10: 下り項目 Response Message Field | N10: 上り項目 Request Message Field | O10: 下り項目 Response Message Field | P10: 上り項目 Request Message Field | Q10: 下り項目 Response Message Field
A11: 10 | B11: * | D11: OrdSendIf_IO_Gi_Srch01_Cnd | E11: R
A12: 10 | D12: wg_cd | E12: #MA.WG_CD | G12: WG cd. | H12: ワーキンググループＣＤ | I12: E | J12: -
A13: 10 | D13: loc_grp_cd | E13: #MA.LOC_GRP_CD | G13: Mfg. location group cd. | H13: 製造場所グループＣＤ | I13: E | J13: -
A14: 10 | D14: site_cd | E14: #MA.SITE_CD | G14: Factory/Distribution warehouse cd. | H14: 工場・物流倉庫ＣＤ | I14: E | J14: -
A15: 10 | D15: loc_cd | E15: #MA.LOC_CD | G15: Location cd. | H15: 場所ＣＤ | I15: E | J15: -
A16: 10 | D16: dt_fr | E16: #MA.DT | G16: Term FROM | H16: 対象期間ＦＲＯＭ | I16: E | J16: -
A17: 10 | D17: dt_to | E17: #MA.DT | G17: Term TO | H17: 対象期間ＴＯ | I17: E | J17: -
A18: 10 | D18: if_scheduler_typ | E18: #MS.IF_SCHEDULER_TYP | G18: Linkage scheduler type | H18: 連携スケジューラ区分 | I18: E | J18: -
A20: 20 | B20: * | D20: OrdSendIf_IO_Gi_Srch01_Rslt | E20: L
A21: 20 | D21: wg_cd | E21: #MA.WG_CD | G21: WG cd. | H21: ワーキンググループＣＤ | I21: - | J21: E
A22: 20 | D22: itm_ord_no | E22: #MA.ITM_ORD_NO | G22: Item order No. | H22: 品目オーダＮＯ | I22: - | J22: E
A23: 20 | D23: io_schd_no | E23: #MA.IO_SCHD_NO | G23: GR/GI schedule No. | H23: 受払予定ＮＯ | I23: - | J23: E
A24: 20 | D24: io_schd_typ | E24: #MS.IO_SCHD_TYP | G24: GR/GI schedule type | H24: 受払予定区分 | I24: - | J24: E
A25: 20 | D25: io_schd_sts_typ | E25: #MS.IO_SCHD_STS_TYP | G25: GR/GI schedule status type | H25: 受払予定状況区分 | I25: - | J25: E
A26: 20 | D26: itm_cd | E26: #MA.ITM_CD | G26: Item cd. | H26: 品目ＣＤ | I26: - | J26: E
A27: 20 | D27: itm_sub1 | E27: #MA.ITM_SUB1 | G27: Branch No. 1 | H27: 枝番１ | I27: - | J27: E
A28: 20 | D28: itm_sub2 | E28: #MA.ITM_SUB2 | G28: Branch No. 2 | H28: 枝番２ | I28: - | J28: E
A29: 20 | D29: itm_sub3 | E29: #MA.ITM_SUB3 | G29: Branch No. 3 | H29: 枝番３ | I29: - | J29: E
A30: 20 | D30: loc_cd | E30: #MA.LOC_CD | G30: Location cd. | H30: 場所ＣＤ | I30: - | J30: E
A31: 20 | D31: ver_no | E31: #MA.VER_NO | G31: Version No. | H31: 版ＮＯ | I31: - | J31: E
A32: 20 | D32: lot_no | E32: #MA.LOT_NO | G32: Lot No. | H32: ロットＮＯ | I32: - | J32: E
... A56: 20 | D56: alloc_flg | E56: #MA.FLG | G56: Location allocation flg. | H56: 場所引当ＦＬＧ | I56: - | J56: E

Sheet OrdSendIf_Dly_Dmnd_Srch01
A1: * | B1: * | D1: L | E1: 1
A2: * | D2: オペレーション実装仕様書 Operation Specification Implementation Sheet | E2: ModuleID : | F2: MS | G2: LogicID : | H2: MSLAL9310 | I2: Ope.ID : | J2: OrdSendIf_Dly_Dmnd_Srch01 | K2: Pj.ID : | L2: MC | M2: Ope.Body : | N2: "mcframe.serverMAUD.MAUDL5010.MAUDL_Searcher"
A3: * | E3: SubModuleID : | F3: MSLA | G3: LogicClass : | H3: MSLAL_OrdSendIfService | I3: Ope.Method : | J3: @ | K3: SuperClassPj.ID : | O3: Gene.Type : | P3: ALL
A4: * | E4: Version : | F4: 000000 | G4: LogicName : | H4: オーダ送信ＩＦサービス | I4: Ope.Name : | J4: 日次需要送信ＩＦ対象データ検索 | K4: SuperLogicID : | L4: MS.MSUDL5010 | M4: ImplOpe.ID:
A5: * | E5: ACType :
A6: * | D6: 概要 : | E6: 送信対象の日次需要情報を検索する | M6: ID | O6: ID | Q6: ID
A7: # | I7: U | K7: K | L7: o | N7: o | P7: o
A8: # | D8: ブロック名 Block Name | E8: 型 Type | G8: super/share | H8: 対象ブロック名 Target Block Name | L8: TargetName | N8: TargetName | P8: TargetName | T8: ブロック備考 Block Remarks
A9: # | D9: 項目名 Field Name | E9: 型 Type | F9: 桁 Digits | G9: フルネーム Full Name | H9: 日本語名 Japanese Name | I9: 上り項目 Request Message Field | J9: 下り項目 Response Message Field | R9: 条件および編集方法 Conditions and Editing Methods | T9: 項目備考 Field Remarks
A10: # | L10: 上り項目 Request Message Field | M10: 下り項目 Response Message Field | N10: 上り項目 Request Message Field | O10: 下り項目 Response Message Field | P10: 上り項目 Request Message Field | Q10: 下り項目 Response Message Field
A11: 10 | B11: * | D11: OrdSendIf_Dly_Dmnd_Srch01_Cnd | E11: R
A12: 10 | D12: wg_cd | E12: #MA.WG_CD | G12: WG | H12: ＷＧ | I12: E | J12: -
A13: 10 | D13: site_cd | E13: #MA.SITE_CD | G13: Factory/Distribution warehouse cd. | H13: 工場・物流倉庫ＣＤ | I13: E | J13: -
A14: 10 | D14: loc_cd | E14: #MA.LOC_CD | G14: Location cd. | H14: 場所ＣＤ | I14: E | J14: -
A15: 10 | D15: dt_fr | E15: #MA.DT | G15: Term FROM | H15: 対象期間ＦＲＯＭ | I15: E | J15: -
A16: 10 | D16: dt_to | E16: #MA.DT | G16: Term TO | H16: 対象期間ＴＯ | I16: E | J16: -
A18: 20 | B18: * | D18: OrdSendIf_Dly_Dmnd_Srch01_Rslt | E18: L
A19: 20 | D19: wg_cd | E19: #MA.WG_CD | G19: WG cd. | H19: ワーキンググループＣＤ | I19: - | J19: E
A20: 20 | D20: dly_dmnd_no | E20: #MA.DLY_DMND_NO | G20: Daily demand No. | H20: 日次需要ＮＯ | I20: - | J20: E
A21: 20 | D21: itm_cd | E21: #MA.ITM_CD | G21: Item cd. | H21: 品目ＣＤ | I21: - | J21: E
A22: 20 | D22: itm_sub1 | E22: #MA.ITM_SUB1 | G22: Branch No. 1 | H22: 枝番１ | I22: - | J22: E
A23: 20 | D23: itm_sub2 | E23: #MA.ITM_SUB2 | G23: Branch No. 2 | H23: 枝番２ | I23: - | J23: E
A24: 20 | D24: itm_sub3 | E24: #MA.ITM_SUB3 | G24: Branch No. 3 | H24: 枝番３ | I24: - | J24: E
A25: 20 | D25: due_dt | E25: #MA.DT | G25: Due date | H25: 納期 | I25: - | J25: E
A26: 20 | D26: dmnd_loc_cd | E26: #MA.LOC_CD | G26: Requirements location | H26: 所要場所 | I26: - | J26: E
A27: 20 | D27: rqmt_qty | E27: #MA.QTY | G27: Requirements qty. | H27: 所要数量 | I27: - | J27: E
A28: 20 | D28: dmnd_typ | E28: #MS.DMND_TYP | G28: Demand type | H28: 需要区分 | I28: - | J28: E
A29: 20 | D29: sno1 | E29: #MA.SNO1 | G29: SEIBAN No. 1 | H29: 手配ＮＯ１ | I29: - | J29: E
A30: 20 | D30: sno_typ1 | E30: #MA.SNO_TYP | G30: SEIBAN No. 1 type | H30: 手配ＮＯ１区分 | I30: - | J30: E
... A36: 20 | D36: sno_typ4 | E36: #MA.SNO_TYP | G36: SEIBAN No. 4 type | H36: 手配ＮＯ４区分 | I36: - | J36: E

Sheet OrdSendIf_Srch01
A1: * | B1: * | D1: L | E1: 1
A2: * | D2: オペレーション実装仕様書 Operation Specification Implementation Sheet | E2: ModuleID : | F2: =IF(LogicCommon!C2="","",LogicCommon!C2) -> MS | G2: LogicID : | H2: =IF(LogicCommon!E2="","",LogicCommon!E2) -> MSLAL9310 | I2: Ope.ID : | J2: OrdSendIf_Srch01 | K2: Pj.ID : | L2: =IF(LogicCommon!G2="","",LogicCommon!G2) -> MC | M2: Ope.Body : | N2: "mcframe.serverMAUD.MAUDL5010.MAUDL_Searcher"
A3: * | D3: =IF(LogicCommon!A3="","",LogicCommon!A3) | E3: SubModuleID : | F3: =IF(LogicCommon!C3="","",LogicCommon!C3) -> MSLA | G3: LogicClass : | H3: =IF(LogicCommon!E3="","",LogicCommon!E3) -> MSLAL_OrdSendIfService | I3: Ope.Method : | J3: @ | K3: SuperClassPj.ID : | L3: =IF(LogicCommon!G3="","",LogicCommon!G3) | O3: Gene.Type : | P3: ALL
A4: * | E4: Version : | F4: 000000 | G4: LogicName : | H4: =IF(LogicCommon!E4="","",LogicCommon!E4) -> オーダ送信ＩＦサービス | I4: Ope.Name : | J4: オーダＩＦ対象データ検索 | K4: SuperLogicID : | L4: =IF(LogicCommon!G4="","",LogicCommon!G4) -> MS.MSUDL5010 | M4: ImplOpe.ID:
A5: * | E5: ACType :
A6: * | D6: 概要 : | E6: 送信対象のオーダ情報を検索する | M6: ID | O6: ID | Q6: ID
A7: # | I7: U | K7: K | L7: o | N7: o | P7: o
A8: # | D8: ブロック名 Block Name | E8: 型 Type | G8: super/share | H8: 対象ブロック名 Target Block Name | L8: TargetName | N8: TargetName | P8: TargetName | T8: ブロック備考 Block Remarks
A9: # | D9: 項目名 Field Name | E9: 型 Type | F9: 桁 Digits | G9: フルネーム Full Name | H9: 日本語名 Japanese Name | I9: 上り項目 Request Message Field | J9: 下り項目 Response Message Field | R9: 条件および編集方法 Conditions and Editing Methods | T9: 項目備考 Field Remarks
A10: # | L10: 上り項目 Request Message Field | M10: 下り項目 Response Message Field | N10: 上り項目 Request Message Field | O10: 下り項目 Response Message Field | P10: 上り項目 Request Message Field | Q10: 下り項目 Response Message Field
A11: 10 | B11: * | D11: OrdSendIf_Srch01_Dtl | E11: R
A12: 10 | D12: wg_cd | E12: #MA.WG_CD | G12: WG cd. | H12: ワーキンググループＣＤ | I12: E | J12: -
A13: 10 | D13: loc_grp_cd | E13: #MA.LOC_GRP_CD | G13: Mfg. location group cd. | H13: 製造場所グループＣＤ | I13: E | J13: -
A14: 10 | D14: site_cd | E14: #MA.SITE_CD | G14: Factory/Distribution warehouse cd. | H14: 工場・物流倉庫ＣＤ | I14: E | J14: -
A15: 10 | D15: mfg_loc_cd | E15: #MA.LOC_CD | G15: Mfg. location cd. | H15: 製造場所ＣＤ | I15: E | J15: -
A16: 10 | D16: dt_fr | E16: #MA.DT | G16: Term FROM | H16: 対象期間ＦＲＯＭ | I16: E | J16: -
A17: 10 | D17: dt_to | E17: #MA.DT | G17: Term TO | H17: 対象期間ＴＯ | I17: E | J17: -
A18: 10 | D18: include_unfirm_flg | E18: #MA.FLG | G18: Include unfirm | H18: 未確定を含む | I18: E | J18: -
A19: 10 | D19: if_scheduler_typ | E19: #MS.IF_SCHEDULER_TYP | G19: Linkage scheduler type | H19: 連携スケジューラ区分 | I19: E | J19: -
A20: 10 | D20: upd_flg | E20: #MA.FLG | G20: Update flg. | H20: 更新ＦＬＧ | I20: E | J20: -
A22: 20 | B22: * | D22: OrdSendIf_Srch01_Rslt | E22: L
A23: 20 | D23: itm_ord_typ | E23: #MS.ITM_ORD_TYP | G23: Order type | H23: オーダ区分 | I23: - | J23: E
A24: 20 | D24: itm_ord_no | E24: #MA.ITM_ORD_NO | G24: Item order No. | H24: 品目オーダＮＯ | I24: - | J24: E
A25: 20 | D25: oper_ord_no | E25: #MA.OPER_ORD_NO | G25: Operation order No. | H25: 工程オーダＮＯ | I25: - | J25: E
A26: 20 | D26: itm_ord_sts_typ | E26: #MS.ITM_ORD_STS_TYP | G26: Item order status type | H26: 品目オーダ状況区分 | I26: - | J26: E
A27: 20 | D27: oper_ord_sts_typ | E27: #MS.OPER_ORD_STS_TYP | G27: Operation order status type | H27: 工程オーダ状況区分 | I27: - | J27: E
A28: 20 | D28: itm_cd | E28: #MA.ITM_CD | G28: Item cd. | H28: 品目ＣＤ | I28: - | J28: E
A29: 20 | D29: itm_sub1 | E29: #MA.ITM_SUB1 | G29: Branch No. 1 | H29: 枝番１ | I29: - | J29: E
A30: 20 | D30: itm_sub2 | E30: #MA.ITM_SUB2 | G30: Branch No. 2 | H30: 枝番２ | I30: - | J30: E
A31: 20 | D31: itm_sub3 | E31: #MA.ITM_SUB3 | G31: Branch No. 3 | H31: 枝番３ | I31: - | J31: E
A32: 20 | D32: itm_nm | E32: #MA.ITM_NM | G32: Item name | H32: 品名 | I32: - | J32: E
A33: 20 | D33: ver_no | E33: #MA.VER_NO | G33: Version No. | H33: 版ＮＯ | I33: - | J33: E
A34: 20 | D34: strg_loc_cd | E34: #MA.LOC_CD | G34: Storage location cd. | H34: 格納場所ＣＤ | I34: - | J34: E
... A74: 20 | D74: co_nm | E74: #MA.CO_NM | G74: Company name | H74: 会社名 | I74: - | J74: E

Sheet OrdSendIf_Itm_Dtl_Bom_Srch01
A1: * | B1: * | D1: L | E1: 1
A2: * | D2: オペレーション実装仕様書 Operation Specification Implementation Sheet | E2: ModuleID : | F2: =IF(LogicCommon!C2="","",LogicCommon!C2) -> MS | G2: LogicID : | H2: =IF(LogicCommon!E2="","",LogicCommon!E2) -> MSLAL9310 | I2: Ope.ID : | J2: OrdSendIf_Itm_Dtl_Bom_Srch01 | K2: Pj.ID : | L2: =IF(LogicCommon!G2="","",LogicCommon!G2) -> MC | M2: Ope.Body : | N2: "mcframe.serverMAUD.MAUDL5010.MAUDL_Searcher"
A3: * | D3: =IF(LogicCommon!A3="","",LogicCommon!A3) | E3: SubModuleID : | F3: =IF(LogicCommon!C3="","",LogicCommon!C3) -> MSLA | G3: LogicClass : | H3: =IF(LogicCommon!E3="","",LogicCommon!E3) -> MSLAL_OrdSendIfService | I3: Ope.Method : | J3: @ | K3: SuperClassPj.ID : | L3: =IF(LogicCommon!G3="","",LogicCommon!G3) | O3: Gene.Type : | P3: ALL
A4: * | E4: Version : | F4: 000000 | G4: LogicName : | H4: =IF(LogicCommon!E4="","",LogicCommon!E4) -> オーダ送信ＩＦサービス | I4: Ope.Name : | J4: 品目詳細ＢＯＭマスタ送信ＩＦ対象データ検索 | K4: SuperLogicID : | L4: =IF(LogicCommon!G4="","",LogicCommon!G4) -> MS.MSUDL5010 | M4: ImplOpe.ID:
A5: * | E5: ACType :
A6: * | D6: 概要 : | E6: 送信対象の品目詳細マスタおよびＢＯＭマスタを検索する | M6: ID | O6: ID | Q6: ID
A7: # | I7: U | K7: K | L7: o | N7: o | P7: o
A8: # | D8: ブロック名 Block Name | E8: 型 Type | G8: super/share | H8: 対象ブロック名 Target Block Name | L8: TargetName | N8: TargetName | P8: TargetName | T8: ブロック備考 Block Remarks
A9: # | D9: 項目名 Field Name | E9: 型 Type | F9: 桁 Digits | G9: フルネーム Full Name | H9: 日本語名 Japanese Name | I9: 上り項目 Request Message Field | J9: 下り項目 Response Message Field | R9: 条件および編集方法 Conditions and Editing Methods | T9: 項目備考 Field Remarks
A10: # | L10: 上り項目 Request Message Field | M10: 下り項目 Response Message Field | N10: 上り項目 Request Message Field | O10: 下り項目 Response Message Field | P10: 上り項目 Request Message Field | Q10: 下り項目 Response Message Field
A11: 10 | B11: * | D11: OrdSendIf_Itm_Dtl_Bom_Srch01_Dtl | E11: R
A12: 10 | D12: master_dt | E12: #MA.DT | G12: Master application date | H12: マスタ適用日 | I12: E | J12: -
A13: 10 | D13: wg_cd | E13: #MA.WG_CD | G13: WG cd. | H13: ワーキンググループＣＤ | I13: E | J13: -
A14: 10 | D14: mfg_loc_grp_cd | E14: #MA.LOC_GRP_CD | G14: Mfg. location group cd. | H14: 製造場所グループＣＤ | I14: E | J14: -
A15: 10 | D15: site_cd | E15: #MA.SITE_CD | G15: Factory/Distribution warehouse cd. | H15: 工場・物流倉庫ＣＤ | I15: E | J15: -
A16: 10 | D16: mfg_loc_cd | E16: #MA.LOC_CD | G16: Mfg. location cd. | H16: 製造場所ＣＤ | I16: E | J16: -
A17: 10 | D17: if_scheduler_typ | E17: #MS.IF_SCHEDULER_TYP | G17: Linkage scheduler type | H17: 連携スケジューラ区分 | I17: E | J17: -
A19: 20 | B19: * | D19: OrdSendIf_Itm_Dtl_Bom_Srch01_Rslt | E19: L
A20: 20 | D20: itm_dtl_bom | E20: R | F20: DBC:MS.MST_ORDSND_DTL_BOM_IF
A21: 20 | D21: itm_dtl_bom.wg_cd# | E21: RI | G21: WG cd. | H21: ワーキンググループＣＤ | I21: - | J21: E
A22: 20 | D22: itm_dtl_bom.par_itm_cd# | E22: RI | G22: Parent item cd. | H22: 親品目ＣＤ | I22: - | J22: E
A23: 20 | D23: itm_dtl_bom.par_itm_sub1# | E23: RI | G23: Parent branch No. 1 | H23: 親枝番１ | I23: - | J23: E
A24: 20 | D24: itm_dtl_bom.par_itm_sub2# | E24: RI | G24: Parent branch No. 2 | H24: 親枝番２ | I24: - | J24: E
A25: 20 | D25: itm_dtl_bom.par_itm_sub3# | E25: RI | G25: Parent branch No. 3 | H25: 親枝番３ | I25: - | J25: E
A26: 20 | D26: itm_dtl_bom.mfg_loc_cd# | E26: RI | G26: Mfg. location cd. | H26: 製造場所ＣＤ | I26: - | J26: E
A27: 20 | D27: itm_dtl_bom.bom_ptn# | E27: RI | G27: BOM pattern | H27: 構成パタン | I27: - | J27: E
A28: 20 | D28: itm_dtl_bom.itm_dtl_st_dt# | E28: RI | G28: Application start date | H28: 適用開始日 | I28: - | J28: E
A29: 20 | D29: itm_dtl_bom.itm_dtl_end_dt# | E29: RI | G29: Application end date | H29: 適用終了日 | I29: - | J29: E
A30: 20 | D30: itm_dtl_bom.oper_ptn# | E30: RI | G30: Operation pattern | H30: 工程パタン | I30: - | J30: E
A31: 20 | D31: itm_dtl_bom.mfg_lt# | E31: RI | G31: Mfg. LT | H31: 製造ＬＴ | I31: - | J31: E
A32: 20 | D32: itm_dtl_bom.mfg_lt_add_qty# | E32: RI | G32: Mfg. LT adds base qty. | H32: 製造ＬＴ加算基準数量 | I32: - | J32: E
... A74: 20 | D74: itm_dtl_bom.inpt_ctl_typ# | E74: RI | G74: Input control type | H74: 投入制御区分 | I74: - | J74: E

Sheet OrdSendIf_Oper_InstAct_Srch01
A1: * | B1: * | D1: L | E1: 1
A2: * | D2: オペレーション実装仕様書 Operation Specification Implementation Sheet | E2: ModuleID : | F2: =IF(LogicCommon!C2="","",LogicCommon!C2) -> MS | G2: LogicID : | H2: =IF(LogicCommon!E2="","",LogicCommon!E2) -> MSLAL9310 | I2: Ope.ID : | J2: OrdSendIf_Oper_InstAct_Srch01 | K2: Pj.ID : | L2: =IF(LogicCommon!G2="","",LogicCommon!G2) -> MC | M2: Ope.Body : | N2: "mcframe.serverMAUD.MAUDL5010.MAUDL_Searcher"
A3: * | D3: =IF(LogicCommon!A3="","",LogicCommon!A3) | E3: SubModuleID : | F3: =IF(LogicCommon!C3="","",LogicCommon!C3) -> MSLA | G3: LogicClass : | H3: =IF(LogicCommon!E3="","",LogicCommon!E3) -> MSLAL_OrdSendIfService | I3: Ope.Method : | J3: @ | K3: SuperClassPj.ID : | L3: =IF(LogicCommon!G3="","",LogicCommon!G3) | O3: Gene.Type : | P3: ALL
A4: * | E4: Version : | F4: 000000 | G4: LogicName : | H4: =IF(LogicCommon!E4="","",LogicCommon!E4) -> オーダ送信ＩＦサービス | I4: Ope.Name : | J4: スケジューラ用工程指図実績送信ＩＦ対象データ検索 | K4: SuperLogicID : | L4: =IF(LogicCommon!G4="","",LogicCommon!G4) -> MS.MSUDL5010 | M4: ImplOpe.ID:
A5: * | E5: ACType :
A6: * | D6: 概要 : | E6: 送信対象の工程指図・実績を検索する | M6: ID | O6: ID | Q6: ID
A7: # | I7: U | K7: K | L7: o | N7: o | P7: o
A8: # | D8: ブロック名 Block Name | E8: 型 Type | G8: super/share | H8: 対象ブロック名 Target Block Name | L8: TargetName | N8: TargetName | P8: TargetName | T8: ブロック備考 Block Remarks
A9: # | D9: 項目名 Field Name | E9: 型 Type | F9: 桁 Digits | G9: フルネーム Full Name | H9: 日本語名 Japanese Name | I9: 上り項目 Request Message Field | J9: 下り項目 Response Message Field | R9: 条件および編集方法 Conditions and Editing Methods | T9: 項目備考 Field Remarks
A10: # | L10: 上り項目 Request Message Field | M10: 下り項目 Response Message Field | N10: 上り項目 Request Message Field | O10: 下り項目 Response Message Field | P10: 上り項目 Request Message Field | Q10: 下り項目 Response Message Field
A11: 10 | B11: * | D11: OrdSendIf_Oper_InstAct_Srch01_Dtl | E11: R
A12: 10 | D12: wg_cd | E12: #MA.WG_CD | G12: WG cd. | H12: ワーキンググループＣＤ | I12: E | J12: -
A13: 10 | D13: mfg_loc_grp_cd | E13: #MA.LOC_GRP_CD | G13: Mfg. location group cd. | H13: 製造場所グループＣＤ | I13: E | J13: -
A14: 10 | D14: site_cd | E14: #MA.SITE_CD | G14: Factory/Distribution warehouse cd. | H14: 工場・物流倉庫ＣＤ | I14: E | J14: -
A15: 10 | D15: mfg_loc_cd | E15: #MA.LOC_CD | G15: Mfg. location cd. | H15: 製造場所ＣＤ | I15: E | J15: -
A16: 10 | D16: term_from | E16: #MA.DT | G16: Term FROM | H16: 対象期間ＦＲＯＭ | I16: E | J16: -
A17: 10 | D17: term_to | E17: #MA.DT | G17: Term TO | H17: 対象期間ＴＯ | I17: E | J17: -
A19: 20 | B19: * | D19: OrdSendIf_Oper_InstAct_Srch01_Rslt | E19: L
A20: 20 | D20: ope_act | E20: R | F20: DBC:MS.MST_ORDSND_OPE_ACT_IF
A21: 20 | D21: ope_act.ext_itm_ord_no# | E21: RI | G21: External item order No. | H21: 外部品目オーダＮＯ | I21: - | J21: E
A22: 20 | D22: ope_act.ext_oper_ord_no# | E22: RI | G22: External operation order No. | H22: 外部工程オーダＮＯ | I22: - | J22: E
A23: 20 | D23: ope_act.wg_cd# | E23: RI | G23: WG cd. | H23: ワーキンググループＣＤ | I23: - | J23: E
A24: 20 | D24: ope_act.itm_ord_no# | E24: RI | G24: Item order No. | H24: 品目オーダＮＯ | I24: - | J24: E
A25: 20 | D25: ope_act.oper_ord_no# | E25: RI | G25: Operation order No. | H25: 工程オーダＮＯ | I25: - | J25: E
A26: 20 | D26: ope_act.itm_mfg_inst_no# | E26: RI | G26: Mfg. order No. | H26: 製造指図ＮＯ | I26: - | J26: E
A27: 20 | D27: ope_act.itm_ord_sts_typ# | E27: RI | G27: Item order status type | H27: 品目オーダ状況区分 | I27: - | J27: E
A28: 20 | D28: ope_act.oper_ord_sts_typ# | E28: RI | G28: Operation order status type | H28: 工程オーダ状況区分 | I28: - | J28: E
A29: 20 | D29: ope_act.mfg_st_schd_dt# | E29: RI | G29: Scheduled mfg. start date | H29: 製造着手予定日 | I29: - | J29: E
A30: 20 | D30: ope_act.mfg_end_schd_dt# | E30: RI | G30: Scheduled mfg. end date | H30: 製造終了予定日 | I30: - | J30: E
A31: 20 | D31: ope_act.st_schd_tm# | E31: RI | G31: Scheduled operation start date and time | H31: 工程着手予定日時 | I31: - | J31: E
A32: 20 | D32: ope_act.end_schd_tm# | E32: RI | G32: Scheduled operation end date and time | H32: 工程終了予定日時 | I32: - | J32: E
... A41: 20 | D41: ope_act.act_end_tm# | E41: RI | G41: Actual latest operation end date and time | H41: 最遅工程終了実績日時 | I41: - | J41: E

Sheet OrdSendIf_Ord_Lnk_Srch01
A1: * | B1: * | D1: L | E1: 1
A2: * | D2: オペレーション実装仕様書 Operation Specification Implementation Sheet | E2: ModuleID : | F2: =IF(LogicCommon!C2="","",LogicCommon!C2) -> MS | G2: LogicID : | H2: =IF(LogicCommon!E2="","",LogicCommon!E2) -> MSLAL9310 | I2: Ope.ID : | J2: OrdSendIf_Ord_Lnk_Srch01 | K2: Pj.ID : | L2: =IF(LogicCommon!G2="","",LogicCommon!G2) -> MC | M2: Ope.Body : | N2: "mcframe.serverMAUD.MAUDL5010.MAUDL_Searcher"
A3: * | D3: =IF(LogicCommon!A3="","",LogicCommon!A3) | E3: SubModuleID : | F3: =IF(LogicCommon!C3="","",LogicCommon!C3) -> MSLA | G3: LogicClass : | H3: =IF(LogicCommon!E3="","",LogicCommon!E3) -> MSLAL_OrdSendIfService | I3: Ope.Method : | J3: @ | K3: SuperClassPj.ID : | L3: =IF(LogicCommon!G3="","",LogicCommon!G3) | O3: Gene.Type : | P3: ALL
A4: * | E4: Version : | F4: 000000 | G4: LogicName : | H4: =IF(LogicCommon!E4="","",LogicCommon!E4) -> オーダ送信ＩＦサービス | I4: Ope.Name : | J4: スケジューラ用オーダ引当送信ＩＦ対象データ検索 | K4: SuperLogicID : | L4: =IF(LogicCommon!G4="","",LogicCommon!G4) -> MS.MSUDL5010 | M4: ImplOpe.ID:
A5: * | E5: ACType :
A6: * | D6: 概要 : | E6: 送信対象のオーダ引当を検索する | M6: ID | O6: ID | Q6: ID
A7: # | I7: U | K7: K | L7: o | N7: o | P7: o
A8: # | D8: ブロック名 Block Name | E8: 型 Type | G8: super/share | H8: 対象ブロック名 Target Block Name | L8: TargetName | N8: TargetName | P8: TargetName | T8: ブロック備考 Block Remarks
A9: # | D9: 項目名 Field Name | E9: 型 Type | F9: 桁 Digits | G9: フルネーム Full Name | H9: 日本語名 Japanese Name | I9: 上り項目 Request Message Field | J9: 下り項目 Response Message Field | R9: 条件および編集方法 Conditions and Editing Methods | T9: 項目備考 Field Remarks
A10: # | L10: 上り項目 Request Message Field | M10: 下り項目 Response Message Field | N10: 上り項目 Request Message Field | O10: 下り項目 Response Message Field | P10: 上り項目 Request Message Field | Q10: 下り項目 Response Message Field
A11: 10 | B11: * | D11: OrdSendIf_Ord_Lnk_Srch01_Dtl | E11: R
A12: 10 | D12: wg_cd | E12: #MA.WG_CD | G12: WG cd. | H12: ワーキンググループＣＤ | I12: E | J12: -
A13: 10 | D13: mfg_loc_grp_cd | E13: #MA.LOC_GRP_CD | G13: Mfg. location group cd. | H13: 製造場所グループＣＤ | I13: E | J13: -
A14: 10 | D14: site_cd | E14: #MA.SITE_CD | G14: Factory/Distribution warehouse cd. | H14: 工場・物流倉庫ＣＤ | I14: E | J14: -
A15: 10 | D15: mfg_loc_cd | E15: #MA.LOC_CD | G15: Mfg. location cd. | H15: 製造場所ＣＤ | I15: E | J15: -
A16: 10 | D16: term_from | E16: #MA.DT | G16: Term FROM | H16: 対象期間ＦＲＯＭ | I16: E | J16: -
A17: 10 | D17: term_to | E17: #MA.DT | G17: Term TO | H17: 対象期間ＴＯ | I17: E | J17: -
A19: 20 | B19: * | D19: OrdSendIf_Ord_Lnk_Srch01_Rslt | E19: L
A20: 20 | D20: ord_lnk | E20: R | F20: DBC:MS.MST_ORDSND_ORD_LNK_IF
A21: 20 | D21: ord_lnk.wg_cd# | E21: RI | G21: WG cd. | H21: ワーキンググループＣＤ | I21: - | J21: E
A22: 20 | D22: ord_lnk.itm_ord_typ# | E22: RI | G22: Item order No. | H22: 品目オーダＮＯ | I22: - | J22: E
A23: 20 | D23: ord_lnk.itm_ord_no# | E23: RI | G23: Item order No. | H23: 品目オーダＮＯ | I23: - | J23: E
A24: 20 | D24: ord_lnk.par_itm_ord_no# | E24: RI | G24: Parent item order No. | H24: 親品目オーダＮＯ | I24: - | J24: E
A25: 20 | D25: ord_lnk.par_oper_ord_no# | E25: RI | G25: Parent operation order No. | H25: 親工程オーダＮＯ | I25: - | J25: E
A26: 20 | D26: ord_lnk.oper_ptn# | E26: RI | G26: Operation pattern | H26: 工程パタン | I26: - | J26: E
A27: 20 | D27: ord_lnk.oper_cd# | E27: RI | G27: Operation cd. | H27: 工程ＣＤ | I27: - | J27: E
A28: 20 | D28: ord_lnk.oper_seq# | E28: RI | G28: Operation sequence number | H28: 工程連番 | I28: - | J28: E
A29: 20 | D29: ord_lnk.itm_cd# | E29: RI | G29: Item cd. | H29: 品目ＣＤ | I29: - | J29: E
A30: 20 | D30: ord_lnk.itm_sub1# | E30: RI | G30: Branch No. 1 | H30: 枝番１ | I30: - | J30: E
A31: 20 | D31: ord_lnk.itm_sub2# | E31: RI | G31: Branch No. 2 | H31: 枝番２ | I31: - | J31: E
A32: 20 | D32: ord_lnk.itm_sub3# | E32: RI | G32: Branch No. 3 | H32: 枝番３ | I32: - | J32: E
... A37: 20 | D37: ord_lnk.accpt_insp_lt# | E37: RI | G37: Acceptance LT | H37: 検収ＬＴ | I37: - | J37: E

Sheet OrdSendIf_Schd_ActQty_Srch01
A1: * | B1: * | D1: L | E1: 1
A2: * | D2: オペレーション実装仕様書 Operation Specification Implementation Sheet | E2: ModuleID : | F2: =IF(LogicCommon!C2="","",LogicCommon!C2) -> MS | G2: LogicID : | H2: =IF(LogicCommon!E2="","",LogicCommon!E2) -> MSLAL9310 | I2: Ope.ID : | J2: OrdSendIf_Schd_ActQty_Srch01 | K2: Pj.ID : | L2: =IF(LogicCommon!G2="","",LogicCommon!G2) -> MC | M2: Ope.Body : | N2: "mcframe.serverMAUD.MAUDL5010.MAUDL_Searcher"
A3: * | D3: =IF(LogicCommon!A3="","",LogicCommon!A3) | E3: SubModuleID : | F3: =IF(LogicCommon!C3="","",LogicCommon!C3) -> MSLA | G3: LogicClass : | H3: =IF(LogicCommon!E3="","",LogicCommon!E3) -> MSLAL_OrdSendIfService | I3: Ope.Method : | J3: @ | K3: SuperClassPj.ID : | L3: =IF(LogicCommon!G3="","",LogicCommon!G3) | O3: Gene.Type : | P3: ALL
A4: * | E4: Version : | F4: 000000 | G4: LogicName : | H4: =IF(LogicCommon!E4="","",LogicCommon!E4) -> オーダ送信ＩＦサービス | I4: Ope.Name : | J4: スケジューラ用工程指図実績送信ＩＦ対象データ検索 | K4: SuperLogicID : | L4: =IF(LogicCommon!G4="","",LogicCommon!G4) -> MS.MSUDL5010 | M4: ImplOpe.ID:
A5: * | E5: ACType :
A6: * | D6: 概要 : | E6: 送信対象の実績数量を検索する | M6: ID | O6: ID | Q6: ID
A7: # | I7: U | K7: K | L7: o | N7: o | P7: o
A8: # | D8: ブロック名 Block Name | E8: 型 Type | G8: super/share | H8: 対象ブロック名 Target Block Name | L8: TargetName | N8: TargetName | P8: TargetName | T8: ブロック備考 Block Remarks
A9: # | D9: 項目名 Field Name | E9: 型 Type | F9: 桁 Digits | G9: フルネーム Full Name | H9: 日本語名 Japanese Name | I9: 上り項目 Request Message Field | J9: 下り項目 Response Message Field | R9: 条件および編集方法 Conditions and Editing Methods | T9: 項目備考 Field Remarks
A10: # | L10: 上り項目 Request Message Field | M10: 下り項目 Response Message Field | N10: 上り項目 Request Message Field | O10: 下り項目 Response Message Field | P10: 上り項目 Request Message Field | Q10: 下り項目 Response Message Field
A11: 10 | B11: * | D11: OrdSendIf_Schd_ActQty_Srch01_Dtl | E11: R
A12: 10 | D12: wg_cd | E12: #MA.WG_CD | G12: WG cd. | H12: ワーキンググループＣＤ | I12: E | J12: -
A13: 10 | D13: mfg_loc_grp_cd | E13: #MA.LOC_GRP_CD | G13: Mfg. location group cd. | H13: 製造場所グループＣＤ | I13: E | J13: -
A14: 10 | D14: site_cd | E14: #MA.SITE_CD | G14: Factory/Distribution warehouse cd. | H14: 工場・物流倉庫ＣＤ | I14: E | J14: -
A15: 10 | D15: mfg_loc_cd | E15: #MA.LOC_CD | G15: Mfg. location cd. | H15: 製造場所ＣＤ | I15: E | J15: -
A16: 10 | D16: term_from | E16: #MA.DT | G16: Term FROM | H16: 対象期間ＦＲＯＭ | I16: E | J16: -
A17: 10 | D17: term_to | E17: #MA.DT | G17: Term TO | H17: 対象期間ＴＯ | I17: E | J17: -
A19: 20 | B19: * | D19: OrdSendIf_Schd_ActQty_Srch01_Rslt | E19: L
A20: 20 | D20: schd_act_qty | E20: R | F20: DBC:MS.MST_ORDSND_ACT_QTY_IF
A21: 20 | D21: schd_act_qty.ext_itm_ord_no# | E21: RI | G21: External item order No. | H21: 外部品目オーダＮＯ | I21: - | J21: E
A22: 20 | D22: schd_act_qty.ext_oper_ord_no# | E22: RI | G22: External operation order No. | H22: 外部工程オーダＮＯ | I22: - | J22: E
A23: 20 | D23: schd_act_qty.wg_cd# | E23: RI | G23: WG cd. | H23: ワーキンググループＣＤ | I23: - | J23: E
A24: 20 | D24: schd_act_qty.itm_ord_no# | E24: RI | G24: Item order No. | H24: 品目オーダＮＯ | I24: - | J24: E
A25: 20 | D25: schd_act_qty.oper_ord_no# | E25: RI | G25: Operation order No. | H25: 工程オーダＮＯ | I25: - | J25: E
A26: 20 | D26: schd_act_qty.itm_ord_sts_typ# | E26: RI | G26: Item order status type | H26: 品目オーダ状況区分 | I26: - | J26: E
A27: 20 | D27: schd_act_qty.oper_ord_sts_typ# | E27: RI | G27: Operation order status type | H27: 工程オーダ状況区分 | I27: - | J27: E
A28: 20 | D28: schd_act_qty.itm_cd# | E28: RI | G28: Item cd. | H28: 品目ＣＤ | I28: - | J28: E
A29: 20 | D29: schd_act_qty.itm_sub1# | E29: RI | G29: Branch No. 1 | H29: 枝番１ | I29: - | J29: E
A30: 20 | D30: schd_act_qty.itm_sub2# | E30: RI | G30: Branch No. 2 | H30: 枝番２ | I30: - | J30: E
A31: 20 | D31: schd_act_qty.itm_sub3# | E31: RI | G31: Branch No. 3 | H31: 枝番３ | I31: - | J31: E
A32: 20 | D32: schd_act_qty.act_qty# | E32: RI | G32: Result qty. | H32: 実績数量 | I32: - | J32: E
... A34: 20 | D34: schd_act_qty.base_unit_nm# | E34: RI | G34: Base unit name | H34: 基準単位名 | I34: - | J34: E

Sheet 来歴
A1: 変更来歴
A3: Rev. | H3: 修正番号 | O3: 変更内容 | AQ3: 変更箇所
A4: 1 | O4: 初版
A5: 1.1 | H5: MS7031#405 | O5: OrdSendIf_Itm_Srch01_Dtlブロックに以下の項目を追加 ・master_dt ・loc_grp_cd | AQ5: OrdSendIf_Itm_Srch01
A6: 〃 | H6: 〃 | O6: OrdSendIf_Itm_Oper_Srch01_Dtlブロックにloc_grp_cdを追加 | AQ6: OrdSendIf_Itm_Oper_Srch01
A7: 〃 | H7: 〃 | O7: OrdSendIf_Stk_Srch01_Cndブロックに以下の項目を追加 ・loc_grp_cd ・if_scheduler_typ | AQ7: OrdSendIf_Stk_Srch01
A8: 〃 | H8: 〃 | O8: OrdSendIf_IO_Gr_Srch01_Cndブロックに以下の項目を追加 ・loc_grp_cd ・if_scheduler_typ | AQ8: OrdSendIf_IO_Gr_Srch01
A9: 〃 | H9: 〃 | O9: OrdSendIf_IO_Gi_Srch01_Cndブロックに以下の項目を追加 ・loc_grp_cd ・if_scheduler_typ | AQ9: OrdSendIf_IO_Gi_Srch01
A10: 〃 | H10: 〃 | O10: OrdSendIf_Srch01_Dtlブロックに以下の項目を追加 ・loc_grp_cd ・dt_fr ・dt_to ・include_unfirm_flg ・if_scheduler_typ ・upd_flg OrdSendIf_Srch01_Rsltブロックに以下の項目を追加 ・itm_ord_no ・oper_ord_no ・itm_ord_sts_typ ・oper_ord_sts_typ | AQ10: OrdSendIf_Srch01
A11: 〃 | H11: 〃 | O11: OrdSendIf_Itm_Dtl_Bom_Srch01_Dtlブロックを追加 OrdSendIf_Itm_Dtl_Bom_Srch01_Rsltブロックを追加 | AQ11: OrdSendIf_Itm_Dtl_Bom_Srch01
A12: 〃 | H12: 〃 | O12: OrdSendIf_Oper_InstAct_Srch01_Dtlブロックを追加 OrdSendIf_Oper_InstAct_Srch01_Rsltブロックを追加 | AQ12: OrdSendIf_Oper_InstAct_Srch01
A13: 〃 | H13: 〃 | O13: OrdSendIf_Ord_Lnk_Srch01_Dtlブロックを追加 OrdSendIf_Ord_Lnk_Srch01_Rsltブロックを追加 | AQ13: OrdSendIf_Ord_Lnk_Srch01
A14: 〃 | H14: 〃 | O14: OrdSendIf_Schd_ActQty_Srch01_Dtlブロックを追加 OrdSendIf_Schd_ActQty_Srch01_Rsltブロックを追加 | AQ14: OrdSendIf_Schd_ActQty_Srch01
A15: 1.2 | H15: MS7032#401 | O15: OrdSendIf_Itm_Dtl_Srch01_Dtlブロックに以下の項目を追加 ・loc_grp_cd ・if_scheduler_typ | AQ15: OrdSendIf_Itm_Dtl_Srch01
A16: 〃 | H16: 〃 | O16: OrdSendIf_Ord_Lnk_Srch01_Rsltブロックに以下の項目を追加 ・ord_lnk.itm_ord_typ# ・ord_lnk.accpt_insp_lt# | AQ16: OrdSendIf_Ord_Lnk_Srch01
A17: 1.3 | O17: 英語の名称を追記 | AQ17: 全般
