Workbook

Sheet LogicCommon
A2: ロジック共通定義 | B2: ModuleID : | C2: MB | D2: LogicID : | E2: MBBEL0090 | F2: Pj.ID : | G2: MC
B3: SubModuleID : | C3: MBBE | D3: LogicClass : | E3: MBBEL_BulkImpReg | F3: SuperClassPj.ID :
D4: LogicName : | E4: まとめ登録ツール | F4: SuperLogicID : | G4: MB.MBUDL5010
A5: 概要 :
A6: 詳細 :

Sheet Srch01
A1: * | B1: * | D1: L | E1: 1
A2: * | D2: オペレーション実装仕様書 Operation Specification Implementation Sheet | E2: ModuleID : | F2: =IF(LogicCommon!C2="","",LogicCommon!C2) -> MB | G2: LogicID : | H2: =IF(LogicCommon!E2="","",LogicCommon!E2) -> MBBEL0090 | I2: Ope.ID : | J2: Srch01 | K2: Pj.ID : | L2: =IF(LogicCommon!G2="","",LogicCommon!G2) -> MC | M2: Ope.Body : | N2: "mcframe.serverMAUD.MAUDL5010.MAUDL_Searcher"
A3: * | E3: SubModuleID : | F3: =IF(LogicCommon!C3="","",LogicCommon!C3) -> MBBE | G3: LogicClass : | H3: =IF(LogicCommon!E3="","",LogicCommon!E3) -> MBBEL_BulkImpReg | I3: Ope.Method : | J3: @ | K3: SuperClassPj.ID : | M3: ReportID : | O3: Gene.Type : | P3: ALL
A4: * | E4: Version : | F4: 000000 | G4: LogicName : | H4: =IF(LogicCommon!E4="","",LogicCommon!E4) -> まとめ登録ツール | I4: Ope.Name : | J4: 検索 | K4: SuperLogicID : | L4: =IF(LogicCommon!G4="","",LogicCommon!G4) -> MB.MBUDL5010
A5: * | E5: ACType :
A6: * | D6: 概要 : | E6: まとめ登録実行管理情報を検索する | L6: ID | N6: ID | P6: ID
A7: # | I7: U | K7: o | M7: o | O7: o
A8: # | D8: ブロック名 Block Name | E8: 型 Type | G8: super/share | H8: 対象ブロック名 Target Block Name | K8: TargetName | S8: ブロック備考 Block Remarks
A9: # | D9: 項目名 Field Name | E9: 型 Type | F9: 桁 Digits | G9: フルネーム Full Name | H9: 日本語名 Japanese Name | I9: 上り項目 Request Message Field | J9: 下り項目 Response Message Field | Q9: 条件および編集方法 Conditions and Editing Methods | S9: 項目備考 Field Remarks
A10: # | K10: 上り項目 Request Message Field | L10: 下り項目 Response Message Field | M10: 上り項目 Request Message Field | N10: 下り項目 Response Message Field | O10: 上り項目 Request Message Field | P10: 下り項目 Response Message Field
A11: =IF(D11="","",IF(B11="*",MAX($A$10:A10)+10,MAX($A$10:A10))) -> 10 | B11: * | D11: Srch01_Cnd | E11: R
A12: =IF(D12="","",IF(B12="*",MAX($A$10:A11)+10,MAX($A$10:A11))) -> 10 | D12: table_ctg | E12: #MA.TABLE_CTG | G12: Table category | H12: テーブルカテゴリ | I12: E | J12: -
A13: =IF(D13="","",IF(B13="*",MAX($A$10:A12)+10,MAX($A$10:A12))) -> 10 | D13: table_ctg_nm | E13: #MA.TABLE_CTG_NM | G13: Table category name | H13: テーブルカテゴリ名 | I13: E | J13: -
A14: =IF(D14="","",IF(B14="*",MAX($A$10:A13)+10,MAX($A$10:A13))) -> 10 | D14: table_id | E14: #MA.TABLE_ID | G14: Table ID | H14: テーブルＩＤ | I14: E | J14: -
A15: =IF(D15="","",IF(B15="*",MAX($A$10:A14)+10,MAX($A$10:A14))) -> 10 | D15: table_nm | E15: #MA.TABLE_NM | G15: Table name | H15: テーブル名称 | I15: E | J15: -
A16: =IF(D16="","",IF(B16="*",MAX($A$10:A15)+10,MAX($A$10:A15))) | K16: 上り項目 Request Message Field | L16: 下り項目 Response Message Field | M16: 上り項目 Request Message Field | N16: 下り項目 Response Message Field | O16: 上り項目 Request Message Field | P16: 下り項目 Response Message Field
A17: =IF(D17="","",IF(B17="*",MAX($A$10:A16)+10,MAX($A$10:A16))) -> 20 | B17: * | D17: Srch01_Rslt | E17: L
A18: =IF(D18="","",IF(B18="*",MAX($A$10:A17)+10,MAX($A$10:A17))) -> 20 | D18: table_ctg | E18: #MA.TABLE_CTG | G18: Table category | H18: テーブルカテゴリ | I18: - | J18: E
A19: =IF(D19="","",IF(B19="*",MAX($A$10:A18)+10,MAX($A$10:A18))) -> 20 | D19: table_ctg_nm | E19: #MA.TABLE_CTG_NM | G19: Table category name | H19: テーブルカテゴリ名 | I19: - | J19: E
A20: =IF(D20="","",IF(B20="*",MAX($A$10:A19)+10,MAX($A$10:A19))) -> 20 | D20: table_ctg_seq | E20: #MA.INT3 | G20: Table category sequence | H20: テーブルカテゴリ順序 | I20: - | J20: E
A21: =IF(D21="","",IF(B21="*",MAX($A$10:A20)+10,MAX($A$10:A20))) -> 20 | D21: table_id | E21: #MA.TABLE_ID | G21: Table ID | H21: テーブルＩＤ | I21: - | J21: E
A22: =IF(D22="","",IF(B22="*",MAX($A$10:A21)+10,MAX($A$10:A21))) -> 20 | D22: table_nm | E22: #MA.TABLE_NM | G22: Table name | H22: テーブル名称 | I22: - | J22: E
A23: =IF(D23="","",IF(B23="*",MAX($A$10:A22)+10,MAX($A$10:A22))) -> 20 | D23: table_seq | E23: #MA.INT3 | G23: Table sequence | H23: テーブル順序 | I23: - | J23: E
D24: 詳細 :

Sheet Upd01
A1: * | B1: * | D1: L | E1: 1
A2: * | D2: オペレーション実装仕様書 Operation Specification Implementation Sheet | E2: ModuleID : | F2: =IF(LogicCommon!C2="","",LogicCommon!C2) -> MB | G2: LogicID : | H2: =IF(LogicCommon!E2="","",LogicCommon!E2) -> MBBEL0090 | I2: Ope.ID : | J2: Upd01 | K2: Pj.ID : | L2: =IF(LogicCommon!G2="","",LogicCommon!G2) -> MC | M2: Ope.Body : | N2: "mcframe.serverMAUD.MAUDL5010.MAUDL_Operation"
A3: * | E3: SubModuleID : | F3: =IF(LogicCommon!C3="","",LogicCommon!C3) -> MBBE | G3: LogicClass : | H3: =IF(LogicCommon!E3="","",LogicCommon!E3) -> MBBEL_BulkImpReg | I3: Ope.Method : | J3: @ | K3: SuperClassPj.ID : | M3: ReportID : | O3: Gene.Type : | P3: ALL
A4: * | E4: Version : | F4: 000000 | G4: LogicName : | H4: =IF(LogicCommon!E4="","",LogicCommon!E4) -> まとめ登録ツール | I4: Ope.Name : | J4: 登録 | K4: SuperLogicID : | L4: =IF(LogicCommon!G4="","",LogicCommon!G4) -> MB.MBUDL5010
A5: * | E5: ACType :
A6: * | D6: 概要 : | E6: まとめ登録を実行する | L6: ID | N6: ID | P6: ID
A7: # | I7: U | K7: o | M7: o | O7: o
A8: # | D8: ブロック名 Block Name | E8: 型 Type | G8: super/share | H8: 対象ブロック名 Target Block Name | K8: TargetName | S8: ブロック備考 Block Remarks
A9: # | D9: 項目名 Field Name | E9: 型 Type | F9: 桁 Digits | G9: フルネーム Full Name | H9: 日本語名 Japanese Name | I9: 上り項目 Request Message Field | J9: 下り項目 Response Message Field | Q9: 条件および編集方法 Conditions and Editing Methods | S9: 項目備考 Field Remarks
A10: # | K10: 上り項目 Request Message Field | L10: 下り項目 Response Message Field | M10: 上り項目 Request Message Field | N10: 下り項目 Response Message Field | O10: 上り項目 Request Message Field | P10: 下り項目 Response Message Field
A11: =IF(D11="","",IF(B11="*",MAX($A$10:A10)+10,MAX($A$10:A10))) -> 10 | B11: * | D11: Upd01_Dtl | E11: L
A12: =IF(D12="","",IF(B12="*",MAX($A$10:A11)+10,MAX($A$10:A11))) -> 10 | D12: table_ctg | E12: #MA.TABLE_CTG | G12: Table category | H12: テーブルカテゴリ | I12: - | J12: -
A13: =IF(D13="","",IF(B13="*",MAX($A$10:A12)+10,MAX($A$10:A12))) -> 10 | D13: table_ctg_seq | E13: #MA.INT3 | G13: Table category sequence | H13: テーブルカテゴリ順序 | I13: - | J13: -
A14: =IF(D14="","",IF(B14="*",MAX($A$10:A13)+10,MAX($A$10:A13))) -> 10 | D14: table_id | E14: #MA.TABLE_ID | G14: Table ID | H14: テーブルＩＤ | I14: E | J14: -
A15: =IF(D15="","",IF(B15="*",MAX($A$10:A14)+10,MAX($A$10:A14))) -> 10 | D15: table_seq | E15: #MA.INT3 | G15: Table sequence | H15: テーブル順序 | I15: - | J15: -
A16: =IF(D16="","",IF(B16="*",MAX($A$10:A15)+10,MAX($A$10:A15))) -> 10 | D16: file_nm | E16: #MA.FILE_NM | G16: File name | H16: ファイル名 | I16: E | J16: -
A17: =IF(D17="","",IF(B17="*",MAX($A$10:A16)+10,MAX($A$10:A16))) -> 10 | D17: file_dat | E17: C | G17: File data | H17: ファイルデータ | I17: E | J17: -
A18: =IF(D18="","",IF(B18="*",MAX($A$10:A17)+10,MAX($A$10:A17))) -> 10 | D18: file_path | E18: C | G18: File path | H18: ファイルパス | I18: - | J18: -
A19: =IF(D19="","",IF(B19="*",MAX($A$10:A18)+10,MAX($A$10:A18))) -> 10 | D19: db_class_path | E19: #MA.CLASS_PATH | G19: DB container class path | H19: ＤＢコンテナクラスパス | I19: - | J19: -
A20: =IF(D20="","",IF(B20="*",MAX($A$10:A19)+10,MAX($A$10:A19))) -> 10 | D20: chk_ope | E20: #MA.OPERATION | G20: Check operation | H20: チェックオペレーション | I20: - | J20: -
A21: =IF(D21="","",IF(B21="*",MAX($A$10:A20)+10,MAX($A$10:A20))) -> 10 | D21: upd_ope | E21: #MA.OPERATION | G21: Entry operation | H21: 登録オペレーション | I21: - | J21: -
A22: =IF(D22="","",IF(B22="*",MAX($A$10:A21)+10,MAX($A$10:A21))) -> 10 | D22: err_flg | E22: #MA.FLG | G22: Error | H22: エラー | I22: - | J22: -
A23: =IF(D23="","",IF(B23="*",MAX($A$10:A22)+10,MAX($A$10:A22))) -> 10 | D23: fin_flg | E23: #MA.FLG | G23: Completed | H23: 完了 | I23: - | J23: -
A24: =IF(D24="","",IF(B24="*",MAX($A$10:A23)+10,MAX($A$10:A23))) | K24: 上り項目 Request Message Field | L24: 下り項目 Response Message Field | M24: 上り項目 Request Message Field | N24: 下り項目 Response Message Field | O24: 上り項目 Request Message Field | P24: 下り項目 Response Message Field
A25: =IF(D25="","",IF(B25="*",MAX($A$10:A24)+10,MAX($A$10:A24))) -> 20 | B25: * | D25: Upd01_Ctrl | E25: R
A26: =IF(D26="","",IF(B26="*",MAX($A$10:A25)+10,MAX($A$10:A25))) -> 20 | D26: chk_only_flg | E26: #MA.FLG | G26: Check only | H26: チェックのみ | I26: - | J26: -
A27: =IF(D27="","",IF(B27="*",MAX($A$10:A26)+10,MAX($A$10:A26))) -> 20 | D27: ins_only_flg | E27: #MA.FLG | G27: Add only | H27: 追加のみ | I27: E | J27: -
A28: =IF(D28="","",IF(B28="*",MAX($A$10:A27)+10,MAX($A$10:A27))) -> 20 | D28: remake_flg | E28: #MA.FLG | G28: Recreate after deletion | H28: 削除後再作成 | I28: E | J28: -
A29: =IF(D29="","",IF(B29="*",MAX($A$10:A28)+10,MAX($A$10:A28))) -> 20 | D29: crud_flg | E29: #MA.FLG | G29: Follow the data | H29: データに従う | I29: E | J29: -
A30: =IF(D30="","",IF(B30="*",MAX($A$10:A29)+10,MAX($A$10:A29))) -> 20 | D30: err_continue_flg | E30: #MA.FLG | G30: Continue on error | H30: エラー時続行 | I30: E | J30: -
A31: =IF(D31="","",IF(B31="*",MAX($A$10:A30)+10,MAX($A$10:A30))) -> 20 | D31: fmt_typ | E31: C | G31: Date format | H31: 日付形式 | I31: E | J31: -
A32: =IF(D32="","",IF(B32="*",MAX($A$10:A31)+10,MAX($A$10:A31))) -> 20 | D32: dt_fmt | E32: C | G32: Date format | H32: 日付形式フォーマット | I32: - | J32: -
A33: =IF(D33="","",IF(B33="*",MAX($A$10:A32)+10,MAX($A$10:A32))) -> 20 | D33: ts_fmt | E33: C | G33: Time stamp format | H33: タイムスタンプ形式フォーマット | I33: - | J33: -
A34: =IF(D34="","",IF(B34="*",MAX($A$10:A33)+10,MAX($A$10:A33))) -> 20 | D34: tm_fmt | E34: C | G34: Date and time format | H34: 日時形式フォーマット | I34: - | J34: -
A35: =IF(D35="","",IF(B35="*",MAX($A$10:A34)+10,MAX($A$10:A34))) -> 20 | D35: data_start_row | E35: #MA.INT2 | G35: Data start row | H35: データ開始行 | I35: E | J35: -
D36: 詳細 :

Sheet Upd02
A1: * | B1: * | D1: L | E1: 1
A2: * | D2: オペレーション実装仕様書 Operation Specification Implementation Sheet | E2: ModuleID : | F2: =IF(LogicCommon!C2="","",LogicCommon!C2) -> MB | G2: LogicID : | H2: =IF(LogicCommon!E2="","",LogicCommon!E2) -> MBBEL0090 | I2: Ope.ID : | J2: Upd02 | K2: Pj.ID : | L2: =IF(LogicCommon!G2="","",LogicCommon!G2) -> MC | M2: Ope.Body : | N2: "mcframe.serverMAUD.MAUDL5010.MAUDL_Operation"
A3: * | E3: SubModuleID : | F3: =IF(LogicCommon!C3="","",LogicCommon!C3) -> MBBE | G3: LogicClass : | H3: =IF(LogicCommon!E3="","",LogicCommon!E3) -> MBBEL_BulkImpReg | I3: Ope.Method : | J3: @ | K3: SuperClassPj.ID : | M3: ReportID : | O3: Gene.Type : | P3: ALL
A4: * | E4: Version : | F4: 000000 | G4: LogicName : | H4: =IF(LogicCommon!E4="","",LogicCommon!E4) -> まとめ登録ツール | I4: Ope.Name : | J4: 登録（チェックのみ） | K4: SuperLogicID : | L4: =IF(LogicCommon!G4="","",LogicCommon!G4) -> MB.MBUDL5010
A5: * | E5: ACType :
A6: * | D6: 概要 : | E6: まとめ登録（チェックのみ）を実行する | L6: ID | N6: ID | P6: ID
A7: # | I7: U | K7: o | M7: o | O7: o
A8: # | D8: ブロック名 Block Name | E8: 型 Type | G8: super/share | H8: 対象ブロック名 Target Block Name | K8: TargetName | S8: ブロック備考 Block Remarks
A9: # | D9: 項目名 Field Name | E9: 型 Type | F9: 桁 Digits | G9: フルネーム Full Name | H9: 日本語名 Japanese Name | I9: 上り項目 Request Message Field | J9: 下り項目 Response Message Field | Q9: 条件および編集方法 Conditions and Editing Methods | S9: 項目備考 Field Remarks
A10: # | K10: 上り項目 Request Message Field | L10: 下り項目 Response Message Field | M10: 上り項目 Request Message Field | N10: 下り項目 Response Message Field | O10: 上り項目 Request Message Field | P10: 下り項目 Response Message Field
A11: =IF(D11="","",IF(B11="*",MAX($A$10:A10)+10,MAX($A$10:A10))) -> 10 | B11: * | D11: Upd02_Dtl | E11: L | G11: $share$ | H11: MB.MBBEL0090.Upd01.Upd01_Dtl
A12: =IF(D12="","",IF(B12="*",MAX($A$10:A11)+10,MAX($A$10:A11))) -> 10 | D12: table_ctg | E12: #MA.TABLE_CTG | G12: Table category | H12: テーブルカテゴリ | I12: - | J12: -
A13: =IF(D13="","",IF(B13="*",MAX($A$10:A12)+10,MAX($A$10:A12))) -> 10 | D13: table_ctg_seq | E13: #MA.INT3 | G13: Table category sequence | H13: テーブルカテゴリ順序 | I13: - | J13: -
A14: =IF(D14="","",IF(B14="*",MAX($A$10:A13)+10,MAX($A$10:A13))) -> 10 | D14: table_id | E14: #MA.TABLE_ID | G14: Table ID | H14: テーブルＩＤ | I14: E | J14: -
A15: =IF(D15="","",IF(B15="*",MAX($A$10:A14)+10,MAX($A$10:A14))) -> 10 | D15: table_seq | E15: #MA.INT3 | G15: Table sequence | H15: テーブル順序 | I15: - | J15: -
A16: =IF(D16="","",IF(B16="*",MAX($A$10:A15)+10,MAX($A$10:A15))) -> 10 | D16: file_nm | E16: #MA.FILE_NM | G16: File name | H16: ファイル名 | I16: E | J16: -
A17: =IF(D17="","",IF(B17="*",MAX($A$10:A16)+10,MAX($A$10:A16))) -> 10 | D17: file_dat | E17: C | G17: File data | H17: ファイルデータ | I17: E | J17: -
A18: =IF(D18="","",IF(B18="*",MAX($A$10:A17)+10,MAX($A$10:A17))) -> 10 | D18: file_path | E18: C | G18: File path | H18: ファイルパス | I18: - | J18: -
A19: =IF(D19="","",IF(B19="*",MAX($A$10:A18)+10,MAX($A$10:A18))) -> 10 | D19: db_class_path | E19: #MA.CLASS_PATH | G19: DB container class path | H19: ＤＢコンテナクラスパス | I19: - | J19: -
A20: =IF(D20="","",IF(B20="*",MAX($A$10:A19)+10,MAX($A$10:A19))) -> 10 | D20: chk_ope | E20: #MA.OPERATION | G20: Check operation | H20: チェックオペレーション | I20: - | J20: -
A21: =IF(D21="","",IF(B21="*",MAX($A$10:A20)+10,MAX($A$10:A20))) -> 10 | D21: upd_ope | E21: #MA.OPERATION | G21: Entry operation | H21: 登録オペレーション | I21: - | J21: -
A22: =IF(D22="","",IF(B22="*",MAX($A$10:A21)+10,MAX($A$10:A21))) -> 10 | D22: err_flg | E22: #MA.FLG | G22: Error | H22: エラー | I22: - | J22: -
A23: =IF(D23="","",IF(B23="*",MAX($A$10:A22)+10,MAX($A$10:A22))) -> 10 | D23: fin_flg | E23: #MA.FLG | G23: Completed | H23: 完了 | I23: - | J23: -
A24: =IF(D24="","",IF(B24="*",MAX($A$10:A23)+10,MAX($A$10:A23))) | K24: 上り項目 Request Message Field | L24: 下り項目 Response Message Field | M24: 上り項目 Request Message Field | N24: 下り項目 Response Message Field | O24: 上り項目 Request Message Field | P24: 下り項目 Response Message Field
A25: =IF(D25="","",IF(B25="*",MAX($A$10:A24)+10,MAX($A$10:A24))) -> 20 | B25: * | D25: Upd02_Ctrl | E25: R | G25: $share$ | H25: MB.MBBEL0090.Upd01.Upd01_Ctrl
A26: =IF(D26="","",IF(B26="*",MAX($A$10:A25)+10,MAX($A$10:A25))) -> 20 | D26: chk_only_flg | E26: #MA.FLG | G26: Check only | H26: チェックのみ | I26: - | J26: -
A27: =IF(D27="","",IF(B27="*",MAX($A$10:A26)+10,MAX($A$10:A26))) -> 20 | D27: ins_only_flg | E27: #MA.FLG | G27: Add only | H27: 追加のみ | I27: E | J27: -
A28: =IF(D28="","",IF(B28="*",MAX($A$10:A27)+10,MAX($A$10:A27))) -> 20 | D28: remake_flg | E28: #MA.FLG | G28: Recreate after deletion | H28: 削除後再作成 | I28: E | J28: -
A29: =IF(D29="","",IF(B29="*",MAX($A$10:A28)+10,MAX($A$10:A28))) -> 20 | D29: crud_flg | E29: #MA.FLG | G29: Follow the data | H29: データに従う | I29: E | J29: -
A30: =IF(D30="","",IF(B30="*",MAX($A$10:A29)+10,MAX($A$10:A29))) -> 20 | D30: err_continue_flg | E30: #MA.FLG | G30: Continue on error | H30: エラー時続行 | I30: E | J30: -
A31: =IF(D31="","",IF(B31="*",MAX($A$10:A30)+10,MAX($A$10:A30))) -> 20 | D31: fmt_typ | E31: C | G31: Date format | H31: 日付形式 | I31: E | J31: -
A32: =IF(D32="","",IF(B32="*",MAX($A$10:A31)+10,MAX($A$10:A31))) -> 20 | D32: dt_fmt | E32: C | G32: Date format | H32: 日付形式フォーマット | I32: - | J32: -
A33: =IF(D33="","",IF(B33="*",MAX($A$10:A32)+10,MAX($A$10:A32))) -> 20 | D33: ts_fmt | E33: C | G33: Time stamp format | H33: タイムスタンプ形式フォーマット | I33: - | J33: -
A34: =IF(D34="","",IF(B34="*",MAX($A$10:A33)+10,MAX($A$10:A33))) -> 20 | D34: data_start_row | E34: #MA.INT2 | G34: Data start row | H34: データ開始行 | I34: E | J34: -
D35: 詳細 :

Sheet Upd03
A1: * | B1: * | D1: L | E1: 1
A2: * | D2: オペレーション実装仕様書 Operation Specification Implementation Sheet | E2: ModuleID : | F2: =IF(LogicCommon!C2="","",LogicCommon!C2) -> MB | G2: LogicID : | H2: =IF(LogicCommon!E2="","",LogicCommon!E2) -> MBBEL0090 | I2: Ope.ID : | J2: Upd03 | K2: Pj.ID : | L2: =IF(LogicCommon!G2="","",LogicCommon!G2) -> MC | M2: Ope.Body : | N2: "mcframe.serverMAUD.MAUDL5010.MAUDL_Operation"
A3: * | E3: SubModuleID : | F3: =IF(LogicCommon!C3="","",LogicCommon!C3) -> MBBE | G3: LogicClass : | H3: =IF(LogicCommon!E3="","",LogicCommon!E3) -> MBBEL_BulkImpReg | I3: Ope.Method : | J3: @ | K3: SuperClassPj.ID : | M3: ReportID : | O3: Gene.Type : | P3: ALL
A4: * | E4: Version : | F4: 000000 | G4: LogicName : | H4: =IF(LogicCommon!E4="","",LogicCommon!E4) -> まとめ登録ツール | I4: Ope.Name : | J4: 登録 | K4: SuperLogicID : | L4: =IF(LogicCommon!G4="","",LogicCommon!G4) -> MB.MBUDL5010
A5: * | E5: ACType :
A6: * | D6: 概要 : | E6: まとめ登録処理を実行する | L6: ID | N6: ID | P6: ID
A7: # | I7: U | K7: o | M7: o | O7: o
A8: # | D8: ブロック名 Block Name | E8: 型 Type | G8: super/share | H8: 対象ブロック名 Target Block Name | K8: TargetName | S8: ブロック備考 Block Remarks
A9: # | D9: 項目名 Field Name | E9: 型 Type | F9: 桁 Digits | G9: フルネーム Full Name | H9: 日本語名 Japanese Name | I9: 上り項目 Request Message Field | J9: 下り項目 Response Message Field | Q9: 条件および編集方法 Conditions and Editing Methods | S9: 項目備考 Field Remarks
A10: # | K10: 上り項目 Request Message Field | L10: 下り項目 Response Message Field | M10: 上り項目 Request Message Field | N10: 下り項目 Response Message Field | O10: 上り項目 Request Message Field | P10: 下り項目 Response Message Field
A11: =IF(D11="","",IF(B11="*",MAX($A$10:A10)+10,MAX($A$10:A10))) -> 10 | B11: * | D11: Upd03_Dtl | E11: L | G11: $share$ | H11: MB.MBBEL0090.Upd01.Upd01_Dtl
A12: =IF(D12="","",IF(B12="*",MAX($A$10:A11)+10,MAX($A$10:A11))) -> 10 | D12: table_ctg | E12: #MA.TABLE_CTG | G12: Table category | H12: テーブルカテゴリ | I12: E | J12: -
A13: =IF(D13="","",IF(B13="*",MAX($A$10:A12)+10,MAX($A$10:A12))) -> 10 | D13: table_ctg_seq | E13: #MA.INT3 | G13: Table category sequence | H13: テーブルカテゴリ順序 | I13: E | J13: -
A14: =IF(D14="","",IF(B14="*",MAX($A$10:A13)+10,MAX($A$10:A13))) -> 10 | D14: table_id | E14: #MA.TABLE_ID | G14: Table ID | H14: テーブルＩＤ | I14: E | J14: -
A15: =IF(D15="","",IF(B15="*",MAX($A$10:A14)+10,MAX($A$10:A14))) -> 10 | D15: table_seq | E15: #MA.INT3 | G15: Table sequence | H15: テーブル順序 | I15: E | J15: -
A16: =IF(D16="","",IF(B16="*",MAX($A$10:A15)+10,MAX($A$10:A15))) -> 10 | D16: file_nm | E16: #MA.FILE_NM | G16: File name | H16: ファイル名 | I16: E | J16: -
A17: =IF(D17="","",IF(B17="*",MAX($A$10:A16)+10,MAX($A$10:A16))) -> 10 | D17: file_dat | E17: C | G17: File data | H17: ファイルデータ | I17: - | J17: -
A18: =IF(D18="","",IF(B18="*",MAX($A$10:A17)+10,MAX($A$10:A17))) -> 10 | D18: file_path | E18: C | G18: File path | H18: ファイルパス | I18: E | J18: -
A19: =IF(D19="","",IF(B19="*",MAX($A$10:A18)+10,MAX($A$10:A18))) -> 10 | D19: db_class_path | E19: #MA.CLASS_PATH | G19: DB container class path | H19: ＤＢコンテナクラスパス | I19: E | J19: -
A20: =IF(D20="","",IF(B20="*",MAX($A$10:A19)+10,MAX($A$10:A19))) -> 10 | D20: chk_ope | E20: #MA.OPERATION | G20: Check operation | H20: チェックオペレーション | I20: E | J20: -
A21: =IF(D21="","",IF(B21="*",MAX($A$10:A20)+10,MAX($A$10:A20))) -> 10 | D21: upd_ope | E21: #MA.OPERATION | G21: Entry operation | H21: 登録オペレーション | I21: E | J21: -
A22: =IF(D22="","",IF(B22="*",MAX($A$10:A21)+10,MAX($A$10:A21))) -> 10 | D22: err_flg | E22: #MA.FLG | G22: Error | H22: エラー | I22: - | J22: E
A23: =IF(D23="","",IF(B23="*",MAX($A$10:A22)+10,MAX($A$10:A22))) -> 10 | D23: fin_flg | E23: #MA.FLG | G23: Completed | H23: 完了 | I23: - | J23: E
A24: =IF(D24="","",IF(B24="*",MAX($A$10:A23)+10,MAX($A$10:A23))) | K24: 上り項目 Request Message Field | L24: 下り項目 Response Message Field | M24: 上り項目 Request Message Field | N24: 下り項目 Response Message Field | O24: 上り項目 Request Message Field | P24: 下り項目 Response Message Field
A25: =IF(D25="","",IF(B25="*",MAX($A$10:A24)+10,MAX($A$10:A24))) -> 20 | B25: * | D25: Upd03_Ctrl | E25: R | G25: $share$ | H25: MB.MBBEL0090.Upd01.Upd01_Ctrl
A26: =IF(D26="","",IF(B26="*",MAX($A$10:A25)+10,MAX($A$10:A25))) -> 20 | D26: chk_only_flg | E26: #MA.FLG | G26: Check only | H26: チェックのみ | I26: E | J26: -
A27: =IF(D27="","",IF(B27="*",MAX($A$10:A26)+10,MAX($A$10:A26))) -> 20 | D27: ins_only_flg | E27: #MA.FLG | G27: Add only | H27: 追加のみ | I27: E | J27: -
A28: =IF(D28="","",IF(B28="*",MAX($A$10:A27)+10,MAX($A$10:A27))) -> 20 | D28: remake_flg | E28: #MA.FLG | G28: Recreate after deletion | H28: 削除後再作成 | I28: E | J28: -
A29: =IF(D29="","",IF(B29="*",MAX($A$10:A28)+10,MAX($A$10:A28))) -> 20 | D29: crud_flg | E29: #MA.FLG | G29: Follow the data | H29: データに従う | I29: E | J29: -
A30: =IF(D30="","",IF(B30="*",MAX($A$10:A29)+10,MAX($A$10:A29))) -> 20 | D30: err_continue_flg | E30: #MA.FLG | G30: Continue on error | H30: エラー時続行 | I30: E | J30: -
A31: =IF(D31="","",IF(B31="*",MAX($A$10:A30)+10,MAX($A$10:A30))) -> 20 | D31: fmt_typ | E31: C | G31: Date format | H31: 日付形式 | I31: - | J31: -
A32: =IF(D32="","",IF(B32="*",MAX($A$10:A31)+10,MAX($A$10:A31))) -> 20 | D32: dt_fmt | E32: C | G32: Date format | H32: 日付形式フォーマット | I32: E | J32: -
A33: =IF(D33="","",IF(B33="*",MAX($A$10:A32)+10,MAX($A$10:A32))) -> 20 | D33: ts_fmt | E33: C | G33: Time stamp format | H33: タイムスタンプ形式フォーマット | I33: E | J33: -
A34: =IF(D34="","",IF(B34="*",MAX($A$10:A33)+10,MAX($A$10:A33))) -> 20 | D34: data_start_row | E34: #MA.INT2 | G34: Data start row | H34: データ開始行 | I34: E | J34: -
D35: 詳細 :

Sheet Prnt01
A1: * | B1: * | D1: L | E1: 1
A2: * | D2: オペレーション実装仕様書 Operation Specification Implementation Sheet | E2: ModuleID : | F2: =IF(LogicCommon!C2="","",LogicCommon!C2) -> MB | G2: LogicID : | H2: =IF(LogicCommon!E2="","",LogicCommon!E2) -> MBBEL0090 | I2: Ope.ID : | J2: Prnt01 | K2: Pj.ID : | L2: =IF(LogicCommon!G2="","",LogicCommon!G2) -> MC | M2: Ope.Body : | N2: "mcframe.serverMAUD.MAUDL5010.MAUDL_Operation"
A3: * | E3: SubModuleID : | F3: =IF(LogicCommon!C3="","",LogicCommon!C3) -> MBBE | G3: LogicClass : | H3: =IF(LogicCommon!E3="","",LogicCommon!E3) -> MBBEL_BulkImpReg | I3: Ope.Method : | J3: @ | K3: SuperClassPj.ID : | M3: ReportID : | O3: Gene.Type : | P3: ALL
A4: * | E4: Version : | F4: 000000 | G4: LogicName : | H4: =IF(LogicCommon!E4="","",LogicCommon!E4) -> まとめ登録ツール | I4: Ope.Name : | J4: フォーマット出力 | K4: SuperLogicID : | L4: =IF(LogicCommon!G4="","",LogicCommon!G4) -> MB.MBUDL5010
A5: * | E5: ACType :
A6: * | D6: 概要 : | E6: フォーマットファイルを出力する | L6: ID | N6: ID | P6: ID
A7: # | I7: U | K7: o | M7: o | O7: o
A8: # | D8: ブロック名 Block Name | E8: 型 Type | G8: super/share | H8: 対象ブロック名 Target Block Name | K8: TargetName | S8: ブロック備考 Block Remarks
A9: # | D9: 項目名 Field Name | E9: 型 Type | F9: 桁 Digits | G9: フルネーム Full Name | H9: 日本語名 Japanese Name | I9: 上り項目 Request Message Field | J9: 下り項目 Response Message Field | Q9: 条件および編集方法 Conditions and Editing Methods | S9: 項目備考 Field Remarks
A10: # | K10: 上り項目 Request Message Field | L10: 下り項目 Response Message Field | M10: 上り項目 Request Message Field | N10: 下り項目 Response Message Field | O10: 上り項目 Request Message Field | P10: 下り項目 Response Message Field
A11: =IF(D11="","",IF(B11="*",MAX($A$10:A10)+10,MAX($A$10:A10))) -> 10 | B11: * | D11: Prnt01_Dtl | E11: L | G11: $share$ | H11: MB.MBBEL0090.Upd01.Upd01_Dtl
A12: =IF(D12="","",IF(B12="*",MAX($A$10:A11)+10,MAX($A$10:A11))) -> 10 | D12: table_ctg | E12: #MA.TABLE_CTG | G12: Table category | H12: テーブルカテゴリ | I12: - | J12: -
A13: =IF(D13="","",IF(B13="*",MAX($A$10:A12)+10,MAX($A$10:A12))) -> 10 | D13: table_ctg_seq | E13: #MA.INT3 | G13: Table category sequence | H13: テーブルカテゴリ順序 | I13: - | J13: -
A14: =IF(D14="","",IF(B14="*",MAX($A$10:A13)+10,MAX($A$10:A13))) -> 10 | D14: table_id | E14: #MA.TABLE_ID | G14: Table ID | H14: テーブルＩＤ | I14: E | J14: E
A15: =IF(D15="","",IF(B15="*",MAX($A$10:A14)+10,MAX($A$10:A14))) -> 10 | D15: table_seq | E15: #MA.INT3 | G15: Table sequence | H15: テーブル順序 | I15: - | J15: -
A16: =IF(D16="","",IF(B16="*",MAX($A$10:A15)+10,MAX($A$10:A15))) -> 10 | D16: file_nm | E16: #MA.FILE_NM | G16: File name | H16: ファイル名 | I16: E | J16: -
A17: =IF(D17="","",IF(B17="*",MAX($A$10:A16)+10,MAX($A$10:A16))) -> 10 | D17: file_dat | E17: C | G17: File data | H17: ファイルデータ | I17: - | J17: -
A18: =IF(D18="","",IF(B18="*",MAX($A$10:A17)+10,MAX($A$10:A17))) -> 10 | D18: file_path | E18: C | G18: File path | H18: ファイルパス | I18: - | J18: E
A19: =IF(D19="","",IF(B19="*",MAX($A$10:A18)+10,MAX($A$10:A18))) -> 10 | D19: db_class_path | E19: #MA.CLASS_PATH | G19: DB container class path | H19: ＤＢコンテナクラスパス | I19: - | J19: -
A20: =IF(D20="","",IF(B20="*",MAX($A$10:A19)+10,MAX($A$10:A19))) -> 10 | D20: chk_ope | E20: #MA.OPERATION | G20: Check operation | H20: チェックオペレーション | I20: - | J20: -
A21: =IF(D21="","",IF(B21="*",MAX($A$10:A20)+10,MAX($A$10:A20))) -> 10 | D21: upd_ope | E21: #MA.OPERATION | G21: Entry operation | H21: 登録オペレーション | I21: - | J21: -
A22: =IF(D22="","",IF(B22="*",MAX($A$10:A21)+10,MAX($A$10:A21))) -> 10 | D22: err_flg | E22: #MA.FLG | G22: Error | H22: エラー | I22: - | J22: -
A23: =IF(D23="","",IF(B23="*",MAX($A$10:A22)+10,MAX($A$10:A22))) -> 10 | D23: fin_flg | E23: #MA.FLG | G23: Completed | H23: 完了 | I23: - | J23: -
A24: =IF(D24="","",IF(B24="*",MAX($A$10:A23)+10,MAX($A$10:A23))) | K24: 上り項目 Request Message Field | L24: 下り項目 Response Message Field | M24: 上り項目 Request Message Field | N24: 下り項目 Response Message Field | O24: 上り項目 Request Message Field | P24: 下り項目 Response Message Field
A25: =IF(D25="","",IF(B25="*",MAX($A$10:A24)+10,MAX($A$10:A24))) -> 20 | B25: * | D25: Prnt01_Ctrl | E25: R | G25: $share$ | H25: MB.MBBEL0090.Upd01.Upd01_Ctrl
A26: =IF(D26="","",IF(B26="*",MAX($A$10:A25)+10,MAX($A$10:A25))) -> 20 | D26: chk_only_flg | E26: #MA.FLG | G26: Check only | H26: チェックのみ | I26: - | J26: -
A27: =IF(D27="","",IF(B27="*",MAX($A$10:A26)+10,MAX($A$10:A26))) -> 20 | D27: ins_only_flg | E27: #MA.FLG | G27: Add only | H27: 追加のみ | I27: - | J27: -
A28: =IF(D28="","",IF(B28="*",MAX($A$10:A27)+10,MAX($A$10:A27))) -> 20 | D28: remake_flg | E28: #MA.FLG | G28: Recreate after deletion | H28: 削除後再作成 | I28: - | J28: -
A29: =IF(D29="","",IF(B29="*",MAX($A$10:A28)+10,MAX($A$10:A28))) -> 20 | D29: crud_flg | E29: #MA.FLG | G29: Follow the data | H29: データに従う | I29: - | J29: -
A30: =IF(D30="","",IF(B30="*",MAX($A$10:A29)+10,MAX($A$10:A29))) -> 20 | D30: err_continue_flg | E30: #MA.FLG | G30: Continue on error | H30: エラー時続行 | I30: - | J30: -
A31: =IF(D31="","",IF(B31="*",MAX($A$10:A30)+10,MAX($A$10:A30))) -> 20 | D31: fmt_typ | E31: C | G31: Date format | H31: 日付形式 | I31: - | J31: -
A32: =IF(D32="","",IF(B32="*",MAX($A$10:A31)+10,MAX($A$10:A31))) -> 20 | D32: dt_fmt | E32: C | G32: Date format | H32: 日付形式フォーマット | I32: - | J32: -
A33: =IF(D33="","",IF(B33="*",MAX($A$10:A32)+10,MAX($A$10:A32))) -> 20 | D33: ts_fmt | E33: C | G33: Time stamp format | H33: タイムスタンプ形式フォーマット | I33: - | J33: -
D34: 詳細 :

Sheet Prnt02
A1: * | B1: * | D1: L | E1: 1
A2: * | D2: オペレーション実装仕様書 Operation Specification Implementation Sheet | E2: ModuleID : | F2: =IF(LogicCommon!C2="","",LogicCommon!C2) -> MB | G2: LogicID : | H2: =IF(LogicCommon!E2="","",LogicCommon!E2) -> MBBEL0090 | I2: Ope.ID : | J2: Prnt02 | K2: Pj.ID : | L2: =IF(LogicCommon!G2="","",LogicCommon!G2) -> MC | M2: Ope.Body : | N2: "mcframe.serverMAUD.MAUDL5010.MAUDL_Operation"
A3: * | E3: SubModuleID : | F3: =IF(LogicCommon!C3="","",LogicCommon!C3) -> MBBE | G3: LogicClass : | H3: =IF(LogicCommon!E3="","",LogicCommon!E3) -> MBBEL_BulkImpReg | I3: Ope.Method : | J3: @ | K3: SuperClassPj.ID : | M3: ReportID : | O3: Gene.Type : | P3: ALL
A4: * | E4: Version : | F4: 000000 | G4: LogicName : | H4: =IF(LogicCommon!E4="","",LogicCommon!E4) -> まとめ登録ツール | I4: Ope.Name : | J4: データ出力 | K4: SuperLogicID : | L4: =IF(LogicCommon!G4="","",LogicCommon!G4) -> MB.MBUDL5010
A5: * | E5: ACType :
A6: * | D6: 概要 : | E6: データファイルを出力する | L6: ID | N6: ID | P6: ID
A7: # | I7: U | K7: o | M7: o | O7: o
A8: # | D8: ブロック名 Block Name | E8: 型 Type | G8: super/share | H8: 対象ブロック名 Target Block Name | K8: TargetName | S8: ブロック備考 Block Remarks
A9: # | D9: 項目名 Field Name | E9: 型 Type | F9: 桁 Digits | G9: フルネーム Full Name | H9: 日本語名 Japanese Name | I9: 上り項目 Request Message Field | J9: 下り項目 Response Message Field | Q9: 条件および編集方法 Conditions and Editing Methods | S9: 項目備考 Field Remarks
A10: # | K10: 上り項目 Request Message Field | L10: 下り項目 Response Message Field | M10: 上り項目 Request Message Field | N10: 下り項目 Response Message Field | O10: 上り項目 Request Message Field | P10: 下り項目 Response Message Field
A11: =IF(D11="","",IF(B11="*",MAX($A$10:A10)+10,MAX($A$10:A10))) -> 10 | B11: * | D11: Prnt02_Dtl | E11: L | G11: $share$ | H11: MB.MBBEL0090.Upd01.Upd01_Dtl
A12: =IF(D12="","",IF(B12="*",MAX($A$10:A11)+10,MAX($A$10:A11))) -> 10 | D12: table_ctg | E12: #MA.TABLE_CTG | G12: Table category | H12: テーブルカテゴリ | I12: - | J12: -
A13: =IF(D13="","",IF(B13="*",MAX($A$10:A12)+10,MAX($A$10:A12))) -> 10 | D13: table_ctg_seq | E13: #MA.INT3 | G13: Table category sequence | H13: テーブルカテゴリ順序 | I13: - | J13: -
A14: =IF(D14="","",IF(B14="*",MAX($A$10:A13)+10,MAX($A$10:A13))) -> 10 | D14: table_id | E14: #MA.TABLE_ID | G14: Table ID | H14: テーブルＩＤ | I14: E | J14: -
A15: =IF(D15="","",IF(B15="*",MAX($A$10:A14)+10,MAX($A$10:A14))) -> 10 | D15: table_seq | E15: #MA.INT3 | G15: Table sequence | H15: テーブル順序 | I15: - | J15: -
A16: =IF(D16="","",IF(B16="*",MAX($A$10:A15)+10,MAX($A$10:A15))) -> 10 | D16: file_nm | E16: #MA.FILE_NM | G16: File name | H16: ファイル名 | I16: E | J16: -
A17: =IF(D17="","",IF(B17="*",MAX($A$10:A16)+10,MAX($A$10:A16))) -> 10 | D17: file_dat | E17: C | G17: File data | H17: ファイルデータ | I17: - | J17: -
A18: =IF(D18="","",IF(B18="*",MAX($A$10:A17)+10,MAX($A$10:A17))) -> 10 | D18: file_path | E18: C | G18: File path | H18: ファイルパス | I18: - | J18: -
A19: =IF(D19="","",IF(B19="*",MAX($A$10:A18)+10,MAX($A$10:A18))) -> 10 | D19: db_class_path | E19: #MA.CLASS_PATH | G19: DB container class path | H19: ＤＢコンテナクラスパス | I19: - | J19: -
A20: =IF(D20="","",IF(B20="*",MAX($A$10:A19)+10,MAX($A$10:A19))) -> 10 | D20: chk_ope | E20: #MA.OPERATION | G20: Check operation | H20: チェックオペレーション | I20: - | J20: -
A21: =IF(D21="","",IF(B21="*",MAX($A$10:A20)+10,MAX($A$10:A20))) -> 10 | D21: upd_ope | E21: #MA.OPERATION | G21: Entry operation | H21: 登録オペレーション | I21: - | J21: -
A22: =IF(D22="","",IF(B22="*",MAX($A$10:A21)+10,MAX($A$10:A21))) -> 10 | D22: err_flg | E22: #MA.FLG | G22: Error | H22: エラー | I22: - | J22: -
A23: =IF(D23="","",IF(B23="*",MAX($A$10:A22)+10,MAX($A$10:A22))) -> 10 | D23: fin_flg | E23: #MA.FLG | G23: Completed | H23: 完了 | I23: - | J23: -
A24: =IF(D24="","",IF(B24="*",MAX($A$10:A23)+10,MAX($A$10:A23))) | K24: 上り項目 Request Message Field | L24: 下り項目 Response Message Field | M24: 上り項目 Request Message Field | N24: 下り項目 Response Message Field | O24: 上り項目 Request Message Field | P24: 下り項目 Response Message Field
A25: =IF(D25="","",IF(B25="*",MAX($A$10:A24)+10,MAX($A$10:A24))) -> 20 | B25: * | D25: Prnt02_Ctrl | E25: R | G25: $share$ | H25: MB.MBBEL0090.Upd01.Upd01_Ctrl
A26: =IF(D26="","",IF(B26="*",MAX($A$10:A25)+10,MAX($A$10:A25))) -> 20 | D26: chk_only_flg | E26: #MA.FLG | G26: Check only | H26: チェックのみ | I26: - | J26: -
A27: =IF(D27="","",IF(B27="*",MAX($A$10:A26)+10,MAX($A$10:A26))) -> 20 | D27: ins_only_flg | E27: #MA.FLG | G27: Add only | H27: 追加のみ | I27: - | J27: -
A28: =IF(D28="","",IF(B28="*",MAX($A$10:A27)+10,MAX($A$10:A27))) -> 20 | D28: remake_flg | E28: #MA.FLG | G28: Recreate after deletion | H28: 削除後再作成 | I28: - | J28: -
A29: =IF(D29="","",IF(B29="*",MAX($A$10:A28)+10,MAX($A$10:A28))) -> 20 | D29: crud_flg | E29: #MA.FLG | G29: Follow the data | H29: データに従う | I29: - | J29: -
A30: =IF(D30="","",IF(B30="*",MAX($A$10:A29)+10,MAX($A$10:A29))) -> 20 | D30: err_continue_flg | E30: #MA.FLG | G30: Continue on error | H30: エラー時続行 | I30: - | J30: -
A31: =IF(D31="","",IF(B31="*",MAX($A$10:A30)+10,MAX($A$10:A30))) -> 20 | D31: fmt_typ | E31: C | G31: Date format | H31: 日付形式 | I31: E | J31: -
A32: =IF(D32="","",IF(B32="*",MAX($A$10:A31)+10,MAX($A$10:A31))) -> 20 | D32: dt_fmt | E32: C | G32: Date format | H32: 日付形式フォーマット | I32: - | J32: -
A33: =IF(D33="","",IF(B33="*",MAX($A$10:A32)+10,MAX($A$10:A32))) -> 20 | D33: ts_fmt | E33: C | G33: Time stamp format | H33: タイムスタンプ形式フォーマット | I33: - | J33: -
A34: =IF(D34="","",IF(B34="*",MAX($A$10:A33)+10,MAX($A$10:A33))) -> 20 | D34: data_start_row | E34: #MA.INT2 | G34: Data start row | H34: データ開始行 | I34: E | J34: -
D35: 詳細 :

Sheet 来歴
A1: 変更来歴
A3: Rev. | H3: 修正番号 | O3: 変更内容 | AQ3: 変更箇所
A4: 1 | O4: 初版
A5: 1.1 | O5: 英語の名称を追記 | AQ5: 全般
