Workbook

Sheet LogicCommon
A2: オペレーション実装仕様書 | B2: ModuleID : | C2: PF | D2: LogicID : | E2: PFUDL5020 | F2: Pj.ID : | G2: MC
B3: SubModuleID : | C3: PFUD | D3: LogicClass : | E3: PFUDL_SendRecvIf | F3: SuperClassPj.ID :
D4: LogicName : | E4: 送受信ＩＦ | F4: SuperLogicID : | G4: PF.PFUDL5000
A5: 概要 :
A6: 詳細 :

Sheet Conv01
A1: * | B1: * | D1: L | E1: 1
A2: * | D2: オペレーション実装仕様書 Operation Specification Implementation Sheet | E2: ModuleID : | F2: =IF(LogicCommon!C2="","",LogicCommon!C2) -> PF | G2: LogicID : | H2: =IF(LogicCommon!E2="","",LogicCommon!E2) -> PFUDL5020 | I2: Ope.ID : | J2: Conv01 | K2: Pj.ID : | L2: =IF(LogicCommon!G2="","",LogicCommon!G2) -> MC | M2: Ope.Body :
A3: * | D3: =IF(LogicCommon!A3="","",LogicCommon!A3) | E3: SubModuleID : | F3: =IF(LogicCommon!C3="","",LogicCommon!C3) -> PFUD | G3: LogicClass : | H3: =IF(LogicCommon!E3="","",LogicCommon!E3) -> PFUDL_SendRecvIf | I3: Ope.Method : | J3: Conv01 | K3: SuperClassPj.ID : | L3: =IF(LogicCommon!G3="","",LogicCommon!G3) | O3: Gene.Type : | P3: ALLI
A4: * | E4: Version : | F4: 000000 | G4: LogicName : | H4: =IF(LogicCommon!E4="","",LogicCommon!E4) -> 送受信ＩＦ | I4: Ope.Name : | J4: コード変換 | K4: SuperLogicID : | L4: =IF(LogicCommon!G4="","",LogicCommon!G4) -> PF.PFUDL5000 | M4: ImplOpe.ID:
A5: * | E5: ACType :
A6: * | D6: 概要 : | L6: ID | N6: ID | P6: ID
A7: # | I7: U | K7: o | M7: o | O7: o
A8: # | D8: ブロック名 Block Name | E8: 型 Type | G8: super/share | H8: 対象ブロック名 Target Block Name | K8: TargetName | M8: TargetName | O8: TargetName | S8: ブロック備考 Block Remarks
A9: # | D9: 項目名 Field Name | E9: 型 Type | F9: 桁 Digits | G9: フルネーム Full Name | H9: 日本語名 Japanese Name | I9: 上り項目 Request Message Field | J9: 下り項目 Response Message Field | Q9: 条件および編集方法 Conditions and Editing Methods | S9: 項目備考 Field Remarks
A10: # | K10: 上り項目 Request Message Field | L10: 下り項目 Response Message Field | M10: 上り項目 Request Message Field | N10: 下り項目 Response Message Field | O10: 上り項目 Request Message Field | P10: 下り項目 Response Message Field
A11: 10 | B11: * | D11: ConvDtl | E11: L
A12: 10 | D12: if_proc_typ | E12: #MA.IF_PROC_TYP | G12: IF process type | H12: ＩＦ処理区分 | I12: E | J12: E
A13: 10 | D13: data_no | E13: #MA.IF_DATA_NO | G13: Data No. | H13: データＮＯ | I13: E | J13: E
A14: 10 | D14: ext_sys_cd | E14: #MA.EXT_SYS_CD | G14: External system cd. | H14: 外部システムＣＤ | I14: E | J14: E
A15: 10 | D15: sdrv_sts_typ | E15: #MA.SDRV_STS_TYP | G15: Exporting and importing status type | H15: 送受信状況区分 | J15: E
A16: 10 | D16: co_cd | E16: #MA.CO_CD
D17: 詳細 :

Sheet Conv02
A1: * | B1: * | D1: L | E1: 1
A2: * | D2: オペレーション実装仕様書 Operation Specification Implementation Sheet | E2: ModuleID : | F2: =IF(LogicCommon!C2="","",LogicCommon!C2) -> PF | G2: LogicID : | H2: =IF(LogicCommon!E2="","",LogicCommon!E2) -> PFUDL5020 | I2: Ope.ID : | J2: Conv02 | K2: Pj.ID : | L2: =IF(LogicCommon!G2="","",LogicCommon!G2) -> MC | M2: Ope.Body :
A3: * | D3: =IF(LogicCommon!A3="","",LogicCommon!A3) | E3: SubModuleID : | F3: =IF(LogicCommon!C3="","",LogicCommon!C3) -> PFUD | G3: LogicClass : | H3: =IF(LogicCommon!E3="","",LogicCommon!E3) -> PFUDL_SendRecvIf | I3: Ope.Method : | J3: Conv02 | K3: SuperClassPj.ID : | L3: =IF(LogicCommon!G3="","",LogicCommon!G3) | O3: Gene.Type : | P3: ALLI
A4: * | E4: Version : | F4: 000000 | G4: LogicName : | H4: =IF(LogicCommon!E4="","",LogicCommon!E4) -> 送受信ＩＦ | I4: Ope.Name : | J4: 形式変換 | K4: SuperLogicID : | L4: =IF(LogicCommon!G4="","",LogicCommon!G4) -> PF.PFUDL5000 | M4: ImplOpe.ID:
A5: * | E5: ACType :
A6: * | D6: 概要 : | L6: ID | N6: ID | P6: ID
A7: # | I7: U | K7: o | M7: o | O7: o
A8: # | D8: ブロック名 Block Name | E8: 型 Type | G8: super/share | H8: 対象ブロック名 Target Block Name | K8: TargetName | M8: TargetName | O8: TargetName | S8: ブロック備考 Block Remarks
A9: # | D9: 項目名 Field Name | E9: 型 Type | F9: 桁 Digits | G9: フルネーム Full Name | H9: 日本語名 Japanese Name | I9: 上り項目 Request Message Field | J9: 下り項目 Response Message Field | Q9: 条件および編集方法 Conditions and Editing Methods | S9: 項目備考 Field Remarks
A10: # | K10: 上り項目 Request Message Field | L10: 下り項目 Response Message Field | M10: 上り項目 Request Message Field | N10: 下り項目 Response Message Field | O10: 上り項目 Request Message Field | P10: 下り項目 Response Message Field
A11: 10 | B11: * | D11: SdrvDtl | E11: L
A12: 10 | D12: sdrvIf | E12: R | F12: DBC:PF.PFT_SDRV_IF | G12: Import IF | H12: 受信ＩＦ
A13: 10 | D13: sdrvIf.if_proc_typ# | E13: RI | G13: IF process type | H13: ＩＦ処理区分 | I13: E | J13: E
A14: 10 | D14: sdrvIf.data_no# | E14: RI | G14: Data No. | H14: データＮＯ | I14: E | J14: E
A15: 10 | D15: sdrvIf.ext_sys_cd# | E15: RI | G15: External system cd. | H15: 外部システムＣＤ | I15: E | J15: E
A16: 10 | D16: sdrvIf.sdrv_sts_typ# | E16: RI | G16: Exporting and importing status type | H16: 送受信状況区分 | J16: E
A17: 10 | D17: sdrvIf.attr_char1 | E17: RI | G17: Business info. 1 | H17: 業務情報１
A18: 10 | D18: sdrvIf.attr_char2 | E18: RI | G18: Business info. 2 | H18: 業務情報２
A19: 10 | D19: sdrvIf.attr_char3 | E19: RI | G19: Business info. 3 | H19: 業務情報３
A20: 10 | D20: sdrvIf.attr_char4 | E20: RI | G20: Business info. 4 | H20: 業務情報４
A21: 10 | D21: sdrvIf.attr_char5 | E21: RI | G21: Business info. 5 | H21: 業務情報５
A22: 10 | D22: sdrvIf.attr_char6 | E22: RI | G22: Business info. 6 | H22: 業務情報６
A23: 10 | D23: sdrvIf.attr_char7 | E23: RI | G23: Business info. 7 | H23: 業務情報７
A24: 10 | D24: sdrvIf.attr_char8 | E24: RI | G24: Business info. 8 | H24: 業務情報８
A25: 10 | D25: sdrvIf.attr_char9 | E25: RI | G25: Business info. 9 | H25: 業務情報９
A26: 10 | D26: sdrvIf.attr_char10 | E26: RI | G26: Business info. 10 | H26: 業務情報１０
A27: 10 | D27: sdrvIf.attr_num1 | E27: RI | G27: Business info. 11 | H27: 業務情報１１
A28: 10 | D28: sdrvIf.attr_num2 | E28: RI | G28: Business info. 12 | H28: 業務情報１２
... A36: 10 | D36: sdrvIf.attr_dt5 | E36: RI | G36: Business info. 20 | H36: 業務情報２０
A37: 10 | D37: ifFile | E37: R | F37: DBC:PF.PFT_IF_FILE | G37: IF file | H37: ＩＦファイル
A38: 10 | D38: ifFile.file_id# | E38: RI | G38: File ID | H38: ファイルＩＤ
A39: 10 | D39: ifFile.file_path# | E39: RI | G39: File path | H39: ファイルパス | I39: E
A40: 10 | D40: ifFile.file_nm# | E40: RI | G40: File name | H40: ファイル名 | I40: E
A41: 10 | D41: sts_fsuffix | E41: #MA.VAR_STR | G41: Status file suffix | H41: ステータスファイル接尾辞 | I41: E
A42: 10 | D42: batch_flg | E42: #MA.FLG | G42: Batch activation | H42: バッチ起動
A43: 10 | D43: not_coopr_flg | E43: #MA.FLG | G43: Not for intercompany transactions | H43: 会社間取引対象外 | I43: E
A44: 10 | D44: if_ins_flg | E44: #MA.FLG | G44: IF data entered | H44: ＩＦデータ登録済 | J44: E
A45: 10 | D45: co_cd | E45: #MA.CO_CD
D46: 詳細 :

Sheet Conv03
A1: * | B1: * | D1: L | E1: 1
A2: * | D2: オペレーション実装仕様書 Operation Specification Implementation Sheet | E2: ModuleID : | F2: =IF(LogicCommon!C2="","",LogicCommon!C2) -> PF | G2: LogicID : | H2: =IF(LogicCommon!E2="","",LogicCommon!E2) -> PFUDL5020 | I2: Ope.ID : | J2: Conv03 | K2: Pj.ID : | L2: =IF(LogicCommon!G2="","",LogicCommon!G2) -> MC | M2: Ope.Body :
A3: * | D3: =IF(LogicCommon!A3="","",LogicCommon!A3) | E3: SubModuleID : | F3: =IF(LogicCommon!C3="","",LogicCommon!C3) -> PFUD | G3: LogicClass : | H3: =IF(LogicCommon!E3="","",LogicCommon!E3) -> PFUDL_SendRecvIf | I3: Ope.Method : | J3: Conv03 | K3: SuperClassPj.ID : | L3: =IF(LogicCommon!G3="","",LogicCommon!G3) | O3: Gene.Type : | P3: ALLI
A4: * | E4: Version : | F4: 000000 | G4: LogicName : | H4: =IF(LogicCommon!E4="","",LogicCommon!E4) -> 送受信ＩＦ | I4: Ope.Name : | J4: 形式変換 | K4: SuperLogicID : | L4: =IF(LogicCommon!G4="","",LogicCommon!G4) -> PF.PFUDL5000 | M4: ImplOpe.ID:
A5: * | E5: ACType :
A6: * | D6: 概要 : | L6: ID | N6: ID | P6: ID
A7: # | I7: U | K7: o | M7: o | O7: o
A8: # | D8: ブロック名 Block Name | E8: 型 Type | G8: super/share | H8: 対象ブロック名 Target Block Name | K8: TargetName | M8: TargetName | O8: TargetName | S8: ブロック備考 Block Remarks
A9: # | D9: 項目名 Field Name | E9: 型 Type | F9: 桁 Digits | G9: フルネーム Full Name | H9: 日本語名 Japanese Name | I9: 上り項目 Request Message Field | J9: 下り項目 Response Message Field | Q9: 条件および編集方法 Conditions and Editing Methods | S9: 項目備考 Field Remarks
A10: # | K10: 上り項目 Request Message Field | L10: 下り項目 Response Message Field | M10: 上り項目 Request Message Field | N10: 下り項目 Response Message Field | O10: 上り項目 Request Message Field | P10: 下り項目 Response Message Field
A11: 10 | B11: * | D11: SdrvDtl | E11: L | G11: $share$ | H11: PF.PFUDL5020.Conv02.SdrvDtl
A12: 10 | D12: sdrvIf | E12: R | F12: DBC:PF.PFT_SDRV_IF | G12: Import IF | H12: 受信ＩＦ
A13: 10 | D13: sdrvIf.if_proc_typ# | E13: RI | G13: IF process type | H13: ＩＦ処理区分 | I13: E | J13: E
A14: 10 | D14: sdrvIf.data_no# | E14: RI | G14: Data No. | H14: データＮＯ | I14: E | J14: E
A15: 10 | D15: sdrvIf.ext_sys_cd# | E15: RI | G15: External system cd. | H15: 外部システムＣＤ | I15: E | J15: E
A16: 10 | D16: sdrvIf.sdrv_sts_typ# | E16: RI | G16: Exporting and importing status type | H16: 送受信状況区分 | J16: E
A17: 10 | D17: sdrvIf.attr_char1 | E17: RI | G17: Business info. 1 | H17: 業務情報１ | J17: E
A18: 10 | D18: sdrvIf.attr_char2 | E18: RI | G18: Business info. 2 | H18: 業務情報２ | J18: E
A19: 10 | D19: sdrvIf.attr_char3 | E19: RI | G19: Business info. 3 | H19: 業務情報３ | J19: E
A20: 10 | D20: sdrvIf.attr_char4 | E20: RI | G20: Business info. 4 | H20: 業務情報４ | J20: E
A21: 10 | D21: sdrvIf.attr_char5 | E21: RI | G21: Business info. 5 | H21: 業務情報５ | J21: E
A22: 10 | D22: sdrvIf.attr_char6 | E22: RI | G22: Business info. 6 | H22: 業務情報６ | J22: E
A23: 10 | D23: sdrvIf.attr_char7 | E23: RI | G23: Business info. 7 | H23: 業務情報７ | J23: E
A24: 10 | D24: sdrvIf.attr_char8 | E24: RI | G24: Business info. 8 | H24: 業務情報８ | J24: E
A25: 10 | D25: sdrvIf.attr_char9 | E25: RI | G25: Business info. 9 | H25: 業務情報９ | J25: E
A26: 10 | D26: sdrvIf.attr_char10 | E26: RI | G26: Business info. 10 | H26: 業務情報１０ | J26: E
A27: 10 | D27: sdrvIf.attr_num1 | E27: RI | G27: Business info. 11 | H27: 業務情報１１ | J27: E
... A36: 10 | D36: sdrvIf.attr_dt5 | E36: RI | G36: Business info. 20 | H36: 業務情報２０ | J36: E
A37: 10 | D37: ifFile | E37: R | F37: DBC:PF.PFT_IF_FILE | G37: IF file | H37: ＩＦファイル
A38: 10 | D38: ifFile.file_id# | E38: RI | G38: File ID | H38: ファイルＩＤ
A39: 10 | D39: ifFile.file_path# | E39: RI | G39: File path | H39: ファイルパス | I39: E
A40: 10 | D40: ifFile.file_nm# | E40: RI | G40: File name | H40: ファイル名 | I40: E
A41: 10 | D41: sts_fsuffix | E41: #MA.VAR_STR | G41: Status file suffix | H41: ステータスファイル接尾辞 | I41: E
A42: 10 | D42: not_coopr_flg | E42: #MA.FLG | G42: Not for intercompany transactions | H42: 会社間取引対象外 | I42: E
A43: 10 | D43: if_ins_flg | E43: #MA.FLG | G43: IF data entered | H43: ＩＦデータ登録済 | J43: E
D44: 詳細 :

Sheet 来歴
A1: 変更来歴
A3: Rev. | H3: 修正番号 | O3: 変更内容 | AQ3: 変更箇所
A4: 1 | O4: 初版
A5: 1.1 | H5: PF7032#004 | O5: ConvDtlブロックに以下の項目を追加 ・co_cd | AQ5: Conv01シート
A6: 〃 | H6: 〃 | O6: SdrvDtlブロックに以下の項目を追加 ・co_cd | AQ6: Conv02シート
A7: 1.2 | O7: 英語の名称を追記 | AQ7: 全般
