Workbook

Sheet LogicCommon
A2: ロジック共通定義 | B2: ModuleID : | C2: MS | D2: LogicID : | E2: MSBEL1010 | F2: Pj.ID : | G2: MC
B3: SubModuleID : | C3: MSBE | D3: LogicClass : | E3: MSBEL_XfrInstReg | F3: SuperClassPj.ID :
D4: LogicName : | E4: 移動指図登録 | F4: SuperLogicID : | G4: MS.MSUDL5010
A5: 概要 :
A6: 詳細 :

Sheet Srch01
A1: * | B1: * | D1: L | E1: 1
A2: * | D2: オペレーション実装仕様書 Operation Specification Implementation Sheet | E2: ModuleID : | F2: =IF(LogicCommon!C2="","",LogicCommon!C2) -> MS | G2: LogicID : | H2: =IF(LogicCommon!E2="","",LogicCommon!E2) -> MSBEL1010 | I2: Ope.ID : | J2: Srch01 | K2: Pj.ID : | L2: =IF(LogicCommon!G2="","",LogicCommon!G2) -> MC | M2: Ope.Body : | N2: "mcframe.serverMAUD.MAUDL5010.MAUDL_Searcher"
A3: * | E3: SubModuleID : | F3: =IF(LogicCommon!C3="","",LogicCommon!C3) -> MSBE | G3: LogicClass : | H3: =IF(LogicCommon!E3="","",LogicCommon!E3) -> MSBEL_XfrInstReg | I3: Ope.Method : | J3: Srch01 | K3: SuperClassPj.ID : | L3: =IF(LogicCommon!G3="","",LogicCommon!G3) | O3: Gene.Type : | P3: ALL
A4: * | E4: Version : | F4: 000000 | G4: LogicName : | H4: =IF(LogicCommon!E4="","",LogicCommon!E4) -> 移動指図登録 | I4: Ope.Name : | J4: 予定検索 | K4: SuperLogicID : | L4: =IF(LogicCommon!G4="","",LogicCommon!G4) -> MS.MSUDL5010 | M4: ImplOpe.ID:
A5: * | E5: ACType :
A6: * | D6: 概要 : | E6: 移動・移送予定を検索する | M6: ID | O6: ID
A7: # | I7: U | K7: K | L7: o | N7: o
A8: # | D8: ブロック名 Block Name | E8: 型 Type | G8: super/share | H8: 対象ブロック名 Target Block Name | K8: CONST | L8: TargetName | N8: TargetName | R8: ブロック備考 Block Remarks
A9: # | D9: 項目名 Field Name | E9: 型 Type | F9: 桁 Digits | G9: フルネーム Full Name | H9: 日本語名 Japanese Name | I9: 上り項目 Request Message Field | J9: 下り項目 Response Message Field | P9: 条件および編集方法 Conditions and Editing Methods | R9: 項目備考 Field Remarks
A10: # | L10: 上り項目 Request Message Field | M10: 下り項目 Response Message Field | N10: 上り項目 Request Message Field | O10: 下り項目 Response Message Field
A11: 10 | B11: * | D11: Srch01_Cnd | E11: R
A12: 10 | D12: srch_tgt_no | E12: #MS.SRCH_TGT_NO | G12: Search target No. | H12: 検索対象ＮＯ | I12: E | J12: -
L13: 上り項目 Request Message Field | M13: 下り項目 Response Message Field | N13: 上り項目 Request Message Field | O13: 下り項目 Response Message Field
A14: 20 | B14: * | D14: Srch01_Hdr | E14: R
A15: 20 | D15: trd_cd | E15: #MA.TRD_CD | G15: Transaction cd. | H15: 取引ＣＤ | I15: - | J15: E
A16: 20 | D16: trd_nm | E16: #MA.TRD_NM | G16: Transaction name | H16: 取引名 | I16: - | J16: E
A17: 20 | D17: trd_ptn_typ | E17: #MA.TRD_PTN_TYP | G17: Transaction pattern type | H17: 取引パタン区分 | I17: - | J17: E
A18: 20 | D18: xfr_inst_no | E18: #MA.XFR_INST_NO | G18: Movement order No. | H18: 移動指図ＮＯ | I18: - | J18: -
A19: 20 | D19: gr_loc_cd | E19: #MA.LOC_CD | G19: GR location cd. | H19: 入庫場所ＣＤ | I19: - | J19: E
A20: 20 | D20: gr_loc_nm | E20: #MA.LOC_NM | G20: GR location name | H20: 入庫場所名 | I20: - | J20: E
A21: 20 | D21: gr_str_ln_tgt_flg | E21: #MA.FLG | G21: For GR rack/line | H21: 入庫棚・ライン対象 | I21: - | J21: E
A22: 20 | D22: gr_sppl_cd | E22: #MA.BP_CD | G22: GR supplier cd. | H22: 入庫発注先ＣＤ | I22: - | J22: E
A23: 20 | D23: gr_cur_cd | E23: #MA.CUR_CD | G23: GR currency cd. | H23: 入庫通貨ＣＤ | I23: - | J23: E
A24: 20 | D24: gr_onr_prsppl_flg | E24: #MA.FLG | G24: GR chargeable supplier | H24: 入庫有償支給先 | I24: - | J24: E
A25: 20 | D25: gr_prov_basis_typ | E25: #MA.PROV_BASIS_TYP | G25: GR supply recording type | H25: 入庫支給計上区分 | I25: - | J25: E
A26: 20 | D26: wg_cd | E26: #MA.WG_CD | G26: WG cd. | H26: ワーキンググループＣＤ | I26: - | J26: E
... A60: 20 | D60: upd_srv_req_no | E60: #MA.SRV_REQ_NO | G60: Update request No. | H60: 更新リクエストＮＯ | I60: - | J60: E
A62: 30 | B62: * | D62: Srch01_Dtl | E62: L
A63: 30 | D63: pr_sts_typ | E63: #MS.PR_STS_TYP | G63: Progress status type | H63: 進捗状況区分 | I63: - | J63: E | K63: MSC_PR_STS_TYP
A64: 30 | D64: pr_sts_typ_nm | E64: #MS.PR_STS_TYP_NM | G64: Progress status type name | H64: 進捗状況区分名 | I64: - | J64: E
A65: 30 | D65: itm_cd | E65: #MA.ITM_CD | G65: Item cd. | H65: 品目ＣＤ | I65: - | J65: E
A66: 30 | D66: itm_sub1 | E66: #MA.ITM_SUB1 | G66: Branch No. 1 | H66: 枝番１ | I66: - | J66: E
A67: 30 | D67: itm_sub2 | E67: #MA.ITM_SUB2 | G67: Branch No. 2 | H67: 枝番２ | I67: - | J67: E
A68: 30 | D68: itm_sub3 | E68: #MA.ITM_SUB3 | G68: Branch No. 3 | H68: 枝番３ | I68: - | J68: E
A69: 30 | D69: itm_nm | E69: #MA.ITM_NM | G69: Item name | H69: 品名 | I69: - | J69: E
A70: 30 | D70: lot_mng_typ | E70: #MA.LOT_MNG_TYP | G70: Lot management type | H70: ロット管理区分 | I70: - | J70: E
A71: 30 | D71: sublot_mng_typ | E71: #MA.SUBLOT_MNG_TYP | G71: Sublot management type | H71: サブロット管理区分 | I71: - | J71: E
A72: 30 | D72: sno1_mng_typ | E72: #MA.SNO_MNG_TYP | G72: SEIBAN No. 1 management type | H72: 手配ＮＯ１管理区分 | I72: - | J72: E
A73: 30 | D73: sno2_mng_typ | E73: #MA.SNO_MNG_TYP | G73: SEIBAN No. 2 management type | H73: 手配ＮＯ２管理区分 | I73: - | J73: E
A74: 30 | D74: sno3_mng_typ | E74: #MA.SNO_MNG_TYP | G74: SEIBAN No. 3 management type | H74: 手配ＮＯ３管理区分 | I74: - | J74: E
A75: 30 | D75: sno4_mng_typ | E75: #MA.SNO_MNG_TYP | G75: SEIBAN No. 4 management type | H75: 手配ＮＯ４管理区分 | I75: - | J75: E
... A133: 30 | D133: gd_nm | E133: #MA.STK_GD_NM | G133: Grading name | H133: 格付名 | I133: - | J133: E
A134: 30 | D134: quality_typ | E134: #MA.QUALITY_TYP | G134: Conforming type | H134: 良品区分 | I134: - | J134: E | K134: MAC_QUALITY_TYP
A135: 30 | D135: quality_typ_nm | E135: #MA.QUALITY_TYP_NM | G135: Conforming type name | H135: 良品区分名 | I135: - | J135: E
A136: 30 | D136: not_lot_mix_flg | E136: #MA.FLG | G136: Prohibit mixed lots | H136: ロット混在不可 | I136: - | J136: E
A137: 30 | D137: not_sublot_mix_flg | E137: #MA.FLG | G137: Prohibit mixed sublots | H137: サブロット混在不可 | I137: - | J137: E
A138: 30 | D138: vld_dt_fr | E138: #MA.DT | G138: Expiration date FROM | H138: 有効期限ＦＲＯＭ | I138: - | J138: E
A139: 30 | D139: sno1_null_flg | E139: #MA.FLG | G139: Allow without SEIBAN No. 1 | H139: 手配ＮＯ１無し可 | I139: - | J139: E
A140: 30 | D140: sno1 | E140: #MA.SNO1 | G140: SEIBAN No. 1 | H140: 手配ＮＯ１ | I140: - | J140: E
A141: 30 | D141: sno2_null_flg | E141: #MA.FLG | G141: Allow without SEIBAN No. 2 | H141: 手配ＮＯ２無し可 | I141: - | J141: E
A142: 30 | D142: sno2 | E142: #MA.SNO2 | G142: SEIBAN No. 2 | H142: 手配ＮＯ２ | I142: - | J142: E
A143: 30 | D143: sno3_null_flg | E143: #MA.FLG | G143: Allow without SEIBAN No. 3 | H143: 手配ＮＯ３無し可 | I143: - | J143: E
A144: 30 | D144: sno3 | E144: #MA.SNO3 | G144: SEIBAN No. 3 | H144: 手配ＮＯ３ | I144: - | J144: E
A145: 30 | D145: sno4_null_flg | E145: #MA.FLG | G145: Allow without SEIBAN No. 4 | H145: 手配ＮＯ４無し可 | I145: - | J145: E
A146: 30 | D146: sno4 | E146: #MA.SNO4 | G146: SEIBAN No. 4 | H146: 手配ＮＯ４ | I146: - | J146: E
... A152: 30 | D152: alloc_sno4 | E152: #MA.SNO4 | G152: Allocation SEIBAN No. 4 | H152: 引当手配ＮＯ４ | I152: - | J152: E
A153: 30 | D153: stk_id_typ | E153: #MS.STK_ID_TYP | G153: Inventory identification type | H153: 在庫識別区分 | I153: - | J153: E | K153: MSC_STK_ID_TYP
A154: 30 | D154: stk_id_typ_nm | E154: #MS.STK_ID_TYP_NM | G154: Inventory identification type name | H154: 在庫識別区分名 | I154: - | J154: E
A155: 30 | D155: stk_bp_cd | E155: #MA.BP_CD | G155: Inventory BP cd. | H155: 在庫取引先ＣＤ | I155: - | J155: E
A156: 30 | D156: stk_bp_nm | E156: #MA.BP_NM | G156: Inventory BP name | H156: 在庫取引先名 | I156: - | J156: E
A157: 30 | D157: rsn_cd | E157: #MA.BIZ_RSN_CD | G157: Reason cd. | H157: 理由ＣＤ | I157: - | J157: E
A158: 30 | D158: rsn_nm | E158: #MA.BIZ_RSN_NM | G158: Reason name | H158: 理由名 | I158: - | J158: E
A159: 30 | D159: acxfr_gi_flg | E159: #MA.FLG | G159: Other accounting GI | H159: 他勘定出庫 | I159: - | J159: E
A160: 30 | D160: bd_dpt_cd | E160: #MA.DPT_CD | G160: Charged dept. cd. | H160: 負担部門ＣＤ | I160: - | J160: E
A161: 30 | D161: bd_dpt_nm | E161: #MA.DPT_NM | G161: Charged dept. name | H161: 負担部門名 | I161: - | J161: E
A162: 30 | D162: prov_typ | E162: #MA.PROV_TYP | G162: Supply type | H162: 支給区分 | I162: - | J162: E | K162: MAC_PROV_TYP
A163: 30 | D163: prov_typ_nm | E163: #MA.PROV_TYP_NM | G163: Supply type name | H163: 支給区分名 | I163: - | J163: E
A164: 30 | D164: prov_basis_typ | E164: #MA.PROV_BASIS_TYP | G164: Supply recording type | H164: 支給計上区分 | I164: - | J164: E | K164: MAC_PROV_BASIS_TYP
A165: 30 | D165: prov_basis_typ_nm | E165: #MA.PROV_BASIS_TYP_NM | G165: Supply recording type name | H165: 支給計上区分名 | I165: - | J165: E
A166: 30 | D166: ret_prov_typ | E166: #MA.PROV_TYP | G166: Supply type (Return) | H166: 支給区分（返品） | I166: - | J166: E | K166: MAC_PROV_TYP
A167: 30 | D167: ret_prov_typ_nm | E167: #MA.PROV_TYP_NM | G167: Supply type name (Return) | H167: 支給区分名（返品） | I167: - | J167: E
A168: 30 | D168: ret_prov_basis_typ | E168: #MA.PROV_BASIS_TYP | G168: Supply recording type (Return) | H168: 支給計上区分（返品） | I168: - | J168: E | K168: MAC_PROV_BASIS_TYP
A169: 30 | D169: ret_prov_basis_typ_nm | E169: #MA.PROV_BASIS_TYP_NM | G169: Supply recording type name (Return) | H169: 支給計上区分名（返品） | I169: - | J169: E
A170: 30 | D170: base_dlv_slip_no | E170: #MA.DLV_SLIP_NO | G170: Return-from delivery note No. | H170: 返品元納品書ＮＯ | I170: - | J170: E
A171: 30 | D171: base_prov_act_no | E171: #MA.PROV_ACT_NO | G171: Return-from supply result No. | H171: 返品元支給実績ＮＯ | I171: - | J171: E
A172: 30 | D172: base_ac_dt | E172: #MA.DT | G172: Supply recording date (Base) | H172: 支給計上日（基） | I172: - | J172: E
A173: 30 | D173: wms_flg | E173: #MA.FLG | G173: WMS flg. | H173: ＷＭＳＦＬＧ | I173: - | J173: E
A174: 30 | D174: last_wms_flg | E174: #MA.FLG | G174: Last WMS flg. | H174: 前回ＷＭＳＦＬＧ | I174: - | J174: E
A175: 30 | D175: wms_tgt_flg | E175: #MA.FLG | G175: For WMS export | H175: ＷＭＳ送信対象 | I175: - | J175: E
A176: 30 | D176: trd_d_rmrks | E176: #MA.TRD_D_RMRKS | G176: Transaction details remarks | H176: 取引明細備考 | I176: - | J176: E
A177: 30 | D177: inst_d_rmrks | E177: #MS.XFR_INST_D_RMRKS | G177: Order details remarks | H177: 指図明細備考 | I177: - | J177: -
A178: 30 | D178: intr_d_rmrks | E178: #MS.XFR_INST_INTR_D_RMRKS | G178: Internal details remarks | H178: 内部明細備考 | I178: - | J178: -
A179: 30 | D179: sub_char1 | E179: #MS.XFR_INST_D_SUB_CHAR1 | G179: Spare 1 | H179: 予備１ | I179: - | J179: E
A180: 30 | D180: sub_char2 | E180: #MS.XFR_INST_D_SUB_CHAR2 | G180: Spare 2 | H180: 予備２ | I180: - | J180: E
... A188: 30 | D188: xfr_schd_no | E188: #MA.XFR_SCHD_NO | G188: Movement/transport schedule No. | H188: 移動・移送予定ＮＯ | I188: - | J188: E
A189: 30 | D189: xfr_src_typ | E189: #MS.XFR_SRC_TYP | G189: Source movement/transport type | H189: 移動・移送元区分 | I189: - | J189: E | K189: MSC_XFR_SRC_TYP
A190: 30 | D190: xfr_src_typ_nm | E190: #MS.XFR_SRC_TYP_NM | G190: Movement/transport source type name | H190: 移動・移送元区分名 | I190: - | J190: E
A191: 30 | D191: xfr_src_no | E191: #MA.XFR_SRC_NO | G191: Source movement/transport No. | H191: 移動・移送元ＮＯ | I191: - | J191: E
A192: 30 | D192: dlv_slip_no | E192: #MA.DLV_SLIP_NO | G192: Delivery note No. | H192: 納品書ＮＯ | I192: - | J192: E
A193: 30 | D193: dlv_slip_d_no | E193: #MA.DLV_SLIP_D_NO | G193: Delivery note details No. | H193: 納品書明細ＮＯ | I193: - | J193: E
A194: 30 | D194: io_schd_pr_no | E194: #MA.IO_SCHD_PR_NO | G194: GR/GI progress management No. | H194: 受払進捗管理ＮＯ | I194: - | J194: E
A195: 30 | D195: disp_seq | E195: #MA.DISP_SEQ | G195: Display order | H195: 表示順 | I195: - | J195: E
A196: 30 | D196: alloc_sts_upd_cntr | E196: #MA.UPD_CNT | G196: Update counter (Allocation status) | H196: 更新カウンタ(引当状況) | I196: - | J196: E
A197: 30 | D197: err_flg | E197: #MA.FLG | G197: Error | H197: エラー | I197: - | J197: -
D198: 詳細 :

Sheet Srch02
A1: * | B1: * | D1: L | E1: 1
A2: * | D2: オペレーション実装仕様書 Operation Specification Implementation Sheet | E2: ModuleID : | F2: =IF(LogicCommon!C2="","",LogicCommon!C2) -> MS | G2: LogicID : | H2: =IF(LogicCommon!E2="","",LogicCommon!E2) -> MSBEL1010 | I2: Ope.ID : | J2: Srch02 | K2: Pj.ID : | L2: =IF(LogicCommon!G2="","",LogicCommon!G2) -> MC | M2: Ope.Body : | N2: "mcframe.serverMAUD.MAUDL5010.MAUDL_Searcher"
A3: * | E3: SubModuleID : | F3: =IF(LogicCommon!C3="","",LogicCommon!C3) -> MSBE | G3: LogicClass : | H3: =IF(LogicCommon!E3="","",LogicCommon!E3) -> MSBEL_XfrInstReg | I3: Ope.Method : | J3: Srch02 | K3: SuperClassPj.ID : | L3: =IF(LogicCommon!G3="","",LogicCommon!G3) | O3: Gene.Type : | P3: ALL
A4: * | E4: Version : | F4: 000000 | G4: LogicName : | H4: =IF(LogicCommon!E4="","",LogicCommon!E4) -> 移動指図登録 | I4: Ope.Name : | J4: 指図検索 | K4: SuperLogicID : | L4: =IF(LogicCommon!G4="","",LogicCommon!G4) -> MS.MSUDL5010 | M4: ImplOpe.ID:
A5: * | E5: ACType :
A6: * | D6: 概要 : | E6: 移動指図を検索する | M6: ID | O6: ID
A7: # | I7: U | K7: K | L7: o | N7: o
A8: # | D8: ブロック名 Block Name | E8: 型 Type | G8: super/share | H8: 対象ブロック名 Target Block Name | K8: CONST | L8: TargetName | N8: TargetName | R8: ブロック備考 Block Remarks
A9: # | D9: 項目名 Field Name | E9: 型 Type | F9: 桁 Digits | G9: フルネーム Full Name | H9: 日本語名 Japanese Name | I9: 上り項目 Request Message Field | J9: 下り項目 Response Message Field | P9: 条件および編集方法 Conditions and Editing Methods | R9: 項目備考 Field Remarks
A10: # | L10: 上り項目 Request Message Field | M10: 下り項目 Response Message Field | N10: 上り項目 Request Message Field | O10: 下り項目 Response Message Field
A11: 10 | B11: * | D11: Srch02_Cnd | E11: R | G11: $share$ | H11: MS.MSBEL1010.Srch01.Srch01_Cnd
A12: 10 | D12: srch_tgt_no | E12: #MS.SRCH_TGT_NO | G12: Search target No. | H12: 検索対象ＮＯ | I12: E | J12: -
L13: 上り項目 Request Message Field | M13: 下り項目 Response Message Field | N13: 上り項目 Request Message Field | O13: 下り項目 Response Message Field
A14: 20 | B14: * | D14: Srch02_Hdr | E14: R | G14: $share$ | H14: MS.MSBEL1010.Srch01.Srch01_Hdr
A15: 20 | D15: trd_cd | E15: #MA.TRD_CD | G15: Transaction cd. | H15: 取引ＣＤ | I15: - | J15: E
A16: 20 | D16: trd_nm | E16: #MA.TRD_NM | G16: Transaction name | H16: 取引名 | I16: - | J16: E
A17: 20 | D17: trd_ptn_typ | E17: #MA.TRD_PTN_TYP | G17: Transaction pattern type | H17: 取引パタン区分 | I17: - | J17: E
A18: 20 | D18: xfr_inst_no | E18: #MA.XFR_INST_NO | G18: Movement order No. | H18: 移動指図ＮＯ | I18: - | J18: E
A19: 20 | D19: gr_loc_cd | E19: #MA.LOC_CD | G19: GR location cd. | H19: 入庫場所ＣＤ | I19: - | J19: E
A20: 20 | D20: gr_loc_nm | E20: #MA.LOC_NM | G20: GR location name | H20: 入庫場所名 | I20: - | J20: E
A21: 20 | D21: gr_str_ln_tgt_flg | E21: #MA.FLG | G21: For GR rack/line | H21: 入庫棚・ライン対象 | I21: - | J21: E
A22: 20 | D22: gr_sppl_cd | E22: #MA.BP_CD | G22: GR supplier cd. | H22: 入庫発注先ＣＤ | I22: - | J22: E
A23: 20 | D23: gr_cur_cd | E23: #MA.CUR_CD | G23: GR currency cd. | H23: 入庫通貨ＣＤ | I23: - | J23: E
A24: 20 | D24: gr_onr_prsppl_flg | E24: #MA.FLG | G24: GR chargeable supplier | H24: 入庫有償支給先 | I24: - | J24: E
A25: 20 | D25: gr_prov_basis_typ | E25: #MA.PROV_BASIS_TYP | G25: GR supply recording type | H25: 入庫支給計上区分 | I25: - | J25: E
A26: 20 | D26: wg_cd | E26: #MA.WG_CD | G26: WG cd. | H26: ワーキンググループＣＤ | I26: - | J26: E
... A60: 20 | D60: upd_srv_req_no | E60: #MA.SRV_REQ_NO | G60: Update request No. | H60: 更新リクエストＮＯ | I60: - | J60: E
A62: 30 | B62: * | D62: Srch02_Dtl | E62: L | G62: $share$ | H62: MS.MSBEL1010.Srch01.Srch01_Dtl
A63: 30 | D63: pr_sts_typ | E63: #MS.PR_STS_TYP | G63: Progress status type | H63: 進捗状況区分 | I63: - | J63: E | K63: MSC_PR_STS_TYP
A64: 30 | D64: pr_sts_typ_nm | E64: #MS.PR_STS_TYP_NM | G64: Progress status type name | H64: 進捗状況区分名 | I64: - | J64: E
A65: 30 | D65: itm_cd | E65: #MA.ITM_CD | G65: Item cd. | H65: 品目ＣＤ | I65: - | J65: E
A66: 30 | D66: itm_sub1 | E66: #MA.ITM_SUB1 | G66: Branch No. 1 | H66: 枝番１ | I66: - | J66: E
A67: 30 | D67: itm_sub2 | E67: #MA.ITM_SUB2 | G67: Branch No. 2 | H67: 枝番２ | I67: - | J67: E
A68: 30 | D68: itm_sub3 | E68: #MA.ITM_SUB3 | G68: Branch No. 3 | H68: 枝番３ | I68: - | J68: E
A69: 30 | D69: itm_nm | E69: #MA.ITM_NM | G69: Item name | H69: 品名 | I69: - | J69: E
A70: 30 | D70: lot_mng_typ | E70: #MA.LOT_MNG_TYP | G70: Lot management type | H70: ロット管理区分 | I70: - | J70: E
A71: 30 | D71: sublot_mng_typ | E71: #MA.SUBLOT_MNG_TYP | G71: Sublot management type | H71: サブロット管理区分 | I71: - | J71: E
A72: 30 | D72: sno1_mng_typ | E72: #MA.SNO_MNG_TYP | G72: SEIBAN No. 1 management type | H72: 手配ＮＯ１管理区分 | I72: - | J72: E
A73: 30 | D73: sno2_mng_typ | E73: #MA.SNO_MNG_TYP | G73: SEIBAN No. 2 management type | H73: 手配ＮＯ２管理区分 | I73: - | J73: E
A74: 30 | D74: sno3_mng_typ | E74: #MA.SNO_MNG_TYP | G74: SEIBAN No. 3 management type | H74: 手配ＮＯ３管理区分 | I74: - | J74: E
A75: 30 | D75: sno4_mng_typ | E75: #MA.SNO_MNG_TYP | G75: SEIBAN No. 4 management type | H75: 手配ＮＯ４管理区分 | I75: - | J75: E
... A133: 30 | D133: gd_nm | E133: #MA.STK_GD_NM | G133: Grading name | H133: 格付名 | I133: - | J133: E
A134: 30 | D134: quality_typ | E134: #MA.QUALITY_TYP | G134: Conforming type | H134: 良品区分 | I134: - | J134: E | K134: MAC_QUALITY_TYP
A135: 30 | D135: quality_typ_nm | E135: #MA.QUALITY_TYP_NM | G135: Conforming type name | H135: 良品区分名 | I135: - | J135: E
A136: 30 | D136: not_lot_mix_flg | E136: #MA.FLG | G136: Prohibit mixed lots | H136: ロット混在不可 | I136: - | J136: E
A137: 30 | D137: not_sublot_mix_flg | E137: #MA.FLG | G137: Prohibit mixed sublots | H137: サブロット混在不可 | I137: - | J137: E
A138: 30 | D138: vld_dt_fr | E138: #MA.DT | G138: Expiration date FROM | H138: 有効期限ＦＲＯＭ | I138: - | J138: E
A139: 30 | D139: sno1_null_flg | E139: #MA.FLG | G139: Allow without SEIBAN No. 1 | H139: 手配ＮＯ１無し可 | I139: - | J139: E
A140: 30 | D140: sno1 | E140: #MA.SNO1 | G140: SEIBAN No. 1 | H140: 手配ＮＯ１ | I140: - | J140: E
A141: 30 | D141: sno2_null_flg | E141: #MA.FLG | G141: Allow without SEIBAN No. 2 | H141: 手配ＮＯ２無し可 | I141: - | J141: E
A142: 30 | D142: sno2 | E142: #MA.SNO2 | G142: SEIBAN No. 2 | H142: 手配ＮＯ２ | I142: - | J142: E
A143: 30 | D143: sno3_null_flg | E143: #MA.FLG | G143: Allow without SEIBAN No. 3 | H143: 手配ＮＯ３無し可 | I143: - | J143: E
A144: 30 | D144: sno3 | E144: #MA.SNO3 | G144: SEIBAN No. 3 | H144: 手配ＮＯ３ | I144: - | J144: E
A145: 30 | D145: sno4_null_flg | E145: #MA.FLG | G145: Allow without SEIBAN No. 4 | H145: 手配ＮＯ４無し可 | I145: - | J145: E
A146: 30 | D146: sno4 | E146: #MA.SNO4 | G146: SEIBAN No. 4 | H146: 手配ＮＯ４ | I146: - | J146: E
... A152: 30 | D152: alloc_sno4 | E152: #MA.SNO4 | G152: Allocation SEIBAN No. 4 | H152: 引当手配ＮＯ４ | I152: - | J152: E
A153: 30 | D153: stk_id_typ | E153: #MS.STK_ID_TYP | G153: Inventory identification type | H153: 在庫識別区分 | I153: - | J153: E | K153: MSC_STK_ID_TYP
A154: 30 | D154: stk_id_typ_nm | E154: #MS.STK_ID_TYP_NM | G154: Inventory identification type name | H154: 在庫識別区分名 | I154: - | J154: E
A155: 30 | D155: stk_bp_cd | E155: #MA.BP_CD | G155: Inventory BP cd. | H155: 在庫取引先ＣＤ | I155: - | J155: E
A156: 30 | D156: stk_bp_nm | E156: #MA.BP_NM | G156: Inventory BP name | H156: 在庫取引先名 | I156: - | J156: E
A157: 30 | D157: rsn_cd | E157: #MA.BIZ_RSN_CD | G157: Reason cd. | H157: 理由ＣＤ | I157: - | J157: E
A158: 30 | D158: rsn_nm | E158: #MA.BIZ_RSN_NM | G158: Reason name | H158: 理由名 | I158: - | J158: E
A159: 30 | D159: acxfr_gi_flg | E159: #MA.FLG | G159: Other accounting GI | H159: 他勘定出庫 | I159: - | J159: E
A160: 30 | D160: bd_dpt_cd | E160: #MA.DPT_CD | G160: Charged dept. cd. | H160: 負担部門ＣＤ | I160: - | J160: E
A161: 30 | D161: bd_dpt_nm | E161: #MA.DPT_NM | G161: Charged dept. name | H161: 負担部門名 | I161: - | J161: E
A162: 30 | D162: prov_typ | E162: #MA.PROV_TYP | G162: Supply type | H162: 支給区分 | I162: - | J162: E | K162: MAC_PROV_TYP
A163: 30 | D163: prov_typ_nm | E163: #MA.PROV_TYP_NM | G163: Supply type name | H163: 支給区分名 | I163: - | J163: E
A164: 30 | D164: prov_basis_typ | E164: #MA.PROV_BASIS_TYP | G164: Supply recording type | H164: 支給計上区分 | I164: - | J164: E | K164: MAC_PROV_BASIS_TYP
A165: 30 | D165: prov_basis_typ_nm | E165: #MA.PROV_BASIS_TYP_NM | G165: Supply recording type name | H165: 支給計上区分名 | I165: - | J165: E
A166: 30 | D166: ret_prov_typ | E166: #MA.PROV_TYP | G166: Supply type (Return) | H166: 支給区分（返品） | I166: - | J166: E | K166: MAC_PROV_TYP
A167: 30 | D167: ret_prov_typ_nm | E167: #MA.PROV_TYP_NM | G167: Supply type name (Return) | H167: 支給区分名（返品） | I167: - | J167: E
A168: 30 | D168: ret_prov_basis_typ | E168: #MA.PROV_BASIS_TYP | G168: Supply recording type (Return) | H168: 支給計上区分（返品） | I168: - | J168: E | K168: MAC_PROV_BASIS_TYP
A169: 30 | D169: ret_prov_basis_typ_nm | E169: #MA.PROV_BASIS_TYP_NM | G169: Supply recording type name (Return) | H169: 支給計上区分名（返品） | I169: - | J169: E
A170: 30 | D170: base_dlv_slip_no | E170: #MA.DLV_SLIP_NO | G170: Return-from delivery note No. | H170: 返品元納品書ＮＯ | I170: - | J170: E
A171: 30 | D171: base_prov_act_no | E171: #MA.PROV_ACT_NO | G171: Return-from supply result No. | H171: 返品元支給実績ＮＯ | I171: - | J171: E
A172: 30 | D172: base_ac_dt | E172: #MA.DT | G172: Supply recording date (Base) | H172: 支給計上日（基） | I172: - | J172: E
A173: 30 | D173: wms_flg | E173: #MA.FLG | G173: WMS flg. | H173: ＷＭＳＦＬＧ | I173: - | J173: E
A174: 30 | D174: last_wms_flg | E174: #MA.FLG | G174: Last WMS flg. | H174: 前回ＷＭＳＦＬＧ | I174: - | J174: E
A175: 30 | D175: wms_tgt_flg | E175: #MA.FLG | G175: For WMS export | H175: ＷＭＳ送信対象 | I175: - | J175: E
A176: 30 | D176: trd_d_rmrks | E176: #MA.TRD_D_RMRKS | G176: Transaction details remarks | H176: 取引明細備考 | I176: - | J176: E
A177: 30 | D177: inst_d_rmrks | E177: #MS.XFR_INST_D_RMRKS | G177: Order details remarks | H177: 指図明細備考 | I177: - | J177: E
A178: 30 | D178: intr_d_rmrks | E178: #MS.XFR_INST_INTR_D_RMRKS | G178: Internal details remarks | H178: 内部明細備考 | I178: - | J178: E
A179: 30 | D179: sub_char1 | E179: #MS.XFR_INST_D_SUB_CHAR1 | G179: Spare 1 | H179: 予備１ | I179: - | J179: E
A180: 30 | D180: sub_char2 | E180: #MS.XFR_INST_D_SUB_CHAR2 | G180: Spare 2 | H180: 予備２ | I180: - | J180: E
... A188: 30 | D188: xfr_schd_no | E188: #MA.XFR_SCHD_NO | G188: Movement/transport schedule No. | H188: 移動・移送予定ＮＯ | I188: - | J188: E
A189: 30 | D189: xfr_src_typ | E189: #MS.XFR_SRC_TYP | G189: Source movement/transport type | H189: 移動・移送元区分 | I189: - | J189: E | K189: MSC_XFR_SRC_TYP
A190: 30 | D190: xfr_src_typ_nm | E190: #MS.XFR_SRC_TYP_NM | G190: Movement/transport source type name | H190: 移動・移送元区分名 | I190: - | J190: E
A191: 30 | D191: xfr_src_no | E191: #MA.XFR_SRC_NO | G191: Source movement/transport No. | H191: 移動・移送元ＮＯ | I191: - | J191: E
A192: 30 | D192: dlv_slip_no | E192: #MA.DLV_SLIP_NO | G192: Delivery note No. | H192: 納品書ＮＯ | I192: - | J192: E
A193: 30 | D193: dlv_slip_d_no | E193: #MA.DLV_SLIP_D_NO | G193: Delivery note details No. | H193: 納品書明細ＮＯ | I193: - | J193: E
A194: 30 | D194: io_schd_pr_no | E194: #MA.IO_SCHD_PR_NO | G194: GR/GI progress management No. | H194: 受払進捗管理ＮＯ | I194: - | J194: E
A195: 30 | D195: disp_seq | E195: #MA.DISP_SEQ | G195: Display order | H195: 表示順 | I195: - | J195: E
A196: 30 | D196: alloc_sts_upd_cntr | E196: #MA.UPD_CNT | G196: Update counter (Allocation status) | H196: 更新カウンタ(引当状況) | I196: - | J196: E
A197: 30 | D197: err_flg | E197: #MA.FLG | G197: Error | H197: エラー | I197: - | J197: -
D198: 詳細 :

Sheet Chk01
A1: * | B1: * | D1: L | E1: 1
A2: * | D2: オペレーション実装仕様書 Operation Specification Implementation Sheet | E2: ModuleID : | F2: =IF(LogicCommon!C2="","",LogicCommon!C2) -> MS | G2: LogicID : | H2: =IF(LogicCommon!E2="","",LogicCommon!E2) -> MSBEL1010 | I2: Ope.ID : | J2: Chk01 | K2: Pj.ID : | L2: =IF(LogicCommon!G2="","",LogicCommon!G2) -> MC | M2: Ope.Body : | N2: MA.MAUDL5010.Checker
A3: * | E3: SubModuleID : | F3: =IF(LogicCommon!C3="","",LogicCommon!C3) -> MSBE | G3: LogicClass : | H3: =IF(LogicCommon!E3="","",LogicCommon!E3) -> MSBEL_XfrInstReg | I3: Ope.Method : | J3: Chk01 | K3: SuperClassPj.ID : | L3: =IF(LogicCommon!G3="","",LogicCommon!G3) | O3: Gene.Type : | P3: ALL
A4: * | E4: Version : | F4: 000000 | G4: LogicName : | H4: =IF(LogicCommon!E4="","",LogicCommon!E4) -> 移動指図登録 | I4: Ope.Name : | J4: 登録前チェック | K4: SuperLogicID : | L4: =IF(LogicCommon!G4="","",LogicCommon!G4) -> MS.MSUDL5010 | M4: ImplOpe.ID:
A5: * | E5: ACType :
A6: * | D6: 概要 : | E6: 移動指図が登録可能かチェックする | AD6: ID | AF6: ID
A7: # | I7: U | K7: K | L7: K | M7: K | N7: K | O7: K | P7: K | Q7: K | R7: K | S7: K | T7: K | U7: K | V7: K | W7: K | X7: K | Y7: K | Z7: K | AA7: K | AB7: K | AC7: o | AE7: o
A8: # | D8: ブロック名 Block Name | E8: 型 Type | G8: super/share | H8: 対象ブロック名 Target Block Name | K8: REQ_UPD_CNT_CHK | L8: REQUIRED | M8: CHK_NUM | N8: SMALL_LARGE | O8: CHK_DT | P8: BEFORE_AFTER | Q8: CHK_PTN | R8: DUPLICATE | S8: TOO_MANY_INPUTS | T8: AT_LEAST_ONE | U8: ONLY_ONE_INPUT | V8: LIST_LOGIC | W8: LIST_OUT | X8: LIST_OUT_BASE | Y8: LIST_IN | Z8: LIST_IN_BASE | AA8: CONST | AB8: NULL_VAL | AC8: TargetName | AE8: TargetName | AI8: ブロック備考 Block Remarks
A9: # | D9: 項目名 Field Name | E9: 型 Type | F9: 桁 Digits | G9: フルネーム Full Name | H9: 日本語名 Japanese Name | I9: 上り項目 Request Message Field | J9: 下り項目 Response Message Field | AG9: 条件および編集方法 Conditions and Editing Methods | AI9: 項目備考 Field Remarks
A10: #
A11: 10 | B11: * | D11: Chk01_Hdr | E11: R
A12: 10 | D12: trd_cd | E12: #MA.TRD_CD | G12: Transaction cd. | H12: 取引ＣＤ | I12: E | J12: E | L12: I,U | V12: MA.MAUAL0010.Trd | W12: trd_nm;trd_ptn_typ
A13: 10 | D13: trd_nm | E13: #MA.TRD_NM | G13: Transaction name | H13: 取引名 | I13: - | J13: E
A14: 10 | D14: trd_ptn_typ | E14: #MA.TRD_PTN_TYP | G14: Transaction pattern type | H14: 取引パタン区分 | I14: - | J14: E
A15: 10 | D15: xfr_inst_no | E15: #MA.XFR_INST_NO | G15: Movement order No. | H15: 移動指図ＮＯ | I15: - | J15: -
A16: 10 | D16: gr_loc_cd | E16: #MA.LOC_CD | G16: GR location cd. | H16: 入庫場所ＣＤ | I16: E | J16: E | L16: I,U | V16: MA.MAUAL0010.Loc | W16: gr_loc_nm;wg_cd;wg_nm;gr_str_ln_tgt_flg;lg_grp_cd;lg_grp_nm;gr_sppl_cd | X16: loc_nm;wg_cd;wg_nm;str_ln_tgt_flg;lg_grp_cd;lg_grp_nm;sppl_cd
A17: 10 | D17: gr_loc_nm | E17: #MA.LOC_NM | G17: GR location name | H17: 入庫場所名 | I17: - | J17: E
A18: 10 | D18: gr_str_ln_tgt_flg | E18: #MA.FLG | G18: For GR rack/line | H18: 入庫棚・ライン対象 | I18: - | J18: E
A19: 10 | D19: gr_sppl_cd | E19: #MA.BP_CD | G19: GR supplier cd. | H19: 入庫発注先ＣＤ | I19: - | J19: E | V19: MA.MAUAL0010.Bp | W19: gr_onr_prsppl_flg;gr_prov_basis_typ;gr_cur_cd | X19: onr_prsppl_flg;prov_basis_typ;cur_cd
A20: 10 | D20: gr_cur_cd | E20: #MA.CUR_CD | G20: GR currency cd. | H20: 入庫通貨ＣＤ | I20: - | J20: E
A21: 10 | D21: gr_onr_prsppl_flg | E21: #MA.FLG | G21: GR chargeable supplier | H21: 入庫有償支給先 | I21: - | J21: E
A22: 10 | D22: gr_prov_basis_typ | E22: #MA.PROV_BASIS_TYP | G22: GR supply recording type | H22: 入庫支給計上区分 | I22: - | J22: E
A23: 10 | D23: wg_cd | E23: #MA.WG_CD | G23: WG cd. | H23: ワーキンググループＣＤ | I23: - | J23: E
A24: 10 | D24: wg_nm | E24: #MA.WG_NM | G24: WG name | H24: ワーキンググループ名 | I24: - | J24: E
A25: 10 | D25: lg_grp_cd | E25: #MA.LG_GRP_CD | G25: Distribution group cd. | H25: 物流グループＣＤ | I25: - | J25: E
A26: 10 | D26: lg_grp_nm | E26: #MA.LG_GRP_NM | G26: Distribution group name | H26: 物流グループ名 | I26: - | J26: E
A27: 10 | D27: xfr_schd_dt | E27: #MA.DT | G27: Scheduled movement date | H27: 移動予定日 | I27: E | J27: E | L27: I,U
A28: 10 | D28: xfr_inst_dt | E28: #MA.DT | G28: Movement order date | H28: 移動指図日 | I28: E | J28: E | L28: I,U
A29: 10 | D29: inst_usr_cd | E29: #MA.USR_CD | G29: Order PIC cd. | H29: 指図担当者ＣＤ | I29: E | J29: E | V29: MA.MAUAL0010.Usr | W29: inst_usr_nm | X29: usr_nm
A30: 10 | D30: inst_usr_nm | E30: #MA.USR_NM | G30: Order PIC name | H30: 指図担当者名 | I30: - | J30: E
A31: 10 | D31: inst_dpt_cd | E31: #MA.DPT_CD | G31: Order dept. cd. | H31: 指図部門ＣＤ | I31: E | J31: E | V31: MA.MAUAL0010.Dpt | W31: inst_dpt_nm | X31: dpt_nm | Y31: inst_usr_cd;xfr_inst_dt;MAC_DPT_IS_SRCH_TYP.SCE | Z31: usr_cd;dt;dpt_is_srch_typ
A32: 10 | D32: inst_dpt_nm | E32: #MA.DPT_NM | G32: Order dept. name | H32: 指図部門名 | I32: - | J32: E
A33: 10 | D33: pick_print | E33: #MA.FLG | G33: Picking list immediate issue | H33: ピッキングリスト即時発行 | I33: E | J33: E
A34: 10 | D34: inst_print | E34: #MA.FLG | G34: Order sheet immediate issue | H34: 指図書即時発行 | I34: E | J34: E
A35: 10 | D35: dlv_print | E35: #MA.FLG | G35: Delivery note immediate issue | H35: 納品書即時発行 | I35: E | J35: E
A36: 10 | D36: pick_prnt_flg | E36: #MA.FLG | G36: Picking list issued | H36: ピッキングリスト発行済 | I36: - | J36: E
A37: 10 | D37: inst_prnt_flg | E37: #MA.FLG | G37: Order sheet issued | H37: 指図書発行済 | I37: - | J37: E
A38: 10 | D38: dlv_prnt_flg | E38: #MA.FLG | G38: Delivery note issued | H38: 納品書発行済 | I38: - | J38: E
A39: 10 | D39: registered_act | E39: #MA.FLG | G39: Result entered | H39: 実績登録済 | I39: - | J39: -
A40: 10 | D40: trd_rmrks | E40: #MA.TRD_RMRKS | G40: Transaction remarks | H40: 取引備考 | I40: E | J40: E
A41: 10 | D41: inst_rmrks | E41: #MS.XFR_INST_RMRKS | G41: Order remarks | H41: 指図備考 | I41: E | J41: E
A42: 10 | D42: intr_rmrks | E42: #MS.XFR_INST_INTR_RMRKS | G42: Internal remarks | H42: 内部備考 | I42: E | J42: E
A43: 10 | D43: sub_char1 | E43: #MS.XFR_INST_SUB_CHAR1 | G43: Spare 1 | H43: 予備１ | I43: E | J43: E
... A58: 10 | D58: err_flg | E58: #MA.FLG | G58: Error | H58: エラー | I58: - | J58: -
A60: 20 | B60: * | D60: Chk01_Dtl | E60: L
A61: 20 | D61: peg_no | E61: #MA.INT | G61: Pegging No. | H61: 紐付けＮＯ | I61: - | J61: E
A62: 20 | D62: data_crud_typ | E62: #MA.DATA_CRUD_TYP | G62: Data update type | H62: データ更新区分 | I62: E | J62: E
A63: 20 | D63: pr_sts_typ | E63: #MS.PR_STS_TYP | G63: Progress status type | H63: 進捗状況区分 | I63: E | J63: E | AA63: MSC_PR_STS_TYP
A64: 20 | D64: pr_sts_typ_nm | E64: #MS.PR_STS_TYP_NM | G64: Progress status type name | H64: 進捗状況区分名 | I64: - | J64: E
A65: 20 | D65: itm_cd | E65: #MA.ITM_CD | G65: Item cd. | H65: 品目ＣＤ | I65: E | J65: E | L65: I,U
A66: 20 | D66: itm_sub1 | E66: #MA.ITM_SUB1 | G66: Branch No. 1 | H66: 枝番１ | I66: E | J66: E | L66: I,U | AB66: E
A67: 20 | D67: itm_sub2 | E67: #MA.ITM_SUB2 | G67: Branch No. 2 | H67: 枝番２ | I67: E | J67: E | L67: I,U | AB67: E
A68: 20 | D68: itm_sub3 | E68: #MA.ITM_SUB3 | G68: Branch No. 3 | H68: 枝番３ | I68: E | J68: E | L68: I,U | V68: MA.MAUAL0010.ItmSub3 | W68: itm_nm;base_unit_cd;base_unit_nm;base_unit_dec_place;base_unit_rnd_typ;lot_mng_typ;sublot_mng_typ;sno1_mng_typ;sno2_mng_typ;sno3_mng_typ;sno4_mng_typ;asset_mng_typ;def_ver_flg;cont_fctr_flg;cont_fctr_unit_cd;cont_fctr_rnd_typ;cont_fctr_dec_place;pckg_unit_cd | X68: itm_nm;unit_cd;unit_nm;dec_place;rnd_typ;lot_mng_typ;sublot_mng_typ;sno1_mng_typ;sno2_mng_typ;sno3_mng_typ;sno4_mng_typ;asset_mng_typ;ver_flg;cont_fctr_flg;cont_fctr_unit_cd;cont_fctr_rnd_typ;cont_fctr_dec_place;pckg_unit_cd | Y68: MAC_ITM_IS_SRCH_TYP.STK1;itm_cd;itm_sub1;itm_sub2 | Z68: itm_is_srch_typ;itm_cd;itm_sub1;itm_sub2 | AB68: E
A69: 20 | D69: itm_nm | E69: #MA.ITM_NM | G69: Item name | H69: 品名 | I69: - | J69: E
A70: 20 | D70: lot_mng_typ | E70: #MA.LOT_MNG_TYP | G70: Lot management type | H70: ロット管理区分 | I70: - | J70: E
A71: 20 | D71: sublot_mng_typ | E71: #MA.SUBLOT_MNG_TYP | G71: Sublot management type | H71: サブロット管理区分 | I71: - | J71: E
A72: 20 | D72: sno1_mng_typ | E72: #MA.SNO_MNG_TYP | G72: SEIBAN No. 1 management type | H72: 手配ＮＯ１管理区分 | I72: - | J72: E
A73: 20 | D73: sno2_mng_typ | E73: #MA.SNO_MNG_TYP | G73: SEIBAN No. 2 management type | H73: 手配ＮＯ２管理区分 | I73: - | J73: E
A74: 20 | D74: sno3_mng_typ | E74: #MA.SNO_MNG_TYP | G74: SEIBAN No. 3 management type | H74: 手配ＮＯ３管理区分 | I74: - | J74: E
A75: 20 | D75: sno4_mng_typ | E75: #MA.SNO_MNG_TYP | G75: SEIBAN No. 4 management type | H75: 手配ＮＯ４管理区分 | I75: - | J75: E
A76: 20 | D76: asset_mng_typ | E76: #MA.ASSET_MNG_TYP | G76: Asset management type | H76: 資産管理区分 | I76: - | J76: E
A77: 20 | D77: alloc_flg | E77: #MA.FLG | G77: Allocation | H77: 引当 | I77: E | J77: E
A78: 20 | D78: lot_none_flg | E78: #MA.FLG | G78: Without lot | H78: ロット指定無 | I78: E | J78: E
A79: 20 | D79: skip_chk_ship_flg | E79: #MA.FLG | G79: Configuration check not required at shipping | H79: 出荷時構成チェック不要 | I79: E | J79: -
A80: 20 | D80: crt_lot_flg | E80: #MA.FLG | G80: Create lot | H80: ロット作成 | I80: - | J80: -
... A84: 20 | D84: ver_no | E84: #MA.VER_NO | G84: Version No. | H84: 版ＮＯ | I84: E | J84: E
A85: 20 | D85: trd_unit_cd | E85: #MA.UNIT_CD | G85: Transaction unit cd. | H85: 取引単位ＣＤ | I85: E | J85: E | L85: I,U | V85: MA.MAUAL0010.ItmUnit | W85: trd_unit_nm;trd_unit_conv_base_qty;trd_unit_conv_qty;trd_unit_dec_place | X85: unit_nm;conv_base_qty;conv_qty;dec_place | Y85: itm_cd;itm_sub1;itm_sub2;itm_sub3 | Z85: itm_cd;itm_sub1;itm_sub2;itm_sub3
A86: 20 | D86: trd_unit_nm | E86: #MA.UNIT_NM | G86: Transaction unit name | H86: 取引単位名 | I86: - | J86: E
A87: 20 | D87: trd_unit_conv_base_qty | E87: #MA.QTY | G87: Transaction unit conversion base qty. | H87: 取引単位換算基準数量 | I87: - | J87: E
A88: 20 | D88: trd_unit_conv_qty | E88: #MA.QTY | G88: Transaction unit conversion qty. | H88: 取引単位換算数量 | I88: - | J88: E
A89: 20 | D89: trd_unit_dec_place | E89: #MA.DEC_PLACE | G89: Transaction unit number of decimal places | H89: 取引単位小数部有効桁数 | I89: - | J89: E
A90: 20 | D90: trd_unit_qty | E90: #MA.QTY | G90: Transaction qty. | H90: 取引数量 | I90: E | J90: E | L90: I,U | M90: positive
A91: 20 | D91: abort_flg | E91: #MA.FLG | G91: Cancel remaining | H91: 打切 | I91: E | J91: E
A92: 20 | D92: inst_bndl_flg | E92: #MA.FLG | G92: Order aggregation | H92: 指図まとめ | I92: E | J92: E
A93: 20 | D93: inst_bndl_src_flg | E93: #MA.FLG | G93: Order aggregation-from | H93: 指図まとめ元 | I93: E | J93: E
A94: 20 | D94: base_unit_cd | E94: #MA.UNIT_CD | G94: Base unit cd. | H94: 基準単位ＣＤ | I94: - | J94: E
A95: 20 | D95: base_unit_nm | E95: #MA.UNIT_NM | G95: Base unit name | H95: 基準単位名 | I95: - | J95: E
A96: 20 | D96: base_unit_dec_place | E96: #MA.DEC_PLACE | G96: Base unit number of decimal places | H96: 基準単位小数部有効桁数 | I96: - | J96: E
A97: 20 | D97: base_unit_rnd_typ | E97: #MA.RND_TYP | G97: Base unit rounding type | H97: 基準単位端数処理区分 | I97: - | J97: E
A98: 20 | D98: base_unit_qty | E98: #MA.QTY | G98: Base unit qty. | H98: 基準単位数量 | I98: - | J98: E
A99: 20 | D99: base_unit_act_qty | E99: #MA.QTY | G99: Base unit result qty. | H99: 基準単位実績数量 | I99: - | J99: E
A100: 20 | D100: pckg_unit_cd | E100: #MA.UNIT_CD | G100: Packing unit cd. | H100: 梱包単位ＣＤ | I100: - | J100: -
A101: 20 | D101: pckg_unit_nm | E101: #MA.UNIT_NM | G101: Packing unit name | H101: 梱包単位名 | I101: - | J101: -
A102: 20 | D102: pckg_unit_conv_base_qty | E102: #MA.QTY | G102: Packing unit conversion base qty. | H102: 梱包単位換算基準数量 | I102: - | J102: -
... A110: 20 | D110: cont_fctr_flg | E110: #MA.FLG | G110: For active ingredient | H110: 有効成分対象 | I110: - | J110: -
A111: 20 | D111: cont_fctr_unit_cd | E111: #MA.UNIT_CD | G111: Active ingredient unit cd. | H111: 有効成分単位ＣＤ | I111: - | J111: - | V111: MA.MAUAL0010.Unit | W111: cont_fctr_unit_nm | X111: unit_nm
A112: 20 | D112: cont_fctr_unit_nm | E112: #MA.UNIT_NM | G112: Active ingredient unit name | H112: 有効成分単位名 | I112: - | J112: -
A113: 20 | D113: cont_fctr_dec_place | E113: #MA.DEC_PLACE | G113: Active ingredient unit number of decimal places | H113: 有効成分単位小数部有効桁数 | I113: - | J113: -
A114: 20 | D114: cont_fctr_rnd_typ | E114: #MA.RND_TYP | G114: Active ingredient unit rounding type | H114: 有効成分単位端数処理区分 | I114: - | J114: -
A115: 20 | D115: act_cont_fctr | E115: #MA.ACT_CONT_FCTR | G115: Actual active ingredient coefficient | H115: 実際有効成分係数 | I115: - | J115: -
A116: 20 | D116: act_cont_qty | E116: #MA.CONT_QTY | G116: Actual active ingredient | H116: 実際有効成分 | I116: - | J116: -
A117: 20 | D117: std_cont_fctr | E117: #MA.STD_CONT_FCTR | G117: Standard active ingredient coefficient | H117: 標準有効成分係数 | I117: - | J117: -
A118: 20 | D118: std_cont_qty | E118: #MA.CONT_QTY | G118: Standard active ingredient | H118: 標準有効成分 | I118: - | J118: -
A119: 20 | D119: gi_loc_cd | E119: #MA.LOC_CD | G119: GI location cd. | H119: 出庫場所ＣＤ | I119: E | J119: E | V119: MA.MAUAL0010.Loc | W119: gi_loc_nm;gi_str_ln_tgt_flg;gi_sppl_cd;gi_site_cd;gi_wg_cd;gi_lg_grp_cd | X119: loc_nm;str_ln_tgt_flg;sppl_cd;site_cd;wg_cd;lg_grp_cd
A120: 20 | D120: gi_loc_nm | E120: #MA.LOC_NM | G120: GI location name | H120: 出庫場所名 | I120: - | J120: E
A121: 20 | D121: gi_site_cd | E121: #MA.SITE_CD | G121: GI factory/distribution warehouse cd. | H121: 出庫工場・物流倉庫ＣＤ | I121: - | J121: E
A122: 20 | D122: gi_sppl_cd | E122: #MA.BP_CD | G122: GI supplier cd. | H122: 出庫発注先ＣＤ | I122: - | J122: E | V122: MA.MAUAL0010.Bp | W122: gi_sppl_nm;gi_onr_prsppl_flg;gi_prov_basis_typ | X122: sppl_nm;onr_prsppl_flg;prov_basis_typ
A123: 20 | D123: gi_sppl_nm | E123: #MA.BP_NM | G123: GI supplier name | H123: 出庫発注先名 | I123: - | J123: E
A124: 20 | D124: gi_stk_arrv_bp_cd | E124: #MA.BP_CD | G124: GI inventory arriving point cd. | H124: 出庫在庫着荷先ＣＤ | I124: E | J124: E | V124: MA.MAUAL0010.Bp | W124: gi_stk_arrv_bp_nm | X124: stk_arrv_bp_nm | Y124: MAC_BP_IS_SRCH_TYP.SPPL;true | Z124: bp_is_srch_typ;mode_nullval_flg | AB124: E
A125: 20 | D125: gi_stk_arrv_bp_nm | E125: #MA.BP_NM | G125: GI inventory arriving point name | H125: 出庫在庫着荷先名 | I125: - | J125: E
...

Sheet Chk02
A1: * | B1: * | D1: L | E1: 1
A2: * | D2: オペレーション実装仕様書 Operation Specification Implementation Sheet | E2: ModuleID : | F2: =IF(LogicCommon!C2="","",LogicCommon!C2) -> MS | G2: LogicID : | H2: =IF(LogicCommon!E2="","",LogicCommon!E2) -> MSBEL1010 | I2: Ope.ID : | J2: Chk02 | K2: Pj.ID : | L2: =IF(LogicCommon!G2="","",LogicCommon!G2) -> MC | M2: Ope.Body : | N2: MA.MAUDL5010.Checker
A3: * | E3: SubModuleID : | F3: =IF(LogicCommon!C3="","",LogicCommon!C3) -> MSBE | G3: LogicClass : | H3: =IF(LogicCommon!E3="","",LogicCommon!E3) -> MSBEL_XfrInstReg | I3: Ope.Method : | J3: Chk02 | K3: SuperClassPj.ID : | L3: =IF(LogicCommon!G3="","",LogicCommon!G3) | O3: Gene.Type : | P3: ALL
A4: * | E4: Version : | F4: 000000 | G4: LogicName : | H4: =IF(LogicCommon!E4="","",LogicCommon!E4) -> 移動指図登録 | I4: Ope.Name : | J4: 更新前チェック | K4: SuperLogicID : | L4: =IF(LogicCommon!G4="","",LogicCommon!G4) -> MS.MSUDL5010 | M4: ImplOpe.ID:
A5: * | E5: ACType :
A6: * | D6: 概要 : | E6: 移動指図が更新可能かチェックする | AD6: ID | AF6: ID
A7: # | I7: U | K7: K | L7: K | M7: K | N7: K | O7: K | P7: K | Q7: K | R7: K | S7: K | T7: K | U7: K | V7: K | W7: K | X7: K | Y7: K | Z7: K | AA7: K | AB7: K | AC7: o | AE7: o
A8: # | D8: ブロック名 Block Name | E8: 型 Type | G8: super/share | H8: 対象ブロック名 Target Block Name | K8: REQ_UPD_CNT_CHK | L8: REQUIRED | M8: CHK_NUM | N8: SMALL_LARGE | O8: CHK_DT | P8: BEFORE_AFTER | Q8: CHK_PTN | R8: DUPLICATE | S8: TOO_MANY_INPUTS | T8: AT_LEAST_ONE | U8: ONLY_ONE_INPUT | V8: LIST_LOGIC | W8: LIST_OUT | X8: LIST_OUT_BASE | Y8: LIST_IN | Z8: LIST_IN_BASE | AA8: CONST | AB8: NULL_VAL | AC8: TargetName | AE8: TargetName | AI8: ブロック備考 Block Remarks
A9: # | D9: 項目名 Field Name | E9: 型 Type | F9: 桁 Digits | G9: フルネーム Full Name | H9: 日本語名 Japanese Name | I9: 上り項目 Request Message Field | J9: 下り項目 Response Message Field | AG9: 条件および編集方法 Conditions and Editing Methods | AI9: 項目備考 Field Remarks
A10: #
A11: 10 | B11: * | D11: Chk02_Hdr | E11: R | G11: $share$ | H11: MS.MSBEL1010.Chk01.Chk01_Hdr
A12: 10 | D12: trd_cd | E12: #MA.TRD_CD | G12: Transaction cd. | H12: 取引ＣＤ | I12: E | J12: E
A13: 10 | D13: trd_nm | E13: #MA.TRD_NM | G13: Transaction name | H13: 取引名 | I13: - | J13: E
A14: 10 | D14: trd_ptn_typ | E14: #MA.TRD_PTN_TYP | G14: Transaction pattern type | H14: 取引パタン区分 | I14: - | J14: E
A15: 10 | D15: xfr_inst_no | E15: #MA.XFR_INST_NO | G15: Movement order No. | H15: 移動指図ＮＯ | I15: E | J15: E
A16: 10 | D16: gr_loc_cd | E16: #MA.LOC_CD | G16: GR location cd. | H16: 入庫場所ＣＤ | I16: E | J16: E
A17: 10 | D17: gr_loc_nm | E17: #MA.LOC_NM | G17: GR location name | H17: 入庫場所名 | I17: - | J17: E
A18: 10 | D18: gr_str_ln_tgt_flg | E18: #MA.FLG | G18: For GR rack/line | H18: 入庫棚・ライン対象 | I18: - | J18: E
A19: 10 | D19: gr_sppl_cd | E19: #MA.BP_CD | G19: GR supplier cd. | H19: 入庫発注先ＣＤ | I19: - | J19: E
A20: 10 | D20: gr_cur_cd | E20: #MA.CUR_CD | G20: GR currency cd. | H20: 入庫通貨ＣＤ | I20: - | J20: E
A21: 10 | D21: gr_onr_prsppl_flg | E21: #MA.FLG | G21: GR chargeable supplier | H21: 入庫有償支給先 | I21: - | J21: E
A22: 10 | D22: gr_prov_basis_typ | E22: #MA.PROV_BASIS_TYP | G22: GR supply recording type | H22: 入庫支給計上区分 | I22: - | J22: E
A23: 10 | D23: wg_cd | E23: #MA.WG_CD | G23: WG cd. | H23: ワーキンググループＣＤ | I23: - | J23: E
... A58: 10 | D58: err_flg | E58: #MA.FLG | G58: Error | H58: エラー | I58: - | J58: -
A60: 20 | B60: * | D60: Chk02_Dtl | E60: L | G60: $share$ | H60: MS.MSBEL1010.Chk01.Chk01_Dtl
A61: 20 | D61: peg_no | E61: #MA.INT | G61: Pegging No. | H61: 紐付けＮＯ | I61: - | J61: E
A62: 20 | D62: data_crud_typ | E62: #MA.DATA_CRUD_TYP | G62: Data update type | H62: データ更新区分 | I62: E | J62: E
A63: 20 | D63: pr_sts_typ | E63: #MS.PR_STS_TYP | G63: Progress status type | H63: 進捗状況区分 | I63: E | J63: E
A64: 20 | D64: pr_sts_typ_nm | E64: #MS.PR_STS_TYP_NM | G64: Progress status type name | H64: 進捗状況区分名 | I64: - | J64: E
A65: 20 | D65: itm_cd | E65: #MA.ITM_CD | G65: Item cd. | H65: 品目ＣＤ | I65: E | J65: E
A66: 20 | D66: itm_sub1 | E66: #MA.ITM_SUB1 | G66: Branch No. 1 | H66: 枝番１ | I66: E | J66: E
A67: 20 | D67: itm_sub2 | E67: #MA.ITM_SUB2 | G67: Branch No. 2 | H67: 枝番２ | I67: E | J67: E
A68: 20 | D68: itm_sub3 | E68: #MA.ITM_SUB3 | G68: Branch No. 3 | H68: 枝番３ | I68: E | J68: E
A69: 20 | D69: itm_nm | E69: #MA.ITM_NM | G69: Item name | H69: 品名 | I69: - | J69: E
A70: 20 | D70: lot_mng_typ | E70: #MA.LOT_MNG_TYP | G70: Lot management type | H70: ロット管理区分 | I70: - | J70: E
A71: 20 | D71: sublot_mng_typ | E71: #MA.SUBLOT_MNG_TYP | G71: Sublot management type | H71: サブロット管理区分 | I71: - | J71: E
A72: 20 | D72: sno1_mng_typ | E72: #MA.SNO_MNG_TYP | G72: SEIBAN No. 1 management type | H72: 手配ＮＯ１管理区分 | I72: - | J72: E
... A208: 20 | D208: err_flg | E208: #MA.FLG | G208: Error | H208: エラー | I208: - | J208: -
D209: 詳細 :

Sheet Chk03
A1: * | B1: * | D1: L | E1: 1
A2: * | D2: オペレーション実装仕様書 Operation Specification Implementation Sheet | E2: ModuleID : | F2: =IF(LogicCommon!C2="","",LogicCommon!C2) -> MS | G2: LogicID : | H2: =IF(LogicCommon!E2="","",LogicCommon!E2) -> MSBEL1010 | I2: Ope.ID : | J2: Chk03 | K2: Pj.ID : | L2: =IF(LogicCommon!G2="","",LogicCommon!G2) -> MC | M2: Ope.Body : | N2: MA.MAUDL5010.Checker
A3: * | E3: SubModuleID : | F3: =IF(LogicCommon!C3="","",LogicCommon!C3) -> MSBE | G3: LogicClass : | H3: =IF(LogicCommon!E3="","",LogicCommon!E3) -> MSBEL_XfrInstReg | I3: Ope.Method : | J3: Chk03 | K3: SuperClassPj.ID : | L3: =IF(LogicCommon!G3="","",LogicCommon!G3) | O3: Gene.Type : | P3: ALL
A4: * | E4: Version : | F4: 000000 | G4: LogicName : | H4: =IF(LogicCommon!E4="","",LogicCommon!E4) -> 移動指図登録 | I4: Ope.Name : | J4: 取消前チェック | K4: SuperLogicID : | L4: =IF(LogicCommon!G4="","",LogicCommon!G4) -> MS.MSUDL5010 | M4: ImplOpe.ID:
A5: * | E5: ACType :
A6: * | D6: 概要 : | E6: 移動指図が取消可能かチェックする | AD6: ID | AF6: ID
A7: # | I7: U | K7: K | L7: K | M7: K | N7: K | O7: K | P7: K | Q7: K | R7: K | S7: K | T7: K | U7: K | V7: K | W7: K | X7: K | Y7: K | Z7: K | AA7: K | AB7: K | AC7: o | AE7: o
A8: # | D8: ブロック名 Block Name | E8: 型 Type | G8: super/share | H8: 対象ブロック名 Target Block Name | K8: REQ_UPD_CNT_CHK | L8: REQUIRED | M8: CHK_NUM | N8: SMALL_LARGE | O8: CHK_DT | P8: BEFORE_AFTER | Q8: CHK_PTN | R8: DUPLICATE | S8: TOO_MANY_INPUTS | T8: AT_LEAST_ONE | U8: ONLY_ONE_INPUT | V8: LIST_LOGIC | W8: LIST_OUT | X8: LIST_OUT_BASE | Y8: LIST_IN | Z8: LIST_IN_BASE | AA8: CONST | AB8: NULL_VAL | AC8: TargetName | AE8: TargetName | AI8: ブロック備考 Block Remarks
A9: # | D9: 項目名 Field Name | E9: 型 Type | F9: 桁 Digits | G9: フルネーム Full Name | H9: 日本語名 Japanese Name | I9: 上り項目 Request Message Field | J9: 下り項目 Response Message Field | AG9: 条件および編集方法 Conditions and Editing Methods | AI9: 項目備考 Field Remarks
A10: #
A11: 10 | B11: * | D11: Chk03_Hdr | E11: R | G11: $share$ | H11: MS.MSBEL1010.Chk01.Chk01_Hdr
A12: 10 | D12: xfr_inst_no | E12: #MA.XFR_INST_NO | G12: Movement order No. | H12: 移動指図ＮＯ | I12: E | J12: E
A13: 10 | D13: dlv_print | E13: #MA.FLG | G13: Delivery note immediate issue | H13: 納品書即時発行 | I13: E | J13: E
A14: 10 | D14: inst_upd_cntr | E14: #MA.UPD_CNT | G14: Update counter (Order) | H14: 更新カウンタ(指図) | I14: E | J14: E
A15: 10 | D15: err_flg | E15: #MA.FLG | G15: Error | H15: エラー | I15: - | J15: E
A17: 20 | B17: * | D17: Chk03_Dtl | E17: L | G17: $share$ | H17: MS.MSBEL1010.Chk01.Chk01_Dtl
A18: 20 | D18: xfr_alloc_sts_no | E18: #MA.XFR_ALLOC_STS_NO | G18: Movement allocation status No. | H18: 移動引当状況ＮＯ | I18: E | J18: -
A19: 20 | D19: xfr_inst_no | E19: #MA.XFR_INST_NO | G19: Movement order No. | H19: 移動指図ＮＯ | I19: - | J19: -
A20: 20 | D20: xfr_inst_d_no | E20: #MA.XFR_INST_D_NO | G20: Movement order details No. | H20: 移動指図明細ＮＯ | I20: E | J20: -
A21: 20 | D21: alloc_sts_upd_cntr | E21: #MA.UPD_CNT | G21: Update counter (Allocation status) | H21: 更新カウンタ(引当状況) | I21: E | J21: -
A22: 20 | D22: wms_flg | E22: #MA.FLG | G22: WMS flg. | H22: ＷＭＳＦＬＧ | I22: E | J22: E
D23: 詳細 :

Sheet Chk04
A1: * | B1: * | D1: L | E1: 1
A2: * | D2: オペレーション実装仕様書 Operation Specification Implementation Sheet | E2: ModuleID : | F2: =IF(LogicCommon!C2="","",LogicCommon!C2) -> MS | G2: LogicID : | H2: =IF(LogicCommon!E2="","",LogicCommon!E2) -> MSBEL1010 | I2: Ope.ID : | J2: Chk04 | K2: Pj.ID : | L2: =IF(LogicCommon!G2="","",LogicCommon!G2) -> MC | M2: Ope.Body : | N2: MA.MAUDL5010.Checker
A3: * | E3: SubModuleID : | F3: =IF(LogicCommon!C3="","",LogicCommon!C3) -> MSBE | G3: LogicClass : | H3: =IF(LogicCommon!E3="","",LogicCommon!E3) -> MSBEL_XfrInstReg | I3: Ope.Method : | J3: Chk04 | K3: SuperClassPj.ID : | L3: =IF(LogicCommon!G3="","",LogicCommon!G3) | O3: Gene.Type : | P3: ALL
A4: * | E4: Version : | F4: 000000 | G4: LogicName : | H4: =IF(LogicCommon!E4="","",LogicCommon!E4) -> 移動指図登録 | I4: Ope.Name : | J4: 帳票発行前チェック | K4: SuperLogicID : | L4: =IF(LogicCommon!G4="","",LogicCommon!G4) -> MS.MSUDL5010 | M4: ImplOpe.ID:
A5: * | E5: ACType :
A6: * | D6: 概要 : | E6: 帳票が発行可能かチェックする | AD6: ID | AF6: ID
A7: # | I7: U | K7: K | L7: K | M7: K | N7: K | O7: K | P7: K | Q7: K | R7: K | S7: K | T7: K | U7: K | V7: K | W7: K | X7: K | Y7: K | Z7: K | AA7: K | AB7: K | AC7: o | AE7: o
A8: # | D8: ブロック名 Block Name | E8: 型 Type | G8: super/share | H8: 対象ブロック名 Target Block Name | K8: REQ_UPD_CNT_CHK | L8: REQUIRED | M8: CHK_NUM | N8: SMALL_LARGE | O8: CHK_DT | P8: BEFORE_AFTER | Q8: CHK_PTN | R8: DUPLICATE | S8: TOO_MANY_INPUTS | T8: AT_LEAST_ONE | U8: ONLY_ONE_INPUT | V8: LIST_LOGIC | W8: LIST_OUT | X8: LIST_OUT_BASE | Y8: LIST_IN | Z8: LIST_IN_BASE | AA8: CONST | AB8: NULL_VAL | AC8: TargetName | AE8: TargetName | AI8: ブロック備考 Block Remarks
A9: # | D9: 項目名 Field Name | E9: 型 Type | F9: 桁 Digits | G9: フルネーム Full Name | H9: 日本語名 Japanese Name | I9: 上り項目 Request Message Field | J9: 下り項目 Response Message Field | AG9: 条件および編集方法 Conditions and Editing Methods | AI9: 項目備考 Field Remarks
A10: #
A11: 10 | B11: * | D11: Chk04_Hdr | E11: R | G11: $share$ | H11: MS.MSBEL1010.Chk01.Chk01_Hdr
A12: 10 | D12: xfr_inst_no | E12: #MA.XFR_INST_NO | G12: Movement order No. | H12: 移動指図ＮＯ | I12: E | J12: E
A13: 10 | D13: inst_upd_cntr | E13: #MA.UPD_CNT | G13: Update counter (Order) | H13: 更新カウンタ(指図) | I13: E | J13: E
A14: 10 | D14: err_flg | E14: #MA.FLG | G14: Error | H14: エラー | I14: - | J14: E
A16: 20 | B16: * | D16: Chk04_Dtl | E16: L
A17: 20 | D17: base_ac_dt | E17: #MA.DT | G17: Supply recording date (Base) | H17: 支給計上日（基） | I17: E | J17: -
D18: 詳細 :

Sheet Ins01
A1: * | B1: * | D1: L | E1: 1
A2: * | D2: オペレーション実装仕様書 Operation Specification Implementation Sheet | E2: ModuleID : | F2: =IF(LogicCommon!C2="","",LogicCommon!C2) -> MS | G2: LogicID : | H2: =IF(LogicCommon!E2="","",LogicCommon!E2) -> MSBEL1010 | I2: Ope.ID : | J2: Ins01 | K2: Pj.ID : | L2: =IF(LogicCommon!G2="","",LogicCommon!G2) -> MC | M2: Ope.Body : | N2: "mcframe.serverMAUD.MAUDL5010.MAUDL_Operation"
A3: * | E3: SubModuleID : | F3: =IF(LogicCommon!C3="","",LogicCommon!C3) -> MSBE | G3: LogicClass : | H3: =IF(LogicCommon!E3="","",LogicCommon!E3) -> MSBEL_XfrInstReg | I3: Ope.Method : | J3: Ins01 | K3: SuperClassPj.ID : | L3: =IF(LogicCommon!G3="","",LogicCommon!G3) | O3: Gene.Type : | P3: ALL
A4: * | E4: Version : | F4: 000000 | G4: LogicName : | H4: =IF(LogicCommon!E4="","",LogicCommon!E4) -> 移動指図登録 | I4: Ope.Name : | J4: 登録 | K4: SuperLogicID : | L4: =IF(LogicCommon!G4="","",LogicCommon!G4) -> MS.MSUDL5010 | M4: ImplOpe.ID:
A5: * | E5: ACType :
A6: * | D6: 概要 : | E6: 移動指図を新規登録する | L6: ID | N6: ID | P6: ID | R6: ID
A7: # | I7: U | K7: o | M7: o | O7: o | Q7: o
A8: # | D8: ブロック名 Block Name | E8: 型 Type | G8: super/share | H8: 対象ブロック名 Target Block Name | K8: TargetName | M8: TargetName | O8: TargetName | Q8: TargetName | U8: ブロック備考 Block Remarks
A9: # | D9: 項目名 Field Name | E9: 型 Type | F9: 桁 Digits | G9: フルネーム Full Name | H9: 日本語名 Japanese Name | I9: 上り項目 Request Message Field | J9: 下り項目 Response Message Field | S9: 条件および編集方法 Conditions and Editing Methods | U9: 項目備考 Field Remarks
A10: # | K10: 上り項目 Request Message Field | L10: 下り項目 Response Message Field | M10: 上り項目 Request Message Field | N10: 下り項目 Response Message Field | O10: 上り項目 Request Message Field | P10: 下り項目 Response Message Field | Q10: 上り項目 Request Message Field | R10: 下り項目 Response Message Field
A11: 10 | B11: * | D11: Ins01_Hdr | E11: R | G11: $share$ | H11: MS.MSBEL1010.Chk01.Chk01_Hdr
A12: 10 | D12: trd_cd | E12: #MA.TRD_CD | G12: Transaction cd. | H12: 取引ＣＤ | I12: E | J12: -
A13: 10 | D13: trd_nm | E13: #MA.TRD_NM | G13: Transaction name | H13: 取引名 | I13: - | J13: -
A14: 10 | D14: trd_ptn_typ | E14: #MA.TRD_PTN_TYP | G14: Transaction pattern type | H14: 取引パタン区分 | I14: - | J14: -
A15: 10 | D15: xfr_inst_no | E15: #MA.XFR_INST_NO | G15: Movement order No. | H15: 移動指図ＮＯ | I15: - | J15: E
A16: 10 | D16: gr_loc_cd | E16: #MA.LOC_CD | G16: GR location cd. | H16: 入庫場所ＣＤ | I16: E | J16: -
A17: 10 | D17: gr_loc_nm | E17: #MA.LOC_NM | G17: GR location name | H17: 入庫場所名 | I17: - | J17: -
A18: 10 | D18: gr_str_ln_tgt_flg | E18: #MA.FLG | G18: For GR rack/line | H18: 入庫棚・ライン対象 | I18: - | J18: -
A19: 10 | D19: gr_sppl_cd | E19: #MA.BP_CD | G19: GR supplier cd. | H19: 入庫発注先ＣＤ | I19: - | J19: -
A20: 10 | D20: gr_cur_cd | E20: #MA.CUR_CD | G20: GR currency cd. | H20: 入庫通貨ＣＤ | I20: - | J20: -
A21: 10 | D21: gr_onr_prsppl_flg | E21: #MA.FLG | G21: GR chargeable supplier | H21: 入庫有償支給先 | I21: - | J21: -
A22: 10 | D22: gr_prov_basis_typ | E22: #MA.PROV_BASIS_TYP | G22: GR supply recording type | H22: 入庫支給計上区分 | I22: - | J22: -
A23: 10 | D23: wg_cd | E23: #MA.WG_CD | G23: WG cd. | H23: ワーキンググループＣＤ | I23: - | J23: -
... A58: 10 | D58: err_flg | E58: #MA.FLG | G58: Error | H58: エラー | I58: - | J58: -
A60: 20 | B60: * | D60: Ins01_Dtl | E60: L | G60: $share$ | H60: MS.MSBEL1010.Chk01.Chk01_Dtl
A61: 20 | D61: peg_no | E61: #MA.INT | G61: Pegging No. | H61: 紐付けＮＯ | I61: - | J61: -
A62: 20 | D62: data_crud_typ | E62: #MA.DATA_CRUD_TYP | G62: Data update type | H62: データ更新区分 | I62: - | J62: -
A63: 20 | D63: pr_sts_typ | E63: #MS.PR_STS_TYP | G63: Progress status type | H63: 進捗状況区分 | I63: E | J63: E
A64: 20 | D64: pr_sts_typ_nm | E64: #MS.PR_STS_TYP_NM | G64: Progress status type name | H64: 進捗状況区分名 | I64: - | J64: E
A65: 20 | D65: itm_cd | E65: #MA.ITM_CD | G65: Item cd. | H65: 品目ＣＤ | I65: E | J65: -
A66: 20 | D66: itm_sub1 | E66: #MA.ITM_SUB1 | G66: Branch No. 1 | H66: 枝番１ | I66: E | J66: -
A67: 20 | D67: itm_sub2 | E67: #MA.ITM_SUB2 | G67: Branch No. 2 | H67: 枝番２ | I67: E | J67: -
A68: 20 | D68: itm_sub3 | E68: #MA.ITM_SUB3 | G68: Branch No. 3 | H68: 枝番３ | I68: E | J68: -
A69: 20 | D69: itm_nm | E69: #MA.ITM_NM | G69: Item name | H69: 品名 | I69: - | J69: -
A70: 20 | D70: lot_mng_typ | E70: #MA.LOT_MNG_TYP | G70: Lot management type | H70: ロット管理区分 | I70: - | J70: -
A71: 20 | D71: sublot_mng_typ | E71: #MA.SUBLOT_MNG_TYP | G71: Sublot management type | H71: サブロット管理区分 | I71: - | J71: -
A72: 20 | D72: sno1_mng_typ | E72: #MA.SNO_MNG_TYP | G72: SEIBAN No. 1 management type | H72: 手配ＮＯ１管理区分 | I72: - | J72: -
... A198: 20 | D198: err_flg | E198: #MA.FLG | G198: Error | H198: エラー | I198: - | J198: -
A200: 30 | B200: * | D200: Ins01_Cnd | E200: R
A201: 30 | D201: indiv_prnt_flg | E201: #MA.FLG | G201: Individual issue | H201: 個別発行 | I201: E | J201: -
D202: 詳細 :

Sheet Upd01
A1: * | B1: * | D1: L | E1: 1
A2: * | D2: オペレーション実装仕様書 Operation Specification Implementation Sheet | E2: ModuleID : | F2: =IF(LogicCommon!C2="","",LogicCommon!C2) -> MS | G2: LogicID : | H2: =IF(LogicCommon!E2="","",LogicCommon!E2) -> MSBEL1010 | I2: Ope.ID : | J2: Upd01 | K2: Pj.ID : | L2: =IF(LogicCommon!G2="","",LogicCommon!G2) -> MC | M2: Ope.Body : | N2: "mcframe.serverMAUD.MAUDL5010.MAUDL_Operation"
A3: * | E3: SubModuleID : | F3: =IF(LogicCommon!C3="","",LogicCommon!C3) -> MSBE | G3: LogicClass : | H3: =IF(LogicCommon!E3="","",LogicCommon!E3) -> MSBEL_XfrInstReg | I3: Ope.Method : | J3: Upd01 | K3: SuperClassPj.ID : | L3: =IF(LogicCommon!G3="","",LogicCommon!G3) | O3: Gene.Type : | P3: ALL
A4: * | E4: Version : | F4: 000000 | G4: LogicName : | H4: =IF(LogicCommon!E4="","",LogicCommon!E4) -> 移動指図登録 | I4: Ope.Name : | J4: 更新 | K4: SuperLogicID : | L4: =IF(LogicCommon!G4="","",LogicCommon!G4) -> MS.MSUDL5010 | M4: ImplOpe.ID:
A5: * | E5: ACType :
A6: * | D6: 概要 : | E6: 移動指図を訂正する | L6: ID | N6: ID | P6: ID | R6: ID
A7: # | I7: U | K7: o | M7: o | O7: o | Q7: o
A8: # | D8: ブロック名 Block Name | E8: 型 Type | G8: super/share | H8: 対象ブロック名 Target Block Name | K8: TargetName | M8: TargetName | O8: TargetName | Q8: TargetName | U8: ブロック備考 Block Remarks
A9: # | D9: 項目名 Field Name | E9: 型 Type | F9: 桁 Digits | G9: フルネーム Full Name | H9: 日本語名 Japanese Name | I9: 上り項目 Request Message Field | J9: 下り項目 Response Message Field | S9: 条件および編集方法 Conditions and Editing Methods | U9: 項目備考 Field Remarks
A10: # | K10: 上り項目 Request Message Field | L10: 下り項目 Response Message Field | M10: 上り項目 Request Message Field | N10: 下り項目 Response Message Field | O10: 上り項目 Request Message Field | P10: 下り項目 Response Message Field | Q10: 上り項目 Request Message Field | R10: 下り項目 Response Message Field
A11: 10 | B11: * | D11: Upd01_Hdr | E11: R | G11: $share$ | H11: MS.MSBEL1010.Chk01.Chk01_Hdr
A12: 10 | D12: trd_cd | E12: #MA.TRD_CD | G12: Transaction cd. | H12: 取引ＣＤ | I12: E | J12: -
A13: 10 | D13: trd_nm | E13: #MA.TRD_NM | G13: Transaction name | H13: 取引名 | I13: - | J13: -
A14: 10 | D14: trd_ptn_typ | E14: #MA.TRD_PTN_TYP | G14: Transaction pattern type | H14: 取引パタン区分 | I14: - | J14: -
A15: 10 | D15: xfr_inst_no | E15: #MA.XFR_INST_NO | G15: Movement order No. | H15: 移動指図ＮＯ | I15: E | J15: -
A16: 10 | D16: gr_loc_cd | E16: #MA.LOC_CD | G16: GR location cd. | H16: 入庫場所ＣＤ | I16: E | J16: -
A17: 10 | D17: gr_loc_nm | E17: #MA.LOC_NM | G17: GR location name | H17: 入庫場所名 | I17: - | J17: -
A18: 10 | D18: gr_str_ln_tgt_flg | E18: #MA.FLG | G18: For GR rack/line | H18: 入庫棚・ライン対象 | I18: - | J18: -
A19: 10 | D19: gr_sppl_cd | E19: #MA.BP_CD | G19: GR supplier cd. | H19: 入庫発注先ＣＤ | I19: - | J19: -
A20: 10 | D20: gr_cur_cd | E20: #MA.CUR_CD | G20: GR currency cd. | H20: 入庫通貨ＣＤ | I20: - | J20: -
A21: 10 | D21: gr_onr_prsppl_flg | E21: #MA.FLG | G21: GR chargeable supplier | H21: 入庫有償支給先 | I21: - | J21: -
A22: 10 | D22: gr_prov_basis_typ | E22: #MA.PROV_BASIS_TYP | G22: GR supply recording type | H22: 入庫支給計上区分 | I22: - | J22: -
A23: 10 | D23: wg_cd | E23: #MA.WG_CD | G23: WG cd. | H23: ワーキンググループＣＤ | I23: - | J23: -
... A58: 10 | D58: err_flg | E58: #MA.FLG | G58: Error | H58: エラー | I58: - | J58: -
A60: 20 | B60: * | D60: Upd01_Dtl | E60: L | G60: $share$ | H60: MS.MSBEL1010.Chk01.Chk01_Dtl
A61: 20 | D61: peg_no | E61: #MA.INT | G61: Pegging No. | H61: 紐付けＮＯ | I61: - | J61: -
A62: 20 | D62: data_crud_typ | E62: #MA.DATA_CRUD_TYP | G62: Data update type | H62: データ更新区分 | I62: - | J62: -
A63: 20 | D63: pr_sts_typ | E63: #MS.PR_STS_TYP | G63: Progress status type | H63: 進捗状況区分 | I63: E | J63: E
A64: 20 | D64: pr_sts_typ_nm | E64: #MS.PR_STS_TYP_NM | G64: Progress status type name | H64: 進捗状況区分名 | I64: - | J64: E
A65: 20 | D65: itm_cd | E65: #MA.ITM_CD | G65: Item cd. | H65: 品目ＣＤ | I65: E | J65: -
A66: 20 | D66: itm_sub1 | E66: #MA.ITM_SUB1 | G66: Branch No. 1 | H66: 枝番１ | I66: E | J66: -
A67: 20 | D67: itm_sub2 | E67: #MA.ITM_SUB2 | G67: Branch No. 2 | H67: 枝番２ | I67: E | J67: -
A68: 20 | D68: itm_sub3 | E68: #MA.ITM_SUB3 | G68: Branch No. 3 | H68: 枝番３ | I68: E | J68: -
A69: 20 | D69: itm_nm | E69: #MA.ITM_NM | G69: Item name | H69: 品名 | I69: - | J69: -
A70: 20 | D70: lot_mng_typ | E70: #MA.LOT_MNG_TYP | G70: Lot management type | H70: ロット管理区分 | I70: - | J70: -
A71: 20 | D71: sublot_mng_typ | E71: #MA.SUBLOT_MNG_TYP | G71: Sublot management type | H71: サブロット管理区分 | I71: - | J71: -
A72: 20 | D72: sno1_mng_typ | E72: #MA.SNO_MNG_TYP | G72: SEIBAN No. 1 management type | H72: 手配ＮＯ１管理区分 | I72: - | J72: -
... A198: 20 | D198: err_flg | E198: #MA.FLG | G198: Error | H198: エラー | I198: - | J198: -
A200: 30 | B200: * | D200: Upd01_Cnd | E200: R
A201: 30 | D201: indiv_prnt_flg | E201: #MA.FLG | G201: Individual issue | H201: 個別発行 | I201: E | J201: -
D202: 詳細 :

Sheet Del01
A1: * | B1: * | D1: L | E1: 1
A2: * | D2: オペレーション実装仕様書 Operation Specification Implementation Sheet | E2: ModuleID : | F2: =IF(LogicCommon!C2="","",LogicCommon!C2) -> MS | G2: LogicID : | H2: =IF(LogicCommon!E2="","",LogicCommon!E2) -> MSBEL1010 | I2: Ope.ID : | J2: Del01 | K2: Pj.ID : | L2: =IF(LogicCommon!G2="","",LogicCommon!G2) -> MC | M2: Ope.Body : | N2: "mcframe.serverMAUD.MAUDL5010.MAUDL_Operation"
A3: * | E3: SubModuleID : | F3: =IF(LogicCommon!C3="","",LogicCommon!C3) -> MSBE | G3: LogicClass : | H3: =IF(LogicCommon!E3="","",LogicCommon!E3) -> MSBEL_XfrInstReg | I3: Ope.Method : | J3: Del01 | K3: SuperClassPj.ID : | L3: =IF(LogicCommon!G3="","",LogicCommon!G3) | O3: Gene.Type : | P3: ALL
A4: * | E4: Version : | F4: 000000 | G4: LogicName : | H4: =IF(LogicCommon!E4="","",LogicCommon!E4) -> 移動指図登録 | I4: Ope.Name : | J4: 取消 | K4: SuperLogicID : | L4: =IF(LogicCommon!G4="","",LogicCommon!G4) -> MS.MSUDL5010 | M4: ImplOpe.ID:
A5: * | E5: ACType :
A6: * | D6: 概要 : | E6: 移動指図を取消する | L6: ID | N6: ID | P6: ID | R6: ID
A7: # | I7: U | K7: o | M7: o | O7: o | Q7: o
A8: # | D8: ブロック名 Block Name | E8: 型 Type | G8: super/share | H8: 対象ブロック名 Target Block Name | K8: TargetName | M8: TargetName | O8: TargetName | Q8: TargetName | U8: ブロック備考 Block Remarks
A9: # | D9: 項目名 Field Name | E9: 型 Type | F9: 桁 Digits | G9: フルネーム Full Name | H9: 日本語名 Japanese Name | I9: 上り項目 Request Message Field | J9: 下り項目 Response Message Field | S9: 条件および編集方法 Conditions and Editing Methods | U9: 項目備考 Field Remarks
A10: # | K10: 上り項目 Request Message Field | L10: 下り項目 Response Message Field | M10: 上り項目 Request Message Field | N10: 下り項目 Response Message Field | O10: 上り項目 Request Message Field | P10: 下り項目 Response Message Field | Q10: 上り項目 Request Message Field | R10: 下り項目 Response Message Field
A11: 10 | B11: * | D11: Del01_Hdr | E11: R | G11: $share$ | H11: MS.MSBEL1010.Chk01.Chk01_Hdr
A12: 10 | D12: xfr_inst_no | E12: #MA.XFR_INST_NO | G12: Movement order No. | H12: 移動指図ＮＯ | I12: E | J12: -
A13: 10 | D13: dlv_print | E13: #MA.FLG | G13: Delivery note immediate issue | H13: 納品書即時発行 | I13: E | J13: -
A14: 10 | D14: inst_upd_cntr | E14: #MA.UPD_CNT | G14: Update counter (Order) | H14: 更新カウンタ(指図) | I14: E | J14: -
A15: 10 | D15: err_flg | E15: #MA.FLG | G15: Error | H15: エラー | I15: - | J15: -
A17: 20 | B17: * | D17: Del01_Dtl | E17: L | G17: $share$ | H17: MS.MSBEL1010.Chk01.Chk01_Dtl
A18: 20 | D18: xfr_alloc_sts_no | E18: #MA.XFR_ALLOC_STS_NO | G18: Movement allocation status No. | H18: 移動引当状況ＮＯ | I18: E | J18: -
A19: 20 | D19: xfr_inst_no | E19: #MA.XFR_INST_NO | G19: Movement order No. | H19: 移動指図ＮＯ | I19: - | J19: -
A20: 20 | D20: xfr_inst_d_no | E20: #MA.XFR_INST_D_NO | G20: Movement order details No. | H20: 移動指図明細ＮＯ | I20: E | J20: -
A21: 20 | D21: alloc_sts_upd_cntr | E21: #MA.UPD_CNT | G21: Update counter (Allocation status) | H21: 更新カウンタ(引当状況) | I21: E | J21: -
A22: 20 | D22: wms_flg | E22: #MA.FLG | G22: WMS flg. | H22: ＷＭＳＦＬＧ | I22: E | J22: -
A24: 30 | B24: * | D24: Del01_Cnd | E24: R
A25: 30 | D25: indiv_prnt_flg | E25: #MA.FLG | G25: Individual issue | H25: 個別発行 | I25: E | J25: -
D26: 詳細 :

Sheet Prnt01
A1: * | B1: * | D1: L | E1: 1
A2: * | D2: オペレーション実装仕様書 Operation Specification Implementation Sheet | E2: ModuleID : | F2: =IF(LogicCommon!C2="","",LogicCommon!C2) -> MS | G2: LogicID : | H2: =IF(LogicCommon!E2="","",LogicCommon!E2) -> MSBEL1010 | I2: Ope.ID : | J2: Prnt01 | K2: Pj.ID : | L2: =IF(LogicCommon!G2="","",LogicCommon!G2) -> MC | M2: Ope.Body : | N2: "mcframe.serverMAUD.MAUDL5010.MAUDL_Operation"
A3: * | E3: SubModuleID : | F3: =IF(LogicCommon!C3="","",LogicCommon!C3) -> MSBE | G3: LogicClass : | H3: =IF(LogicCommon!E3="","",LogicCommon!E3) -> MSBEL_XfrInstReg | I3: Ope.Method : | J3: Prnt01 | K3: SuperClassPj.ID : | L3: =IF(LogicCommon!G3="","",LogicCommon!G3) | O3: Gene.Type : | P3: ALL
A4: * | E4: Version : | F4: 000000 | G4: LogicName : | H4: =IF(LogicCommon!E4="","",LogicCommon!E4) -> 移動指図登録 | I4: Ope.Name : | J4: 帳票発行 | K4: SuperLogicID : | L4: =IF(LogicCommon!G4="","",LogicCommon!G4) -> MS.MSUDL5010 | M4: ImplOpe.ID:
A5: * | E5: ACType :
A6: * | D6: 概要 : | E6: 帳票を発行する | L6: ID | N6: ID | P6: ID | R6: ID
A7: # | I7: U | K7: o | M7: o | O7: o | Q7: o
A8: # | D8: ブロック名 Block Name | E8: 型 Type | G8: super/share | H8: 対象ブロック名 Target Block Name | K8: TargetName | M8: TargetName | O8: TargetName | Q8: TargetName | U8: ブロック備考 Block Remarks
A9: # | D9: 項目名 Field Name | E9: 型 Type | F9: 桁 Digits | G9: フルネーム Full Name | H9: 日本語名 Japanese Name | I9: 上り項目 Request Message Field | J9: 下り項目 Response Message Field | S9: 条件および編集方法 Conditions and Editing Methods | U9: 項目備考 Field Remarks
A10: # | K10: 上り項目 Request Message Field | L10: 下り項目 Response Message Field | M10: 上り項目 Request Message Field | N10: 下り項目 Response Message Field | O10: 上り項目 Request Message Field | P10: 下り項目 Response Message Field | Q10: 上り項目 Request Message Field | R10: 下り項目 Response Message Field
A11: 10 | B11: * | D11: Prnt01_Hdr | E11: R | G11: $share$ | H11: MS.MSBEL1010.Chk01.Chk01_Hdr
A12: 10 | D12: xfr_inst_no | E12: #MA.XFR_INST_NO | G12: Movement order No. | H12: 移動指図ＮＯ | I12: E | J12: -
A13: 10 | D13: pick_print | E13: #MA.FLG | G13: Picking list immediate issue | H13: ピッキングリスト即時発行 | I13: E | J13: -
A14: 10 | D14: inst_print | E14: #MA.FLG | G14: Order sheet immediate issue | H14: 指図書即時発行 | I14: E | J14: -
A15: 10 | D15: dlv_print | E15: #MA.FLG | G15: Delivery note immediate issue | H15: 納品書即時発行 | I15: E | J15: -
A16: 10 | D16: pick_prnt_flg | E16: #MA.FLG | G16: Picking list issued | H16: ピッキングリスト発行済 | I16: E | J16: E
A17: 10 | D17: inst_prnt_flg | E17: #MA.FLG | G17: Order sheet issued | H17: 指図書発行済 | I17: E | J17: E
A18: 10 | D18: dlv_prnt_flg | E18: #MA.FLG | G18: Delivery note issued | H18: 納品書発行済 | I18: E | J18: E
A19: 10 | D19: inst_upd_cntr | E19: #MA.UPD_CNT | G19: Update counter (Order) | H19: 更新カウンタ(指図) | I19: E | J19: -
A20: 10 | D20: err_flg | E20: #MA.FLG | G20: Error | H20: エラー | I20: - | J20: -
A22: 20 | B22: * | D22: Prnt01_Cnd | E22: R
A23: 20 | D23: indiv_prnt_flg | E23: #MA.FLG | G23: Individual issue | H23: 個別発行 | I23: E | J23: -
A25: 30 | B25: * | D25: Prnt01_Dtl | E25: L
A26: 30 | D26: base_ac_dt | E26: #MA.DT | G26: Supply recording date (Base) | H26: 支給計上日（基） | I26: E | J26: -
D27: 詳細 :

Sheet Sprt01
A1: * | B1: * | D1: L | E1: 1
A2: * | D2: オペレーション実装仕様書 Operation Specification Implementation Sheet | E2: ModuleID : | F2: =IF(LogicCommon!C2="","",LogicCommon!C2) -> MS | G2: LogicID : | H2: =IF(LogicCommon!E2="","",LogicCommon!E2) -> MSBEL1010 | I2: Ope.ID : | J2: Sprt01 | K2: Pj.ID : | L2: =IF(LogicCommon!G2="","",LogicCommon!G2) -> MC | M2: Ope.Body : | N2: "mcframe.serverMAUD.MAUDL5010.MAUDL_Operation"
A3: * | E3: SubModuleID : | F3: =IF(LogicCommon!C3="","",LogicCommon!C3) -> MSBE | G3: LogicClass : | H3: =IF(LogicCommon!E3="","",LogicCommon!E3) -> MSBEL_XfrInstReg | I3: Ope.Method : | J3: Sprt01 | K3: SuperClassPj.ID : | L3: =IF(LogicCommon!G3="","",LogicCommon!G3) | O3: Gene.Type : | P3: ALL
A4: * | E4: Version : | F4: 000000 | G4: LogicName : | H4: =IF(LogicCommon!E4="","",LogicCommon!E4) -> 移動指図登録 | I4: Ope.Name : | J4: ロット提案 | K4: SuperLogicID : | L4: =IF(LogicCommon!G4="","",LogicCommon!G4) -> MS.MSUDL5010 | M4: ImplOpe.ID:
A5: * | E5: ACType :
A6: * | D6: 概要 : | E6: ロット提案を行う | M6: ID | O6: ID
A7: # | I7: U | K7: K | L7: o | N7: o
A8: # | D8: ブロック名 Block Name | E8: 型 Type | G8: super/share | H8: 対象ブロック名 Target Block Name | K8: CONST | L8: TargetName | N8: TargetName | R8: ブロック備考 Block Remarks
A9: # | D9: 項目名 Field Name | E9: 型 Type | F9: 桁 Digits | G9: フルネーム Full Name | H9: 日本語名 Japanese Name | I9: 上り項目 Request Message Field | J9: 下り項目 Response Message Field | P9: 条件および編集方法 Conditions and Editing Methods | R9: 項目備考 Field Remarks
A10: # | L10: 上り項目 Request Message Field | M10: 下り項目 Response Message Field | N10: 上り項目 Request Message Field | O10: 下り項目 Response Message Field
L11: 上り項目 Request Message Field | M11: 下り項目 Response Message Field | N11: 上り項目 Request Message Field | O11: 下り項目 Response Message Field
A12: 10 | B12: * | D12: Sprt01_Hdr | E12: R
A13: 10 | D13: trd_cd | E13: #MA.TRD_CD | G13: Transaction cd. | H13: 取引ＣＤ | I13: E | J13: -
A14: 10 | D14: gr_loc_cd | E14: #MA.LOC_CD | G14: GR location cd. | H14: 入庫場所ＣＤ | I14: E | J14: -
A15: 10 | D15: xfr_schd_dt | E15: #MA.DT | G15: Scheduled movement date | H15: 移動予定日 | I15: E | J15: -
L16: 上り項目 Request Message Field | M16: 下り項目 Response Message Field | N16: 上り項目 Request Message Field | O16: 下り項目 Response Message Field
A17: 20 | B17: * | D17: Sprt01_Dtl | E17: L
A18: 20 | D18: peg_no | E18: #MA.INT | G18: Pegging No. | H18: 紐付けＮＯ | I18: E | J18: E
A19: 20 | D19: check | E19: #MA.FLG | G19: Select | H19: 選択 | I19: E | J19: -
A20: 20 | D20: trd_ptn_typ | E20: #MA.TRD_PTN_TYP | G20: Transaction pattern type | H20: 取引パタン区分 | I20: - | J20: -
A21: 20 | D21: lg_grp_cd | E21: #MA.LG_GRP_CD | G21: Distribution group cd. | H21: 物流グループＣＤ | I21: - | J21: -
A22: 20 | D22: itm_cd | E22: #MA.ITM_CD | G22: Item cd. | H22: 品目ＣＤ | I22: E | J22: -
A23: 20 | D23: itm_sub1 | E23: #MA.ITM_SUB1 | G23: Branch No. 1 | H23: 枝番１ | I23: E | J23: -
A24: 20 | D24: itm_sub2 | E24: #MA.ITM_SUB2 | G24: Branch No. 2 | H24: 枝番２ | I24: E | J24: -
A25: 20 | D25: itm_sub3 | E25: #MA.ITM_SUB3 | G25: Branch No. 3 | H25: 枝番３ | I25: E | J25: -
A26: 20 | D26: alloc_flg | E26: #MA.FLG | G26: Allocation | H26: 引当 | I26: E | J26: -
A27: 20 | D27: not_lot_mix_flg | E27: #MA.FLG | G27: Prohibit mixed lots | H27: ロット混在不可 | I27: - | J27: -
A28: 20 | D28: not_sublot_mix_flg | E28: #MA.FLG | G28: Prohibit mixed sublots | H28: サブロット混在不可 | I28: - | J28: -
A29: 20 | D29: lot_none_flg | E29: #MA.FLG | G29: Without lot | H29: ロット指定無 | I29: E | J29: -
... A52: 20 | D52: gd_nm | E52: #MA.STK_GD_NM | G52: Grading name | H52: 格付名 | I52: - | J52: E
A53: 20 | D53: quality_typ | E53: #MA.QUALITY_TYP | G53: Conforming type | H53: 良品区分 | I53: E | J53: E | K53: MAC_QUALITY_TYP
A54: 20 | D54: quality_typ_nm | E54: #MA.QUALITY_TYP_NM | G54: Conforming type name | H54: 良品区分名 | I54: - | J54: E
A55: 20 | D55: sno1_null_flg | E55: #MA.FLG | G55: Allow without SEIBAN No. 1 | H55: 手配ＮＯ１無し可 | I55: E | J55: -
A56: 20 | D56: sno1 | E56: #MA.SNO1 | G56: SEIBAN No. 1 | H56: 手配ＮＯ１ | I56: E | J56: -
A57: 20 | D57: sno2_null_flg | E57: #MA.FLG | G57: Allow without SEIBAN No. 2 | H57: 手配ＮＯ２無し可 | I57: E | J57: -
A58: 20 | D58: sno2 | E58: #MA.SNO2 | G58: SEIBAN No. 2 | H58: 手配ＮＯ２ | I58: E | J58: -
A59: 20 | D59: sno3_null_flg | E59: #MA.FLG | G59: Allow without SEIBAN No. 3 | H59: 手配ＮＯ３無し可 | I59: E | J59: -
A60: 20 | D60: sno3 | E60: #MA.SNO3 | G60: SEIBAN No. 3 | H60: 手配ＮＯ３ | I60: E | J60: -
A61: 20 | D61: sno4_null_flg | E61: #MA.FLG | G61: Allow without SEIBAN No. 4 | H61: 手配ＮＯ４無し可 | I61: E | J61: -
A62: 20 | D62: sno4 | E62: #MA.SNO4 | G62: SEIBAN No. 4 | H62: 手配ＮＯ４ | I62: E | J62: -
A63: 20 | D63: alloc_sno1 | E63: #MA.SNO1 | G63: Allocation SEIBAN No. 1 | H63: 引当手配ＮＯ１ | I63: E | J63: E
A64: 20 | D64: alloc_sno2 | E64: #MA.SNO2 | G64: Allocation SEIBAN No. 2 | H64: 引当手配ＮＯ２ | I64: E | J64: E
A65: 20 | D65: alloc_sno3 | E65: #MA.SNO3 | G65: Allocation SEIBAN No. 3 | H65: 引当手配ＮＯ３ | I65: E | J65: E
A66: 20 | D66: alloc_sno4 | E66: #MA.SNO4 | G66: Allocation SEIBAN No. 4 | H66: 引当手配ＮＯ４ | I66: E | J66: E
A67: 20 | D67: stk_id_typ | E67: #MS.STK_ID_TYP | G67: Inventory identification type | H67: 在庫識別区分 | I67: E | J67: E | K67: MSC_STK_ID_TYP
A68: 20 | D68: stk_id_typ_nm | E68: #MS.STK_ID_TYP_NM | G68: Inventory identification type name | H68: 在庫識別区分名 | I68: - | J68: E
A69: 20 | D69: stk_bp_cd | E69: #MA.BP_CD | G69: Inventory BP cd. | H69: 在庫取引先ＣＤ | I69: E | J69: E
A70: 20 | D70: stk_bp_nm | E70: #MA.BP_NM | G70: Inventory BP name | H70: 在庫取引先名 | I70: - | J70: E
A71: 20 | D71: xfr_alloc_sts_no | E71: #MA.XFR_ALLOC_STS_NO | G71: Movement allocation status No. | H71: 移動引当状況ＮＯ | I71: E | J71: -
A72: 20 | D72: prov_typ | E72: #MA.PROV_TYP | G72: Supply type | H72: 支給区分 | I72: E | J72: -
A73: 20 | D73: prov_basis_typ | E73: #MA.PROV_BASIS_TYP | G73: Supply recording type | H73: 支給計上区分 | I73: E | J73: -
A74: 20 | D74: wms_flg | E74: #MA.FLG | G74: WMS flg. | H74: ＷＭＳＦＬＧ | I74: - | J74: E
A75: 20 | D75: last_wms_flg | E75: #MA.FLG | G75: Last WMS flg. | H75: 前回ＷＭＳＦＬＧ | I75: - | J75: -
A76: 20 | D76: wms_tgt_flg | E76: #MA.FLG | G76: For WMS export | H76: ＷＭＳ送信対象 | I76: - | J76: E
A77: 20 | D77: rsn_cd | E77: #MA.BIZ_RSN_CD | G77: Reason cd. | H77: 理由ＣＤ | I77: E | J77: -
A78: 20 | D78: vld_dt_fr | E78: #MA.DT | G78: Expiration date FROM | H78: 有効期限ＦＲＯＭ | I78: - | J78: -
A79: 20 | D79: alloc_scope_typ | E79: #MA.ALLOC_SCOPE_TYP | G79: Allocation range type | H79: 引当範囲区分 | I79: - | J79: -
... A86: 20 | D86: skip_chk_ship_flg | E86: #MA.FLG | G86: Configuration check not required at shipping | H86: 出荷時構成チェック不要 | I86: E | J86: -
D87: 詳細 :

Sheet Sprt02
A1: * | B1: * | D1: L | E1: 1
A2: * | D2: オペレーション実装仕様書 Operation Specification Implementation Sheet | E2: ModuleID : | F2: =IF(LogicCommon!C2="","",LogicCommon!C2) -> MS | G2: LogicID : | H2: =IF(LogicCommon!E2="","",LogicCommon!E2) -> MSBEL1010 | I2: Ope.ID : | J2: Sprt02 | K2: Pj.ID : | L2: =IF(LogicCommon!G2="","",LogicCommon!G2) -> MC | M2: Ope.Body : | N2: "mcframe.serverMAUD.MAUDL5010.MAUDL_Operation"
A3: * | E3: SubModuleID : | F3: =IF(LogicCommon!C3="","",LogicCommon!C3) -> MSBE | G3: LogicClass : | H3: =IF(LogicCommon!E3="","",LogicCommon!E3) -> MSBEL_XfrInstReg | I3: Ope.Method : | J3: Sprt02 | K3: SuperClassPj.ID : | L3: =IF(LogicCommon!G3="","",LogicCommon!G3) | O3: Gene.Type : | P3: ALL
A4: * | E4: Version : | F4: 000000 | G4: LogicName : | H4: =IF(LogicCommon!E4="","",LogicCommon!E4) -> 移動指図登録 | I4: Ope.Name : | J4: 支給日取得 | K4: SuperLogicID : | L4: =IF(LogicCommon!G4="","",LogicCommon!G4) -> MS.MSUDL5010 | M4: ImplOpe.ID:
A5: * | E5: ACType :
A6: * | D6: 概要 : | E6: 返品元の支給計上日の取得を行う。 | M6: ID | O6: ID
A7: # | I7: U | K7: K | L7: o | N7: o
A8: # | D8: ブロック名 Block Name | E8: 型 Type | G8: super/share | H8: 対象ブロック名 Target Block Name | K8: CONST | L8: TargetName | N8: TargetName | R8: ブロック備考 Block Remarks
A9: # | D9: 項目名 Field Name | E9: 型 Type | F9: 桁 Digits | G9: フルネーム Full Name | H9: 日本語名 Japanese Name | I9: 上り項目 Request Message Field | J9: 下り項目 Response Message Field | P9: 条件および編集方法 Conditions and Editing Methods | R9: 項目備考 Field Remarks
A10: # | L10: 上り項目 Request Message Field | M10: 下り項目 Response Message Field | N10: 上り項目 Request Message Field | O10: 下り項目 Response Message Field
L11: 上り項目 Request Message Field | M11: 下り項目 Response Message Field | N11: 上り項目 Request Message Field | O11: 下り項目 Response Message Field
A12: 10 | B12: * | D12: Sprt02_Hdr | E12: R
A13: 10 | D13: trd_cd | E13: #MA.TRD_CD | G13: Transaction cd. | H13: 取引ＣＤ | I13: E | J13: -
A14: 10 | D14: trd_nm | E14: #MA.TRD_NM | G14: Transaction name | H14: 取引名 | I14: E | J14: -
A15: 10 | D15: trd_ptn_typ | E15: #MA.TRD_PTN_TYP | G15: Transaction pattern type | H15: 取引パタン区分 | I15: E | J15: -
L16: 上り項目 Request Message Field | M16: 下り項目 Response Message Field | N16: 上り項目 Request Message Field | O16: 下り項目 Response Message Field
A17: 20 | B17: * | D17: Sprt02_Dtl | E17: L
A18: 20 | D18: peg_no | E18: #MA.INT | G18: Pegging No. | H18: 紐付けＮＯ | I18: E | J18: E
A19: 20 | D19: check | E19: #MA.FLG | G19: Select | H19: 選択 | I19: E | J19: -
A20: 20 | D20: base_dlv_slip_no | E20: #MA.DLV_SLIP_NO | G20: Return-from delivery note No. | H20: 返品元納品書ＮＯ | I20: E | J20: E
A21: 20 | D21: base_prov_act_no | E21: #MA.PROV_ACT_NO | G21: Return-from supply result No. | H21: 返品元支給実績ＮＯ | I21: E | J21: E
A22: 20 | D22: base_ac_dt | E22: #MA.DT | G22: Supply recording date (Base) | H22: 支給計上日（基） | I22: E | J22: E
D23: 詳細 :

Sheet 来歴
A1: 変更来歴
A3: Rev. | H3: 修正番号 | O3: 変更内容 | AQ3: 変更箇所
A4: 1 | O4: 初版
A5: 1.1 | H5: MS7032#218 | O5: Sprt01_Dtlブロックに以下の項目を追加 skip_chk_ship_flg | AQ5: Sprt01
A6: 1.2 | O6: 英語の名称を追記 | AQ6: 全般
