Workbook

Sheet LogicCommon
A2: オペレーション実装仕様書 | B2: ModuleID : | C2: MS | D2: LogicID : | E2: MSBEL5720 | F2: Pj.ID : | G2: MC
B3: SubModuleID : | C3: MSBE | D3: LogicClass : | E3: MSBEL_ExRptService | F3: SuperClassPj.ID :
D4: LogicName : | E4: 輸出帳票サービス | F4: SuperLogicID : | G4: MS.MSUDL5010
A5: 概要 :
A6: 詳細 :

Sheet ExRpt_Prnt01
A1: * | B1: * | D1: L | E1: 1
A2: * | D2: オペレーション実装仕様書 Operation Specification Implementation Sheet | E2: ModuleID : | F2: =IF(LogicCommon!C2="","",LogicCommon!C2) -> MS | G2: LogicID : | H2: =IF(LogicCommon!E2="","",LogicCommon!E2) -> MSBEL5720 | I2: Ope.ID : | J2: ExRpt_Prnt01 | K2: Pj.ID : | L2: =IF(LogicCommon!G2="","",LogicCommon!G2) -> MC | M2: Ope.Body : | N2: "mcframe.serverMAUD.MAUDL5010.MAUDL_Operation"
A3: * | D3: =IF(LogicCommon!A3="","",LogicCommon!A3) | E3: SubModuleID : | F3: =IF(LogicCommon!C3="","",LogicCommon!C3) -> MSBE | G3: LogicClass : | H3: =IF(LogicCommon!E3="","",LogicCommon!E3) -> MSBEL_ExRptService | I3: Ope.Method : | J3: ExRpt_Prnt01 | K3: SuperClassPj.ID : | L3: =IF(LogicCommon!G3="","",LogicCommon!G3) | O3: Gene.Type : | P3: ALL
A4: * | E4: Version : | F4: 000000 | G4: LogicName : | H4: =IF(LogicCommon!E4="","",LogicCommon!E4) -> 輸出帳票サービス | I4: Ope.Name : | J4: インボイス印刷 | K4: SuperLogicID : | L4: =IF(LogicCommon!G4="","",LogicCommon!G4) -> MS.MSUDL5010 | M4: ImplOpe.ID:
A5: * | E5: ACType :
A6: * | D6: 概要 : | E6: インボイスを印刷する（複数印刷用） | M6: ID | O6: ID | Q6: ID
A7: # | I7: U | L7: o | N7: o | P7: o
A8: # | D8: ブロック名 Block Name | E8: 型 Type | G8: super/share | H8: 対象ブロック名 Target Block Name | L8: TargetName | N8: TargetName | P8: TargetName | S8: ブロック備考 Block Remarks
A9: # | D9: 項目名 Field Name | E9: 型 Type | F9: 桁 Digits | G9: フルネーム Full Name | H9: 日本語名 Japanese Name | I9: 上り項目 Request Message Field | J9: 下り項目 Response Message Field | R9: 条件および編集方法 Conditions and Editing Methods | S9: 項目備考 Field Remarks
A10: # | L10: 上り項目 Request Message Field | M10: 下り項目 Response Message Field | N10: 上り項目 Request Message Field | O10: 下り項目 Response Message Field | P10: 上り項目 Request Message Field | Q10: 下り項目 Response Message Field
A11: 10 | B11: * | D11: ExRpt_Prnt01_Cnd | E11: L
A12: 10 | D12: iv_mng_no | E12: #MA.IV_MNG_NO | G12: Invoice management No. | H12: インボイス管理ＮＯ | I12: E | J12: -
A13: 10 | D13: iv_no | E13: #MA.IV_NO | G13: Invoice No. | H13: インボイスＮＯ | I13: E | J13: -
A14: 10 | D14: iv_rev | E14: #MA.SLIP_REV | G14: Invoice rev. number | H14: インボイス改訂番号 | I14: E | J14: -
A15: 10 | D15: err_flg | E15: #MA.FLG | G15: Error flg. | H15: エラーＦＬＧ | I15: - | J15: E
A16: # | L16: 上り項目 Request Message Field | M16: 下り項目 Response Message Field | N16: 上り項目 Request Message Field | O16: 下り項目 Response Message Field | P16: 上り項目 Request Message Field | Q16: 下り項目 Response Message Field
A17: 20 | B17: * | D17: ExRpt_Prnt01_Hdr | E17: R
A18: 20 | D18: indiv_prnt_flg | E18: #MA.FLG | G18: Individual issue | H18: 個別発行 | I18: E | J18: -
A19: =IF(D19="","",IF(B19="*",MAX($A$10:A14)+10,MAX($A$10:A14)))

Sheet ExRpt_Prnt02
A1: * | B1: * | D1: L | E1: 1
A2: * | D2: オペレーション実装仕様書 Operation Specification Implementation Sheet | E2: ModuleID : | F2: =IF(LogicCommon!C2="","",LogicCommon!C2) -> MS | G2: LogicID : | H2: =IF(LogicCommon!E2="","",LogicCommon!E2) -> MSBEL5720 | I2: Ope.ID : | J2: ExRpt_Prnt02 | K2: Pj.ID : | L2: =IF(LogicCommon!G2="","",LogicCommon!G2) -> MC | M2: Ope.Body : | N2: "mcframe.serverMAUD.MAUDL5010.MAUDL_Operation"
A3: * | D3: =IF(LogicCommon!A3="","",LogicCommon!A3) | E3: SubModuleID : | F3: =IF(LogicCommon!C3="","",LogicCommon!C3) -> MSBE | G3: LogicClass : | H3: =IF(LogicCommon!E3="","",LogicCommon!E3) -> MSBEL_ExRptService | I3: Ope.Method : | J3: ExRpt_Prnt02 | K3: SuperClassPj.ID : | L3: =IF(LogicCommon!G3="","",LogicCommon!G3) | O3: Gene.Type : | P3: ALL
A4: * | E4: Version : | F4: 000000 | G4: LogicName : | H4: =IF(LogicCommon!E4="","",LogicCommon!E4) -> 輸出帳票サービス | I4: Ope.Name : | J4: パッキングリスト印刷 | K4: SuperLogicID : | L4: =IF(LogicCommon!G4="","",LogicCommon!G4) -> MS.MSUDL5010 | M4: ImplOpe.ID:
A5: * | E5: ACType :
A6: * | D6: 概要 : | E6: パッキングリストを印刷する（複数印刷用） | M6: ID | O6: ID | Q6: ID
A7: # | I7: U | L7: o | N7: o | P7: o
A8: # | D8: ブロック名 Block Name | E8: 型 Type | G8: super/share | H8: 対象ブロック名 Target Block Name | L8: TargetName | N8: TargetName | P8: TargetName | S8: ブロック備考 Block Remarks
A9: # | D9: 項目名 Field Name | E9: 型 Type | F9: 桁 Digits | G9: フルネーム Full Name | H9: 日本語名 Japanese Name | I9: 上り項目 Request Message Field | J9: 下り項目 Response Message Field | R9: 条件および編集方法 Conditions and Editing Methods | S9: 項目備考 Field Remarks
A10: # | L10: 上り項目 Request Message Field | M10: 下り項目 Response Message Field | N10: 上り項目 Request Message Field | O10: 下り項目 Response Message Field | P10: 上り項目 Request Message Field | Q10: 下り項目 Response Message Field
A11: 10 | B11: * | D11: ExRpt_Prnt02_Cnd | E11: L
A12: 10 | D12: iv_no | E12: #MA.IV_NO | G12: Invoice No. | H12: インボイスＮＯ | I12: E | J12: E
A13: 10 | D13: ship_rqst_id_cd | E13: #MS.SHIP_RQST_ID_CD | G13: Shipping requested alias cd. | H13: 出荷依頼先識別ＣＤ | I13: - | J13: -
A14: 10 | D14: ship_rqst_id_nm | E14: #MS.SHIP_RQST_ID_NM | G14: Shipping requested alias name | H14: 出荷依頼先識別名 | I14: - | J14: -
A15: 10 | D15: ship_rqst_id_alt_nm1 | E15: #MA.BP_ALT_NM1 | G15: Customer alias name 1 | H15: 得意先別名１ | I15: - | J15: -
A16: 10 | D16: ship_rqst_id_alt_nm2 | E16: #MA.BP_ALT_NM2 | G16: Customer alias name 2 | H16: 得意先別名２ | I16: - | J16: -
A17: 10 | D17: ship_rqst_id_alt_nm3 | E17: #MA.BP_ALT_NM3 | G17: Customer alias name 3 | H17: 得意先別名３ | I17: - | J17: -
A18: 10 | D18: ship_rqst_id_alt_nm4 | E18: #MA.BP_ALT_NM4 | G18: Customer alias name 4 | H18: 得意先別名４ | I18: - | J18: -
A19: 10 | D19: dlv_id_cd | E19: #MS.DLV_ID_CD | G19: Delivery destination identification cd. | H19: 納品先識別ＣＤ | I19: - | J19: -
A20: 10 | D20: dlv_id_nm | E20: #MS.DLV_ID_NM | G20: Delivery destination identification name | H20: 納品先識別名 | I20: - | J20: -
A21: 10 | D21: dlv_id_alt_nm1 | E21: #MA.BP_ALT_NM1 | G21: Delivery destination alias name 1 | H21: 納品先別名１ | I21: - | J21: -
A22: 10 | D22: dlv_id_alt_nm2 | E22: #MA.BP_ALT_NM2 | G22: Delivery destination alias name 2 | H22: 納品先別名２ | I22: - | J22: -
A23: 10 | D23: dlv_id_alt_nm3 | E23: #MA.BP_ALT_NM3 | G23: Delivery destination alias name 3 | H23: 納品先別名３ | I23: - | J23: -
... A27: 10 | D27: err_flg | E27: #MA.FLG | G27: Error flg. | H27: エラーＦＬＧ | I27: - | J27: E
A28: # | L28: 上り項目 Request Message Field | M28: 下り項目 Response Message Field | N28: 上り項目 Request Message Field | O28: 下り項目 Response Message Field | P28: 上り項目 Request Message Field | Q28: 下り項目 Response Message Field
A29: 20 | B29: * | D29: ExRpt_Prnt02_Hdr | E29: R
A30: 20 | D30: indiv_prnt_flg | E30: #MA.FLG | G30: Individual issue | H30: 個別発行 | I30: E | J30: -
A31: =IF(D31="","",IF(B31="*",MAX($A$10:A27)+10,MAX($A$10:A27)))

Sheet ExRpt_Prnt03
A1: * | B1: * | D1: L | E1: 1
A2: * | D2: オペレーション実装仕様書 Operation Specification Implementation Sheet | E2: ModuleID : | F2: =IF(LogicCommon!C2="","",LogicCommon!C2) -> MS | G2: LogicID : | H2: =IF(LogicCommon!E2="","",LogicCommon!E2) -> MSBEL5720 | I2: Ope.ID : | J2: ExRpt_Prnt03 | K2: Pj.ID : | L2: =IF(LogicCommon!G2="","",LogicCommon!G2) -> MC | M2: Ope.Body : | N2: "mcframe.serverMAUD.MAUDL5010.MAUDL_Operation"
A3: * | D3: =IF(LogicCommon!A3="","",LogicCommon!A3) | E3: SubModuleID : | F3: =IF(LogicCommon!C3="","",LogicCommon!C3) -> MSBE | G3: LogicClass : | H3: =IF(LogicCommon!E3="","",LogicCommon!E3) -> MSBEL_ExRptService | I3: Ope.Method : | J3: ExRpt_Prnt03 | K3: SuperClassPj.ID : | L3: =IF(LogicCommon!G3="","",LogicCommon!G3) | O3: Gene.Type : | P3: ALL
A4: * | E4: Version : | F4: 000000 | G4: LogicName : | H4: =IF(LogicCommon!E4="","",LogicCommon!E4) -> 輸出帳票サービス | I4: Ope.Name : | J4: インボイス印刷 | K4: SuperLogicID : | L4: =IF(LogicCommon!G4="","",LogicCommon!G4) -> MS.MSUDL5010 | M4: ImplOpe.ID:
A5: * | E5: ACType :
A6: * | D6: 概要 : | E6: インボイスを印刷する（単票印刷用） | M6: ID | O6: ID | Q6: ID
A7: # | I7: U | L7: o | N7: o | P7: o
A8: # | D8: ブロック名 Block Name | E8: 型 Type | G8: super/share | H8: 対象ブロック名 Target Block Name | L8: TargetName | N8: TargetName | P8: TargetName | S8: ブロック備考 Block Remarks
A9: # | D9: 項目名 Field Name | E9: 型 Type | F9: 桁 Digits | G9: フルネーム Full Name | H9: 日本語名 Japanese Name | I9: 上り項目 Request Message Field | J9: 下り項目 Response Message Field | R9: 条件および編集方法 Conditions and Editing Methods | S9: 項目備考 Field Remarks
A10: # | L10: 上り項目 Request Message Field | M10: 下り項目 Response Message Field | N10: 上り項目 Request Message Field | O10: 下り項目 Response Message Field | P10: 上り項目 Request Message Field | Q10: 下り項目 Response Message Field
A11: 10 | B11: * | D11: ExRpt_Prnt01_Cnd | E11: R | G11: $share$ | H11: ExRpt_Prnt01.ExRpt_Prnt01_Cnd
A12: 10 | D12: iv_mng_no | E12: #MA.IV_MNG_NO | G12: Invoice management No. | H12: インボイス管理ＮＯ | I12: E | J12: -
A13: 10 | D13: iv_no | E13: #MA.IV_NO | G13: Invoice No. | H13: インボイスＮＯ | I13: E | J13: -
A14: 10 | D14: iv_rev | E14: #MA.SLIP_REV | G14: Invoice rev. number | H14: インボイス改訂番号 | I14: E | J14: -
A15: 10 | D15: err_flg | E15: #MA.FLG | G15: Error flg. | H15: エラーＦＬＧ | I15: - | J15: E
A16: =IF(D16="","",IF(B16="*",MAX($A$10:A13)+10,MAX($A$10:A13)))

Sheet ExRpt_Prnt04
A1: * | B1: * | D1: L | E1: 1
A2: * | D2: オペレーション実装仕様書 Operation Specification Implementation Sheet | E2: ModuleID : | F2: =IF(LogicCommon!C2="","",LogicCommon!C2) -> MS | G2: LogicID : | H2: =IF(LogicCommon!E2="","",LogicCommon!E2) -> MSBEL5720 | I2: Ope.ID : | J2: ExRpt_Prnt04 | K2: Pj.ID : | L2: =IF(LogicCommon!G2="","",LogicCommon!G2) -> MC | M2: Ope.Body : | N2: "mcframe.serverMAUD.MAUDL5010.MAUDL_Operation"
A3: * | D3: =IF(LogicCommon!A3="","",LogicCommon!A3) | E3: SubModuleID : | F3: =IF(LogicCommon!C3="","",LogicCommon!C3) -> MSBE | G3: LogicClass : | H3: =IF(LogicCommon!E3="","",LogicCommon!E3) -> MSBEL_ExRptService | I3: Ope.Method : | J3: ExRpt_Prnt04 | K3: SuperClassPj.ID : | L3: =IF(LogicCommon!G3="","",LogicCommon!G3) | O3: Gene.Type : | P3: ALL
A4: * | E4: Version : | F4: 000000 | G4: LogicName : | H4: =IF(LogicCommon!E4="","",LogicCommon!E4) -> 輸出帳票サービス | I4: Ope.Name : | J4: パッキングリスト印刷 | K4: SuperLogicID : | L4: =IF(LogicCommon!G4="","",LogicCommon!G4) -> MS.MSUDL5010 | M4: ImplOpe.ID:
A5: * | E5: ACType :
A6: * | D6: 概要 : | E6: パッキングリストを印刷する（単票印刷用） | M6: ID | O6: ID | Q6: ID
A7: # | I7: U | L7: o | N7: o | P7: o
A8: # | D8: ブロック名 Block Name | E8: 型 Type | G8: super/share | H8: 対象ブロック名 Target Block Name | L8: TargetName | N8: TargetName | P8: TargetName | S8: ブロック備考 Block Remarks
A9: # | D9: 項目名 Field Name | E9: 型 Type | F9: 桁 Digits | G9: フルネーム Full Name | H9: 日本語名 Japanese Name | I9: 上り項目 Request Message Field | J9: 下り項目 Response Message Field | R9: 条件および編集方法 Conditions and Editing Methods | S9: 項目備考 Field Remarks
A10: # | L10: 上り項目 Request Message Field | M10: 下り項目 Response Message Field | N10: 上り項目 Request Message Field | O10: 下り項目 Response Message Field | P10: 上り項目 Request Message Field | Q10: 下り項目 Response Message Field
A11: 10 | B11: * | D11: ExRpt_Prnt02_Cnd | E11: R | G11: $share$ | H11: ExRpt_Prnt02.ExRpt_Prnt02_Cnd
A12: 10 | D12: iv_no | E12: #MA.IV_NO | G12: Invoice No. | H12: インボイスＮＯ | I12: E | J12: E
A13: 10 | D13: err_flg | E13: #MA.FLG | G13: Error flg. | H13: エラーＦＬＧ | I13: - | J13: E
A14: =IF(D14="","",IF(B14="*",MAX($A$10:A13)+10,MAX($A$10:A13)))

Sheet 来歴
A1: 変更来歴
A3: Rev. | H3: 修正番号 | O3: 変更内容 | AQ3: 変更箇所
A4: 1 | O4: 初版
A5: 1.1 | O5: 英語の名称を追記 | AQ5: 全般
