Workbook

Sheet LogicCommon
A2: オペレーション実装仕様書 | B2: ModuleID : | C2: MS | D2: LogicID : | E2: MSBEL5520 | F2: Pj.ID : | G2: MC
B3: SubModuleID : | C3: MSBE | D3: LogicClass : | E3: MSBEL_ShipLotChkService | F3: SuperClassPj.ID :
D4: LogicName : | E4: 出荷ロットチェックサービス | F4: SuperLogicID : | G4: MS.MSUDL5010
A5: 概要 :
A6: 詳細 :

Sheet ShipLotShk_Chk01
A1: * | B1: * | D1: L | E1: 1
A2: * | D2: オペレーション実装仕様書 Operation Specification Implementation Sheet | E2: ModuleID : | F2: =IF(LogicCommon!C2="","",LogicCommon!C2) -> MS | G2: LogicID : | H2: =IF(LogicCommon!E2="","",LogicCommon!E2) -> MSBEL5520 | I2: Ope.ID : | J2: ShipLotChk_Chk01 | K2: Pj.ID : | L2: =IF(LogicCommon!G2="","",LogicCommon!G2) -> MC | M2: Ope.Body : | N2: "mcframe.serverMAUD.MAUDL5010.MAUDL_Operation"
A3: * | D3: =IF(LogicCommon!A3="","",LogicCommon!A3) | E3: SubModuleID : | F3: =IF(LogicCommon!C3="","",LogicCommon!C3) -> MSBE | G3: LogicClass : | H3: =IF(LogicCommon!E3="","",LogicCommon!E3) -> MSBEL_ShipLotChkService | I3: Ope.Method : | J3: =J2 -> ShipLotChk_Chk01 | K3: SuperClassPj.ID : | L3: =IF(LogicCommon!G3="","",LogicCommon!G3) | O3: Gene.Type : | P3: ALL
A4: * | E4: Version : | F4: 000000 | G4: LogicName : | H4: =IF(LogicCommon!E4="","",LogicCommon!E4) -> 出荷ロットチェックサービス | I4: Ope.Name : | J4: 有効期限チェック | K4: SuperLogicID : | L4: =IF(LogicCommon!G4="","",LogicCommon!G4) -> MS.MSUDL5010 | M4: ImplOpe.ID:
A5: * | E5: ACType :
A6: * | D6: 概要 : | E6: 出荷対象のロットがマスタで定義する有効期限日数を満たしているか、またロットの有効期限が出荷済みのロットと比較して逆転していないかチェックする。 | M6: ID | O6: ID | Q6: ID
A7: # | I7: U | K7: K | L7: o | N7: o | P7: o
A8: # | D8: ブロック名 Block Name | E8: 型 Type | G8: super/share | H8: 対象ブロック名 Target Block Name | L8: TargetName | N8: TargetName | P8: TargetName | T8: ブロック備考 Block Remarks
A9: # | D9: 項目名 Field Name | E9: 型 Type | F9: 桁 Digits | G9: フルネーム Full Name | H9: 日本語名 Japanese Name | I9: 上り項目 Request Message Field | J9: 下り項目 Response Message Field | R9: 条件および編集方法 Conditions and Editing Methods | T9: 項目備考 Field Remarks
A10: # | L10: 上り項目 Request Message Field | M10: 下り項目 Response Message Field | N10: 上り項目 Request Message Field | O10: 下り項目 Response Message Field | P10: 上り項目 Request Message Field | Q10: 下り項目 Response Message Field
A11: 10 | B11: * | D11: ShipLot_Dtl | E11: L
A12: 10 | D12: peg_no | E12: #MA.INT | G12: Pegging No. | H12: 紐付けＮＯ | I12: E | J12: E
A13: 10 | D13: sl | E13: R | F13: DBC:MS.MST_SHIP_LOT | G13: Shipping lot | H13: 出荷ロット
A14: 10 | D14: sl.cst_cd# | E14: RI | G14: Customer cd. | H14: 得意先ＣＤ | I14: E | J14: -
A15: 10 | D15: sl.dlv_cd# | E15: RI | G15: Delivery destination cd. | H15: 納品先ＣＤ | I15: E | J15: -
A16: 10 | D16: sl.itm_cd# | E16: RI | G16: Item cd. | H16: 品目ＣＤ | I16: E | J16: -
A17: 10 | D17: sl.itm_sub1# | E17: RI | G17: Branch No. 1 | H17: 枝番１ | I17: E | J17: -
A18: 10 | D18: sl.itm_sub2# | E18: RI | G18: Branch No. 2 | H18: 枝番２ | I18: E | J18: -
A19: 10 | D19: sl.itm_sub3# | E19: RI | G19: Branch No. 3 | H19: 枝番３ | I19: E | J19: -
A20: 10 | D20: sl.base_dt# | E20: RI | G20: Base date | H20: 基準日 | I20: E | J20: -
A21: 10 | D21: sl.lot_no# | E21: RI | G21: Lot No. | H21: ロットＮＯ | I21: E | J21: -
A22: 10 | D22: sl.sublot_no# | E22: RI | G22: Sublot No. | H22: サブロットＮＯ | I22: E | J22: -
A23: 10 | D23: sl.valid_dt# | E23: RI | G23: Expiration date | H23: 有効期限 | I23: - | J23: -
A24: 10 | D24: sl.ship_alloc_sts_no# | E24: RI | G24: Shipping allocation status No. | H24: 出荷引当状況ＮＯ | I24: - | J24: -
A25: 10 | D25: sl.ship_act_d_no# | E25: RI | G25: Shipping result details No. | H25: 出荷実績明細ＮＯ | I25: E | J25: -
... A33: 10 | D33: err_flg | E33: #MA.FLG | G33: Error flg. | H33: エラーＦＬＧ | I33: - | J33: E
A34: 10 | D34: slo_d_no | E34: #MA.SLO_D_NO | I34: E | J34: -
A35: 10 | D35: ship_schd_no | E35: #MA.SHIP_SCHD_NO | I35: E | J35: -
A36: 10 | D36: dlv_inst_rcpt_no | E36: #MA.DLV_INST_RCPT_NO | I36: E | J36: -
A37: 10 | D37: ship_inst_d_no | E37: #MA.SHIP_INST_D_NO | I37: E | J37: -
A38: 10 | D38: ship_act_no | E38: #MA.SHIP_ACT_NO | I38: E | J38: -

Sheet ShipLotShk_Srch01
A1: * | B1: * | D1: L | E1: 1
A2: * | D2: オペレーション実装仕様書 Operation Specification Implementation Sheet | E2: ModuleID : | F2: =IF(LogicCommon!C2="","",LogicCommon!C2) -> MS | G2: LogicID : | H2: =IF(LogicCommon!E2="","",LogicCommon!E2) -> MSBEL5520 | I2: Ope.ID : | J2: ShipLotChk_Srch01 | K2: Pj.ID : | L2: =IF(LogicCommon!G2="","",LogicCommon!G2) -> MC | M2: Ope.Body : | N2: "mcframe.serverMAUD.MAUDL5010.MAUDL_Operation"
A3: * | D3: =IF(LogicCommon!A3="","",LogicCommon!A3) | E3: SubModuleID : | F3: =IF(LogicCommon!C3="","",LogicCommon!C3) -> MSBE | G3: LogicClass : | H3: =IF(LogicCommon!E3="","",LogicCommon!E3) -> MSBEL_ShipLotChkService | I3: Ope.Method : | J3: =J2 -> ShipLotChk_Srch01 | K3: SuperClassPj.ID : | L3: =IF(LogicCommon!G3="","",LogicCommon!G3) | O3: Gene.Type : | P3: ALL
A4: * | E4: Version : | F4: 000000 | G4: LogicName : | H4: =IF(LogicCommon!E4="","",LogicCommon!E4) -> 出荷ロットチェックサービス | I4: Ope.Name : | J4: 有効期限取得 | K4: SuperLogicID : | L4: =IF(LogicCommon!G4="","",LogicCommon!G4) -> MS.MSUDL5010 | M4: ImplOpe.ID:
A5: * | E5: ACType :
A6: * | D6: 概要 : | E6: 出荷済みのロットから最小・最大の有効期限を取得する。 | M6: ID | O6: ID | Q6: ID
A7: # | I7: U | K7: K | L7: o | N7: o | P7: o
A8: # | D8: ブロック名 Block Name | E8: 型 Type | G8: super/share | H8: 対象ブロック名 Target Block Name | L8: TargetName | N8: TargetName | P8: TargetName | T8: ブロック備考 Block Remarks
A9: # | D9: 項目名 Field Name | E9: 型 Type | F9: 桁 Digits | G9: フルネーム Full Name | H9: 日本語名 Japanese Name | I9: 上り項目 Request Message Field | J9: 下り項目 Response Message Field | R9: 条件および編集方法 Conditions and Editing Methods | T9: 項目備考 Field Remarks
A10: # | L10: 上り項目 Request Message Field | M10: 下り項目 Response Message Field | N10: 上り項目 Request Message Field | O10: 下り項目 Response Message Field | P10: 上り項目 Request Message Field | Q10: 下り項目 Response Message Field
A11: 10 | B11: * | D11: ShipLot_Dtl | E11: L | G11: $share$ | H11: MS.MSBEL5520.ShipLotChk_Chk01.ShipLot_Dtl
A12: 10 | D12: peg_no | E12: #MA.INT | G12: Pegging No. | H12: 紐付けＮＯ | I12: E | J12: E
A13: 10 | D13: sl | E13: R | F13: DBC:MS.MST_SHIP_LOT | G13: Shipping lot | H13: 出荷ロット
A14: 10 | D14: sl.cst_cd# | E14: RI | G14: Customer cd. | H14: 得意先ＣＤ | I14: E | J14: -
A15: 10 | D15: sl.dlv_cd# | E15: RI | G15: Delivery destination cd. | H15: 納品先ＣＤ | I15: E | J15: -
A16: 10 | D16: sl.itm_cd# | E16: RI | G16: Item cd. | H16: 品目ＣＤ | I16: E | J16: -
A17: 10 | D17: sl.itm_sub1# | E17: RI | G17: Branch No. 1 | H17: 枝番１ | I17: E | J17: -
A18: 10 | D18: sl.itm_sub2# | E18: RI | G18: Branch No. 2 | H18: 枝番２ | I18: E | J18: -
A19: 10 | D19: sl.itm_sub3# | E19: RI | G19: Branch No. 3 | H19: 枝番３ | I19: E | J19: -
A20: 10 | D20: sl.base_dt# | E20: RI | G20: Base date | H20: 基準日 | I20: E | J20: -
A21: 10 | D21: sl.lot_no# | E21: RI | G21: Lot No. | H21: ロットＮＯ | I21: - | J21: -
A22: 10 | D22: sl.sublot_no# | E22: RI | G22: Sublot No. | H22: サブロットＮＯ | I22: - | J22: -
A23: 10 | D23: sl.valid_dt# | E23: RI | G23: Expiration date | H23: 有効期限 | I23: - | J23: -
A24: 10 | D24: sl.ship_alloc_sts_no# | E24: RI | G24: Shipping allocation status No. | H24: 出荷引当状況ＮＯ | I24: - | J24: -
A25: 10 | D25: sl.ship_act_d_no# | E25: RI | G25: Shipping result details No. | H25: 出荷実績明細ＮＯ | I25: E | J25: -
... A33: 10 | D33: err_flg | E33: #MA.FLG | G33: Error flg. | H33: エラーＦＬＧ | I33: - | J33: -
A34: 10 | D34: slo_d_no | E34: #MA.SLO_D_NO | I34: E | J34: -
A35: 10 | D35: ship_schd_no | E35: #MA.SHIP_SCHD_NO | I35: E | J35: -
A36: 10 | D36: dlv_inst_rcpt_no | E36: #MA.DLV_INST_RCPT_NO | I36: E | J36: -
A37: 10 | D37: ship_inst_d_no | E37: #MA.SHIP_INST_D_NO | I37: E | J37: -
A38: 10 | D38: ship_act_no | E38: #MA.SHIP_ACT_NO | I38: E | J38: -

Sheet ShipLotShk_Upd01
A1: * | B1: * | D1: L | E1: 1
A2: * | D2: オペレーション実装仕様書 Operation Specification Implementation Sheet | E2: ModuleID : | F2: =IF(LogicCommon!C2="","",LogicCommon!C2) -> MS | G2: LogicID : | H2: =IF(LogicCommon!E2="","",LogicCommon!E2) -> MSBEL5520 | I2: Ope.ID : | J2: ShipLotChk_Upd01 | K2: Pj.ID : | L2: =IF(LogicCommon!G2="","",LogicCommon!G2) -> MC | M2: Ope.Body : | N2: "mcframe.serverMAUD.MAUDL5010.MAUDL_Operation"
A3: * | D3: =IF(LogicCommon!A3="","",LogicCommon!A3) | E3: SubModuleID : | F3: =IF(LogicCommon!C3="","",LogicCommon!C3) -> MSBE | G3: LogicClass : | H3: =IF(LogicCommon!E3="","",LogicCommon!E3) -> MSBEL_ShipLotChkService | I3: Ope.Method : | J3: =J2 -> ShipLotChk_Upd01 | K3: SuperClassPj.ID : | L3: =IF(LogicCommon!G3="","",LogicCommon!G3) | O3: Gene.Type : | P3: ALL
A4: * | E4: Version : | F4: 000000 | G4: LogicName : | H4: =IF(LogicCommon!E4="","",LogicCommon!E4) -> 出荷ロットチェックサービス | I4: Ope.Name : | J4: 出荷ロット更新 | K4: SuperLogicID : | L4: =IF(LogicCommon!G4="","",LogicCommon!G4) -> MS.MSUDL5010 | M4: ImplOpe.ID:
A5: * | E5: ACType :
A6: * | D6: 概要 : | E6: 出荷ロットを登録・削除する。 | M6: ID | O6: ID | Q6: ID
A7: # | I7: U | K7: K | L7: o | N7: o | P7: o
A8: # | D8: ブロック名 Block Name | E8: 型 Type | G8: super/share | H8: 対象ブロック名 Target Block Name | L8: TargetName | N8: TargetName | P8: TargetName | T8: ブロック備考 Block Remarks
A9: # | D9: 項目名 Field Name | E9: 型 Type | F9: 桁 Digits | G9: フルネーム Full Name | H9: 日本語名 Japanese Name | I9: 上り項目 Request Message Field | J9: 下り項目 Response Message Field | R9: 条件および編集方法 Conditions and Editing Methods | T9: 項目備考 Field Remarks
A10: # | L10: 上り項目 Request Message Field | M10: 下り項目 Response Message Field | N10: 上り項目 Request Message Field | O10: 下り項目 Response Message Field | P10: 上り項目 Request Message Field | Q10: 下り項目 Response Message Field
A11: 10 | B11: * | D11: ShipLot_Dtl | E11: L | G11: $share$ | H11: MS.MSBEL5520.ShipLotChk_Chk01.ShipLot_Dtl
A12: 10 | D12: peg_no | E12: #MA.INT | G12: Pegging No. | H12: 紐付けＮＯ | I12: E | J12: -
A13: 10 | D13: sl | E13: R | F13: DBC:MS.MST_SHIP_LOT | G13: Shipping lot | H13: 出荷ロット
A14: 10 | D14: sl.cst_cd# | E14: RI | G14: Customer cd. | H14: 得意先ＣＤ | I14: E | J14: -
A15: 10 | D15: sl.dlv_cd# | E15: RI | G15: Delivery destination cd. | H15: 納品先ＣＤ | I15: E | J15: -
A16: 10 | D16: sl.itm_cd# | E16: RI | G16: Item cd. | H16: 品目ＣＤ | I16: E | J16: -
A17: 10 | D17: sl.itm_sub1# | E17: RI | G17: Branch No. 1 | H17: 枝番１ | I17: E | J17: -
A18: 10 | D18: sl.itm_sub2# | E18: RI | G18: Branch No. 2 | H18: 枝番２ | I18: E | J18: -
A19: 10 | D19: sl.itm_sub3# | E19: RI | G19: Branch No. 3 | H19: 枝番３ | I19: E | J19: -
A20: 10 | D20: sl.base_dt# | E20: RI | G20: Base date | H20: 基準日 | I20: E | J20: -
A21: 10 | D21: sl.lot_no# | E21: RI | G21: Lot No. | H21: ロットＮＯ | I21: E | J21: -
A22: 10 | D22: sl.sublot_no# | E22: RI | G22: Sublot No. | H22: サブロットＮＯ | I22: E | J22: -
A23: 10 | D23: sl.valid_dt# | E23: RI | G23: Expiration date | H23: 有効期限 | I23: - | J23: -
A24: 10 | D24: sl.ship_alloc_sts_no# | E24: RI | G24: Shipping allocation status No. | H24: 出荷引当状況ＮＯ | I24: E | J24: -
A25: 10 | D25: sl.ship_act_d_no# | E25: RI | G25: Shipping result details No. | H25: 出荷実績明細ＮＯ | I25: E | J25: -
... A33: 10 | D33: err_flg | E33: #MA.FLG | G33: Error flg. | H33: エラーＦＬＧ | I33: - | J33: E

Sheet 来歴
A1: 変更来歴
A3: Rev. | H3: 修正番号 | O3: 変更内容 | AQ3: 変更箇所
A4: 1 | O4: 初版
A5: 1.1 | O5: 英語の名称を追記 | AQ5: 全般
