Workbook

Sheet LogicCommon
A2: オペレーション実装仕様書 | B2: ModuleID : | C2: MS | D2: LogicID : | E2: MSBEL1420 | F2: Pj.ID : | G2: MC
B3: SubModuleID : | C3: MSBE | D3: LogicClass : | E3: MSBEL_ShipSchdReg | F3: SuperClassPj.ID :
D4: LogicName : | E4: 出荷予定変更登録 | F4: SuperLogicID : | G4: MS.MSUDL5010
A5: 概要 :
A6: 詳細 :

Sheet Srch01
A1: * | B1: * | D1: L | E1: 1
A2: * | D2: オペレーション実装仕様書 Operation Specification Implementation Sheet | E2: ModuleID : | F2: =IF(LogicCommon!C2="","",LogicCommon!C2) -> MS | G2: LogicID : | H2: =IF(LogicCommon!E2="","",LogicCommon!E2) -> MSBEL1420 | I2: Ope.ID : | J2: Srch01 | K2: Pj.ID : | L2: =IF(LogicCommon!G2="","",LogicCommon!G2) -> MC | M2: Ope.Body : | N2: "mcframe.serverMAUD.MAUDL5010.MAUDL_Searcher"
A3: * | D3: =IF(LogicCommon!A3="","",LogicCommon!A3) | E3: SubModuleID : | F3: =IF(LogicCommon!C3="","",LogicCommon!C3) -> MSBE | G3: LogicClass : | H3: =IF(LogicCommon!E3="","",LogicCommon!E3) -> MSBEL_ShipSchdReg | I3: Ope.Method : | J3: Srch01 | K3: SuperClassPj.ID : | L3: =IF(LogicCommon!G3="","",LogicCommon!G3) | O3: Gene.Type : | P3: ALL
A4: * | E4: Version : | F4: 000000 | G4: LogicName : | H4: =IF(LogicCommon!E4="","",LogicCommon!E4) -> 出荷予定変更登録 | I4: Ope.Name : | J4: 検索 | K4: SuperLogicID : | L4: =IF(LogicCommon!G4="","",LogicCommon!G4) -> MS.MSUDL5010 | M4: ImplOpe.ID:
A5: * | E5: ACType :
A6: * | D6: 概要 : | E6: 出荷予定を検索する。 | M6: ID | O6: ID | Q6: ID
A7: # | I7: U | K7: K | L7: o | N7: o | P7: o
A8: # | D8: ブロック名 Block Name | E8: 型 Type | G8: super/share | H8: 対象ブロック名 Target Block Name | K8: CONST | L8: TargetName | N8: TargetName | P8: TargetName | T8: ブロック備考 Block Remarks
A9: # | D9: 項目名 Field Name | E9: 型 Type | F9: 桁 Digits | G9: フルネーム Full Name | H9: 日本語名 Japanese Name | I9: 上り項目 Request Message Field | J9: 下り項目 Response Message Field | R9: 条件および編集方法 Conditions and Editing Methods | T9: 項目備考 Field Remarks
A10: # | L10: 上り項目 Request Message Field | M10: 下り項目 Response Message Field | N10: 上り項目 Request Message Field | O10: 下り項目 Response Message Field | P10: 上り項目 Request Message Field | Q10: 下り項目 Response Message Field
A11: 10 | B11: * | D11: Srch01_Cnd | E11: R
A12: 10 | D12: ope | E12: C | G12: Operation type | H12: 操作種別 | I12: E | J12: -
A13: 10 | D13: srch_mode | E13: C | G13: Search mode | H13: 検索モード | I13: E | J13: -
A14: 10 | D14: no_lot_chk_flg | E14: #MA.FLG | G14: Ignore lot check | H14: ロットチェック無視 | I14: - | J14: -
A15: 10 | D15: not_inst_flg | E15: #MA.FLG | G15: Unordered (Shipping progress status) | H15: 未指図（出荷進捗状況） | I15: E | J15: -
A16: 10 | D16: inst_flg | E16: #MA.FLG | G16: Ordered (Shipping progress status) | H16: 指図済（出荷進捗状況） | I16: E | J16: -
A17: 10 | D17: not_ship_flg | E17: #MA.FLG | G17: Not shipped (Shipping progress status) | H17: 未出荷（出荷進捗状況） | I17: E | J17: -
A18: 10 | D18: part_ship_flg | E18: #MA.FLG | G18: Partial shipment (Shipping progress status) | H18: 一部出荷（出荷進捗状況） | I18: E | J18: -
A19: 10 | D19: ship_flg | E19: #MA.FLG | G19: Shipped (Shipping progress status) | H19: 出荷済（出荷進捗状況） | I19: E | J19: -
A20: 10 | D20: not_alloc_flg | E20: #MA.FLG | G20: Unallocated (Allocation status) | H20: 未引当（引当状況） | I20: E | J20: -
A21: 10 | D21: part_alloc_flg | E21: #MA.FLG | G21: Partial allocation (Allocation status) | H21: 一部引当（引当状況） | I21: E | J21: -
A22: 10 | D22: all_alloc_flg | E22: #MA.FLG | G22: 100% allocation (Allocation status) | H22: 全数引当（引当状況） | I22: E | J22: -
A23: 10 | D23: alloc_invalid_flg | E23: #MA.FLG | G23: Exclude (Allocation status) | H23: 対象外（引当状況） | I23: E | J23: -
... A187: 10 | D187: itm_grp_nm10 | E187: #MA.ITM_GRP_NM | G187: Item classification name 10 | H187: 品目分類名１０ | I187: E | J187: -
A189: 20 | B189: * | D189: Srch01_Rslt | E189: L
A190: 20 | D190: pr_sts_typ | E190: #MS.PR_STS_TYP | G190: Progress status type | H190: 進捗状況区分 | I190: - | J190: E | K190: MSC_PR_STS_TYP
A191: 20 | D191: pr_sts_typ_nm | E191: #MS.PR_STS_TYP_NM | G191: Progress status type name | H191: 進捗状況区分名 | I191: - | J191: E
A192: 20 | D192: alloc_sts_typ | E192: #MS.ALLOC_STS_TYP | G192: Allocation status type | H192: 引当状況区分 | I192: - | J192: E | K192: MSC_ALLOC_STS_TYP
A193: 20 | D193: alloc_sts_typ_nm | E193: #MS.ALLOC_STS_TYP_NM | G193: Allocation status type name | H193: 引当状況区分名 | I193: - | J193: E
A194: 20 | D194: ship_abl_flg | E194: #MA.FLG | G194: Shipping available | H194: 出荷可能 | I194: - | J194: E
A195: 20 | D195: fix_flg | E195: #MA.FLG | G195: Firm | H195: 確定 | I195: - | J195: E
A196: 20 | D196: org_fix_flg | E196: #MA.FLG | G196: Source firm | H196: 元確定 | I196: - | J196: E
A197: 20 | D197: dlv_rqst_dt | E197: #MA.DT | G197: Desired delivery date | H197: 納入希望日 | I197: - | J197: E
A198: 20 | D198: dlv_rqst_hm | E198: #MA.HM | G198: Desired delivery time | H198: 納入希望時刻 | I198: - | J198: E
A199: 20 | D199: pd_inst_dlv_dt | E199: #MA.DT | G199: Delivery request date | H199: 納品依頼日 | I199: - | J199: E
A200: 20 | D200: pd_inst_dlv_hm | E200: #MA.HM | G200: Delivery request time | H200: 納品依頼時刻 | I200: - | J200: E
A201: 20 | D201: dlv_day_week_typ | E201: #MA.DAY_WEEK_TYP | G201: Arrival day type (Week) | H201: 着曜日区分 | I201: - | J201: E | K201: MAC_DAY_WEEK_TYP
A202: 20 | D202: dlv_day_week_typ_nm | E202: #MA.DAY_WEEK_TYP_NM | G202: Arrival day of week | H202: 着曜日 | I202: - | J202: E
A203: 20 | D203: ship_rqst_dt | E203: #MA.DT | G203: Desired shipping date | H203: 出荷希望日 | I203: - | J203: E
A204: 20 | D204: ship_rqst_hm | E204: #MA.HM | G204: Desired shipping time | H204: 出荷希望時刻 | I204: - | J204: E
A205: 20 | D205: src_ship_schd_dt | E205: #MA.DT | G205: Scheduled shipping date before change | H205: 変更前出荷予定日 | I205: - | J205: E
A206: 20 | D206: src_ship_schd_hm | E206: #MA.HM | G206: Scheduled shipping time before change | H206: 変更前出荷予定時刻 | I206: - | J206: E
A207: 20 | D207: ship_schd_dt | E207: #MA.DT | G207: Scheduled shipping date | H207: 出荷予定日 | I207: - | J207: E
A208: 20 | D208: ship_schd_hm | E208: #MA.HM | G208: Shipping schedule time | H208: 出荷予定時刻 | I208: - | J208: E
A209: 20 | D209: ship_schd_time | E209: #MA.CHAR_HM | G209: Shipping schedule time | H209: 出荷予定時間 | I209: - | J209: E
A210: 20 | D210: fix_ship_schd_dt | E210: #MA.DT | G210: Scheduled firm shipping date | H210: 確定出荷予定日 | I210: - | J210: E
A211: 20 | D211: fix_ship_schd_hm | E211: #MA.HM | G211: Firm shipping schedule time | H211: 確定出荷予定時刻 | I211: - | J211: E
A212: 20 | D212: dlv_schd_dt | E212: #MA.DT | G212: Scheduled delivery date | H212: 納品予定日 | I212: - | J212: E
A213: 20 | D213: dlv_schd_hm | E213: #MA.HM | G213: Schedule delivery time | H213: 納品予定時刻 | I213: - | J213: E
... A222: 20 | D222: ship_wk_nm | E222: #MA.SHIP_WK_NM | G222: Shipping operation name | H222: 出荷作業名 | I222: - | J222: E
A223: 20 | D223: ship_to_id_typ | E223: #MS.SHIP_TO_ID_TYP | G223: Receiving point identification type | H223: 送付先識別区分 | I223: - | J223: E | K223: MSC_SHIP_TO_ID_TYP
A224: 20 | D224: ship_to_id_typ_nm | E224: #MS.SHIP_TO_ID_TYP_NM | G224: Receiving point identification type name | H224: 送付先識別区分名 | I224: - | J224: E
A225: 20 | D225: ship_to_id_cd | E225: #MS.SHIP_TO_ID_CD | G225: Receiving point cd. | H225: 送付先ＣＤ | I225: - | J225: E
A226: 20 | D226: ship_to_id_nm | E226: #MS.SHIP_TO_ID_NM | G226: Receiving point name | H226: 送付先名 | I226: - | J226: E
A227: 20 | D227: ship_to_zip_cd | E227: #MA.ZIP_CD | G227: Zip code | H227: 郵便番号 | I227: - | J227: E
A228: 20 | D228: ship_to_addr1 | E228: #MA.ADDR | G228: Address 1 | H228: 住所１ | I228: - | J228: E
A229: 20 | D229: ship_to_addr2 | E229: #MA.ADDR | G229: Address 2 | H229: 住所２ | I229: - | J229: E
A230: 20 | D230: ship_to_addr3 | E230: #MA.ADDR | G230: Address 3 | H230: 住所３ | I230: - | J230: E
A231: 20 | D231: ship_to_addr4 | E231: #MA.ADDR | G231: Address 4 | H231: 住所４ | I231: - | J231: E
A232: 20 | D232: dlv_id_typ | E232: #MS.DLV_ID_TYP | G232: Delivery destination identification type | H232: 納品先識別区分 | I232: - | J232: E | K232: MSC_DLV_ID_TYP
A233: 20 | D233: dlv_id_typ_nm | E233: #MS.DLV_ID_TYP_NM | G233: Delivery destination identification type name | H233: 納品先識別区分名 | I233: - | J233: E
A234: 20 | D234: dlv_id_cd | E234: #MS.DLV_ID_CD | G234: Delivery destination cd. | H234: 納品先ＣＤ | I234: - | J234: E
A235: 20 | D235: dlv_id_nm | E235: #MS.DLV_ID_NM | G235: Delivery destination name | H235: 納品先名 | I235: - | J235: E
A236: 20 | D236: rqst_usr_cd | E236: #MA.USR_CD | G236: Request PIC cd. | H236: 依頼担当者ＣＤ | I236: - | J236: E
A237: 20 | D237: rqst_usr_nm | E237: #MA.USR_NM | G237: Request PIC name | H237: 依頼担当者名 | I237: - | J237: E
A238: 20 | D238: rqst_dpt_cd | E238: #MA.DPT_CD | G238: Request dept. cd. | H238: 依頼部門ＣＤ | I238: - | J238: E
A239: 20 | D239: rqst_dpt_nm | E239: #MA.DPT_NM | G239: Request dept. name | H239: 依頼部門名 | I239: - | J239: E
A240: 20 | D240: trd_cd | E240: #MA.TRD_CD | G240: Transaction cd. | H240: 取引ＣＤ | I240: - | J240: E
A241: 20 | D241: trd_nm | E241: #MA.TRD_NM | G241: Transaction name | H241: 取引名 | I241: - | J241: E
A242: 20 | D242: itm_cd | E242: #MA.ITM_CD | G242: Item cd. | H242: 品目ＣＤ | I242: - | J242: E
A243: 20 | D243: itm_sub1 | E243: #MA.ITM_SUB1 | G243: Branch No. 1 | H243: 枝番１ | I243: - | J243: E
A244: 20 | D244: itm_sub2 | E244: #MA.ITM_SUB2 | G244: Branch No. 2 | H244: 枝番２ | I244: - | J244: E
... A318: 20 | D318: gd_nm | E318: #MA.STK_GD_NM | G318: Grading name | H318: 格付名 | I318: - | J318: E
A319: 20 | D319: quality_typ | E319: #MA.QUALITY_TYP | G319: Conforming type | H319: 良品区分 | I319: - | J319: E | K319: MAC_QUALITY_TYP
A320: 20 | D320: quality_typ_nm | E320: #MA.QUALITY_TYP_NM | G320: Conforming type name | H320: 良品区分名 | I320: - | J320: E
A321: 20 | D321: stk_insp_typ | E321: #MS.STK_INSP_TYP | G321: Inventory inspection type | H321: 在庫検査区分 | I321: - | J321: E | K321: MSC_STK_INSP_TYP
A322: 20 | D322: stk_insp_typ_nm | E322: #MS.STK_INSP_TYP_NM | G322: Inventory inspection type name | H322: 在庫検査区分名 | I322: - | J322: E
A323: 20 | D323: stk_id_typ | E323: #MS.STK_ID_TYP | G323: Inventory identification type | H323: 在庫識別区分 | I323: - | J323: E | K323: MSC_STK_ID_TYP
A324: 20 | D324: stk_id_typ_nm | E324: #MS.STK_ID_TYP_NM | G324: Inventory identification type name | H324: 在庫識別区分名 | I324: - | J324: E
A325: 20 | D325: stk_bp_cd | E325: #MA.BP_CD | G325: Inventory BP cd. | H325: 在庫取引先ＣＤ | I325: - | J325: E
A326: 20 | D326: stk_bp_nm | E326: #MA.BP_NM | G326: Inventory BP name | H326: 在庫取引先名 | I326: - | J326: E
A327: 20 | D327: alloc_grp_cd | E327: #MA.ALLOC_GRP_CD | G327: Gross allocation location group cd. | H327: 総量引当場所グループＣＤ | I327: - | J327: E
A328: 20 | D328: alloc_grp_nm | E328: #MA.ALLOC_GRP_NM | G328: Gross allocation location group name | H328: 総量引当場所グループ名 | I328: - | J328: E
A329: 20 | D329: def_loc_cd | E329: #MA.LOC_CD | G329: Normal shipping location | H329: 通常出荷場所 | I329: - | J329: E
A330: 20 | D330: def_loc_nm | E330: #MA.LOC_NM | G330: Normal shipping location name | H330: 通常出荷場所名 | I330: - | J330: E
A331: 20 | D331: ship_loc_prio_flg | E331: #MA.FLG | G331: Precede shipping location | H331: 出荷場所優先 | I331: - | J331: E
A332: 20 | D332: assort_typ | E332: #MS.SHIP_ASSORT_TYP | G332: Assortment type | H332: 品揃区分 | I332: - | J332: E | K332: MSC_SHIP_ASSORT_TYP
A333: 20 | D333: assort_typ_nm | E333: #MS.SHIP_ASSORT_TYP_NM | G333: Assortment type name | H333: 品揃区分名 | I333: - | J333: E
A334: 20 | D334: set_itm_grp_no | E334: #MA.SET_ITM_GRP_NO | G334: Assortment group No. | H334: 品揃グループＮＯ | I334: - | J334: E
A335: 20 | D335: assort_sts_mark | E335: C | G335: Assortment status | H335: 品揃状況 | I335: - | J335: E
A336: 20 | D336: base_dlv_slip_no | E336: #MA.DLV_SLIP_NO | G336: Return-from delivery note No. | H336: 返品元納品書ＮＯ | I336: - | J336: E
A337: 20 | D337: base_prov_act_no | E337: #MA.PROV_ACT_NO | G337: Return-from supply result No. | H337: 返品元支給実績ＮＯ | I337: - | J337: E
A338: 20 | D338: base_ac_dt | E338: #MA.DT | G338: Supply recording date (Base) | H338: 支給計上日（基） | I338: - | J338: E
A339: 20 | D339: ship_cnt_rmrks | E339: #MS.SHIP_CNT_RMRKS | G339: Shipping notification remarks | H339: 出荷連絡備考 | I339: - | J339: E
A340: 20 | D340: trd_rmrks | E340: #MA.TRD_RMRKS | G340: Transaction remarks | H340: 取引備考 | I340: - | J340: E
A341: 20 | D341: trd_d_rmrks | E341: #MA.TRD_D_RMRKS | G341: Transaction details remarks | H341: 取引明細備考 | I341: - | J341: E
A342: 20 | D342: slo_no | E342: #MA.SLO_NO | G342: Sales order No. | H342: 受注ＮＯ | I342: - | J342: E
A343: 20 | D343: slo_d_no | E343: #MA.SLO_D_NO | G343: Sales order details No. | H343: 受注明細ＮＯ | I343: - | J343: E
A344: 20 | D344: xfr_schd_no | E344: #MA.XFR_SCHD_NO | G344: Movement/transport schedule No. | H344: 移動・移送予定ＮＯ | I344: - | J344: E
... A364: 20 | D364: ship_to_cntry_nm | E364: #MA.CNTRY_NM | G364: Receiving point country name | H364: 送付先国名 | I364: - | J364: E
...

Sheet Chk01
A1: * | B1: * | D1: L | E1: 1
A2: * | D2: オペレーション実装仕様書 Operation Specification Implementation Sheet | E2: ModuleID : | F2: =IF(LogicCommon!C2="","",LogicCommon!C2) -> MS | G2: LogicID : | H2: =IF(LogicCommon!E2="","",LogicCommon!E2) -> MSBEL1420 | I2: Ope.ID : | J2: Chk01 | K2: Pj.ID : | L2: =IF(LogicCommon!G2="","",LogicCommon!G2) -> MC | M2: Ope.Body : | N2: MA.MAUDL5010.Checker
A3: * | D3: =IF(LogicCommon!A3="","",LogicCommon!A3) | E3: SubModuleID : | F3: =IF(LogicCommon!C3="","",LogicCommon!C3) -> MSBE | G3: LogicClass : | H3: =IF(LogicCommon!E3="","",LogicCommon!E3) -> MSBEL_ShipSchdReg | I3: Ope.Method : | J3: Chk01 | K3: SuperClassPj.ID : | L3: =IF(LogicCommon!G3="","",LogicCommon!G3) | O3: Gene.Type : | P3: ALL
A4: * | E4: Version : | F4: 000000 | G4: LogicName : | H4: =IF(LogicCommon!E4="","",LogicCommon!E4) -> 出荷予定変更登録 | I4: Ope.Name : | J4: 訂正前チェック | K4: SuperLogicID : | L4: =IF(LogicCommon!G4="","",LogicCommon!G4) -> MS.MSUDL5010 | M4: ImplOpe.ID:
A5: * | E5: ACType :
A6: * | D6: 概要 : | E6: 出荷予定を訂正するために、チェックを行う | AD6: ID | AF6: ID | AH6: ID
A7: # | I7: U | K7: K | L7: K | M7: K | N7: K | O7: K | P7: K | Q7: K | R7: K | S7: K | T7: K | U7: K | V7: K | W7: K | X7: K | Y7: K | Z7: K | AA7: K | AB7: K | AC7: o | AE7: o | AG7: o
A8: # | D8: ブロック名 Block Name | E8: 型 Type | G8: super/share | H8: 対象ブロック名 Target Block Name | K8: REQ_UPD_CNT_CHK | L8: REQUIRED | M8: CHK_NUM | N8: SMALL_LARGE | O8: CHK_DT | P8: BEFORE_AFTER | Q8: CHK_PTN | R8: DUPLICATE | S8: TOO_MANY_INPUTS | T8: AT_LEAST_ONE | U8: ONLY_ONE_INPUT | V8: LIST_LOGIC | W8: LIST_OUT | X8: LIST_OUT_BASE | Y8: LIST_IN | Z8: LIST_IN_BASE | AA8: CONST | AB8: NULL_VAL | AE8: TargetName | AG8: TargetName | AK8: ブロック備考 Block Remarks
A9: # | D9: 項目名 Field Name | E9: 型 Type | F9: 桁 Digits | G9: フルネーム Full Name | H9: 日本語名 Japanese Name | I9: 上り項目 Request Message Field | J9: 下り項目 Response Message Field | AI9: 条件および編集方法 Conditions and Editing Methods | AK9: 項目備考 Field Remarks
A10: # | AC10: 上り項目 Request Message Field | AD10: 下り項目 Response Message Field | AE10: 上り項目 Request Message Field | AF10: 下り項目 Response Message Field | AG10: 上り項目 Request Message Field | AH10: 下り項目 Response Message Field
A11: 10 | B11: * | D11: Chk01_Rslt | E11: L
A12: 10 | D12: peg_no | E12: #MA.INT | G12: Pegging No. | H12: 紐付けＮＯ | I12: E | J12: E
A13: 10 | D13: err_flg | E13: #MA.FLG | G13: Error | H13: エラー | I13: - | J13: E
A14: 10 | D14: alloc_sts_typ | E14: #MS.ALLOC_STS_TYP | G14: Allocation status type | H14: 引当状況区分 | I14: - | J14: - | AA14: MSC_ALLOC_STS_TYP
A15: 10 | D15: alloc_sts_typ_nm | E15: #MS.ALLOC_STS_TYP_NM | G15: Allocation status type name | H15: 引当状況区分名 | I15: - | J15: -
A16: 10 | D16: ship_schd_tm | E16: #MA.TM | G16: Scheduled shipping date and time | H16: 出荷予定日時 | I16: E | J16: E | P16: schd_tm:BF
A17: 10 | D17: ship_schd_time | E17: #MA.CHAR_HM | G17: Shipping schedule time | H17: 出荷予定時間 | I17: - | J17: -
A18: 10 | D18: dlv_schd_tm | E18: #MA.TM | G18: Scheduled delivery date and time | H18: 納品予定日時 | I18: E | J18: E | P18: schd_tm:AF
A19: 10 | D19: no_calc_flg | E19: #MA.FLG | G19: Not auto-calculate | H19: 自動計算しない | I19: E | J19: E
A20: 10 | D20: ship_block_flg | E20: #MA.FLG | G20: Pending shipping | H20: 出荷留め | I20: E | J20: E
A21: 10 | D21: cl_time_chk_flg | E21: #MA.FLG | G21: Closing time check | H21: 締時間チェック | I21: E | J21: E
A22: 10 | D22: ship_dt_chk_flg | E22: #MA.FLG | G22: Shipping date check | H22: 出荷日チェック | I22: E | J22: E
A23: 10 | D23: ship_term_cd | E23: #MA.SHIP_TERM_CD | G23: Shipping conditions cd. | H23: 出荷条件ＣＤ | I23: E | J23: E | V23: MA.MAUAL0010.ShipTerm | W23: ship_wk_grp_cd | X23: ship_wk_grp_cd | Y23: ship_fr_lg_grp_cd;ship_to_lg_grp_cd | Z23: fr_lg_grp_cd;to_lg_grp_cd
A24: 10 | D24: ship_wk_grp_cd | E24: #MA.SHIP_WK_GRP_CD | G24: Shipping operation group cd. | H24: 出荷作業グループＣＤ | I24: - | J24: -
A25: 10 | D25: ship_wk_cd | E25: #MA.SHIP_WK_CD | G25: Shipping operation cd. | H25: 出荷作業ＣＤ | I25: E | J25: E | V25: MA.MAUAL0010.ShipWk
A26: 10 | D26: itm_cd | E26: #MA.ITM_CD | G26: Item cd. | H26: 品目ＣＤ | I26: - | J26: -
A27: 10 | D27: itm_sub1 | E27: #MA.ITM_SUB1 | G27: Branch No. 1 | H27: 枝番１ | I27: - | J27: -
A28: 10 | D28: itm_sub2 | E28: #MA.ITM_SUB2 | G28: Branch No. 2 | H28: 枝番２ | I28: - | J28: -
A29: 10 | D29: itm_sub3 | E29: #MA.ITM_SUB3 | G29: Branch No. 3 | H29: 枝番３ | I29: - | J29: -
A30: 10 | D30: alloc_sno1 | E30: #MA.SNO1 | G30: Allocation SEIBAN No. 1 | H30: 引当手配ＮＯ１ | I30: E | J30: E
A31: 10 | D31: alloc_sno2 | E31: #MA.SNO2 | G31: Allocation SEIBAN No. 2 | H31: 引当手配ＮＯ２ | I31: E | J31: E
A32: 10 | D32: alloc_sno3 | E32: #MA.SNO3 | G32: Allocation SEIBAN No. 3 | H32: 引当手配ＮＯ３ | I32: E | J32: E
A33: 10 | D33: alloc_sno4 | E33: #MA.SNO4 | G33: Allocation SEIBAN No. 4 | H33: 引当手配ＮＯ４ | I33: E | J33: E
A34: 10 | D34: abort_flg | E34: #MA.FLG | G34: Cancel remaining | H34: 打切 | I34: E | J34: E
A35: 10 | D35: trd_unit_cd | E35: #MA.UNIT_CD | G35: Transaction unit cd. | H35: 取引単位ＣＤ | I35: - | J35: -
A36: 10 | D36: trd_unit_nm | E36: #MA.UNIT_NM | G36: Transaction unit name | H36: 取引単位名 | I36: - | J36: -
A37: 10 | D37: trd_unit_dec_place | E37: #MA.DEC_PLACE | G37: Number of decimal places | H37: 小数部有効桁数 | I37: - | J37: -
... A39: 10 | D39: trd_unit_conv_qty | E39: #MA.QTY | G39: Transaction unit conversion qty. | H39: 取引単位換算数量 | I39: - | J39: -
A40: 10 | D40: trd_unit_qty | E40: #MA.QTY | G40: Quantity | H40: 数量 | I40: E | J40: E | L40: E | M40: positive
A41: 10 | D41: alloc_ent_unit_cd | E41: #MA.UNIT_CD | G41: Unit cd. (Allocation) | H41: 単位ＣＤ（引当） | I41: E | J41: E | V41: MA.MAUAL0010.ItmUnit | W41: alloc_ent_unit_nm;alloc_ent_unit_conv_base_qty;alloc_ent_unit_conv_qty;alloc_ent_unit_dec_place | X41: unit_nm;conv_base_qty;conv_qty;dec_place | Y41: itm_cd;itm_sub1;itm_sub2;itm_sub3 | Z41: itm_cd;itm_sub1;itm_sub2;itm_sub3
A42: 10 | D42: alloc_ent_unit_nm | E42: #MA.UNIT_NM | G42: Unit name (Allocation) | H42: 単位名（引当） | I42: - | J42: -
A43: 10 | D43: alloc_ent_unit_dec_place | E43: #MA.DEC_PLACE | G43: Number of decimal places (Allocation) | H43: 小数部有効桁数（引当） | I43: - | J43: -
A44: 10 | D44: alloc_ent_unit_conv_base_qty | E44: #MA.QTY | G44: Transaction unit conversion base qty. (Allocation) | H44: 取引単位換算基準数量（引当） | I44: - | J44: -
A45: 10 | D45: alloc_ent_unit_conv_qty | E45: #MA.QTY | G45: Transaction unit conversion qty. (Allocation) | H45: 取引単位換算数量（引当） | I45: - | J45: -
A46: 10 | D46: alloc_ent_unit_qty | E46: #MA.QTY | G46: Quantity (Allocation) | H46: 数量（引当） | I46: E | J46: E | L46: E | N46: 0:
A47: 10 | D47: alloc_ent_unit_rnd_typ | E47: #MA.RND_TYP | G47: Transaction unit rounding type (Allocation) | H47: 取引単位端数処理区分（引当） | I47: - | J47: -
A48: 10 | D48: base_unit_cd | E48: #MA.UNIT_CD | G48: Base unit cd. | H48: 基準単位ＣＤ | I48: - | J48: -
A49: 10 | D49: base_unit_qty | E49: #MA.QTY | G49: Base unit qty. | H49: 基準単位数量 | I49: - | J49: -
A50: 10 | D50: alloc_base_unit_qty | E50: #MA.QTY | G50: Base unit qty. (Allocation) | H50: 基準単位数量（引当） | I50: - | J50: -
A51: 10 | D51: act_cont_qty | E51: #MA.CONT_QTY | G51: Actual active ingredient | H51: 実際有効成分 | I51: - | J51: -
A52: 10 | D52: act_cont_fctr | E52: #MA.ACT_CONT_FCTR | G52: Actual coefficient | H52: 実際係数 | I52: - | J52: -
A53: 10 | D53: std_cont_qty | E53: #MA.CONT_QTY | G53: Standard active ingredient | H53: 標準有効成分 | I53: - | J53: -
A54: 10 | D54: alloc_flg | E54: #MA.FLG | G54: Location allocation | H54: 場所引当 | I54: E | J54: E
A55: 10 | D55: grp_alloc_flg | E55: #MA.FLG | G55: Gross allocation | H55: 総量引当 | I55: E | J55: E
A56: 10 | D56: loc_cd | E56: #MA.LOC_CD | G56: Location cd. | H56: 場所ＣＤ | I56: E | J56: E | V56: MA.MAUAL0010.Loc | Y56: ship_fr_lg_grp_cd | Z56: lg_grp_cd
A57: 10 | D57: loc_nm | E57: #MA.LOC_NM | G57: Location name | H57: 場所名 | I57: - | J57: -
A58: 10 | D58: str_ln_tgt_flg | E58: #MA.FLG | G58: For rack/line | H58: 棚・ライン対象 | I58: - | J58: -
A59: 10 | D59: str_ln_cd | E59: #MA.STR_LN_CD | G59: Rack/Line cd. | H59: 棚・ラインＣＤ | I59: E | J59: E | V59: MA.MAUAL0010.StrLn | Y59: loc_cd;true | Z59: loc_cd;mode_nullval_flg
A60: 10 | D60: str_ln_nm | E60: #MA.STR_LN_NM | G60: Rack/Line name | H60: 棚・ライン名 | I60: - | J60: -
A61: 10 | D61: str_ln_cd_none_flg | E61: #MA.FLG | G61: Without rack/line | H61: 棚・ライン無 | I61: E | J61: E
A62: 10 | D62: lot_no | E62: #MA.LOT_NO | G62: Lot No. | H62: ロットＮＯ | I62: E | J62: E
A63: 10 | D63: sublot_no | E63: #MA.SUBLOT_NO | G63: Sublot No. | H63: サブロットＮＯ | I63: E | J63: E
A64: 10 | D64: ver_no | E64: #MA.VER_NO | G64: Version No. | H64: 版ＮＯ | I64: E | J64: E
A65: 10 | D65: not_lot_mix_flg | E65: #MA.FLG | G65: Prohibit mixed lots | H65: ロット混在不可 | I65: E | J65: E
A66: 10 | D66: not_sublot_mix_flg | E66: #MA.FLG | G66: Prohibit mixed sublots | H66: サブロット混在不可 | I66: E | J66: E
A67: 10 | D67: base_dlv_slip_no | E67: #MA.DLV_SLIP_NO | G67: Return-from delivery note No. | H67: 返品元納品書ＮＯ | I67: E | J67: E
A68: 10 | D68: base_prov_act_no | E68: #MA.PROV_ACT_NO | G68: Return-from supply result No. | H68: 返品元支給実績ＮＯ | I68: E | J68: E
A69: 10 | D69: base_ac_dt | E69: #MA.DT | G69: Supply recording date (Base) | H69: 支給計上日（基） | I69: E | J69: E
A70: 10 | D70: ship_schd_no | E70: #MA.SHIP_SCHD_NO | G70: Shipping schedule No. | H70: 出荷予定ＮＯ | I70: E | J70: E
A71: 10 | D71: ship_alloc_sts_no | E71: #MA.SHIP_ALLOC_STS_NO | G71: Shipping allocation status No. | H71: 出荷引当状況ＮＯ | I71: E | J71: E
A72: 10 | D72: org_ship_alloc_sts_no | E72: #MA.SHIP_ALLOC_STS_NO | I72: - | J72: -
A73: 10 | D73: ship_pr_no | E73: #MA.SHIP_PR_NO | G73: Shipping progress No. | H73: 出荷進捗ＮＯ | I73: E | J73: E
A74: 10 | D74: fix_ship_schd_dt | E74: #MA.DT | G74: Scheduled firm shipping date | H74: 確定出荷予定日 | I74: - | J74: -
A75: 10 | D75: fix_ship_schd_hm | E75: #MA.HM | G75: Firm shipping schedule time | H75: 確定出荷予定時刻 | I75: - | J75: -
A76: 10 | D76: fix_dlv_schd_dt | E76: #MA.DT | G76: Scheduled firm delivery date | H76: 確定納品予定日 | I76: - | J76: -
A77: 10 | D77: fix_dlv_schd_hm | E77: #MA.HM | G77: Firm schedule delivery time | H77: 確定納品予定時刻 | I77: - | J77: -
A78: 10 | D78: upd_cntr | E78: #MA.UPD_CNT | G78: Shipping schedule update counter | H78: 出荷予定更新カウンタ | I78: E | J78: E
A79: 10 | D79: ship_pr_upd_cntr | E79: #MA.UPD_CNT | G79: Shipping progress update counter | H79: 出荷進捗更新カウンタ | I79: E | J79: E
A80: 10 | D80: ship_fr_lg_grp_cd | E80: #MA.LG_GRP_CD | G80: Shipping point distribution group cd. | H80: 出荷元物流グループＣＤ | I80: E | J80: E
A81: 10 | D81: ship_to_lg_grp_cd | E81: #MA.LG_GRP_CD | G81: Receiving point distribution group cd. | H81: 出荷先物流グループＣＤ | I81: E | J81: E
A82: 10 | D82: gd_cd | E82: #MA.STK_GD_CD | G82: Grading cd. | H82: 格付ＣＤ | I82: - | J82: -
A83: 10 | D83: quality_typ | E83: #MA.QUALITY_TYP | G83: Conforming type | H83: 良品区分 | I83: - | J83: -
A84: 10 | D84: stk_insp_typ | E84: #MS.STK_INSP_TYP | G84: Inventory search type | H84: 在庫検索区分 | I84: - | J84: -
... A99: 10 | D99: slo_d_no | E99: #MA.SLO_D_NO | G99: Sales order details No. | H99: 受注明細ＮＯ | I99: E | J99: E
A101: 20 | B101: * | D101: Upd01_Cnd | E101: R | G101: $share$ | H101: MS.MSBEL1420.Srch01.Srch01_Cnd
A102: 20 | D102: srch_mode | E102: C | G102: Search mode | H102: 検索モード | I102: E | J102: -
A103: 20 | D103: no_lot_chk_flg | E103: #MA.FLG | G103: Ignore lot check | H103: ロットチェック無視 | I103: E | J103: -
D104: 詳細 :

Sheet Srch02
A1: * | B1: * | D1: L | E1: 1
A2: * | D2: オペレーション実装仕様書 Operation Specification Implementation Sheet | E2: ModuleID : | F2: =IF(LogicCommon!C2="","",LogicCommon!C2) -> MS | G2: LogicID : | H2: =IF(LogicCommon!E2="","",LogicCommon!E2) -> MSBEL1420 | I2: Ope.ID : | J2: Srch02 | K2: Pj.ID : | L2: =IF(LogicCommon!G2="","",LogicCommon!G2) -> MC | M2: Ope.Body : | N2: "mcframe.serverMAUD.MAUDL5010.MAUDL_Searcher"
A3: * | D3: =IF(LogicCommon!A3="","",LogicCommon!A3) | E3: SubModuleID : | F3: =IF(LogicCommon!C3="","",LogicCommon!C3) -> MSBE | G3: LogicClass : | H3: =IF(LogicCommon!E3="","",LogicCommon!E3) -> MSBEL_ShipSchdReg | I3: Ope.Method : | J3: Srch02 | K3: SuperClassPj.ID : | L3: =IF(LogicCommon!G3="","",LogicCommon!G3) | O3: Gene.Type : | P3: ALL
A4: * | E4: Version : | F4: 000000 | G4: LogicName : | H4: =IF(LogicCommon!E4="","",LogicCommon!E4) -> 出荷予定変更登録 | I4: Ope.Name : | J4: ロット提案 | K4: SuperLogicID : | L4: =IF(LogicCommon!G4="","",LogicCommon!G4) -> MS.MSUDL5010 | M4: ImplOpe.ID:
A5: * | E5: ACType :
A6: * | D6: 概要 : | E6: ロット提案を実行する。 | M6: ID | O6: ID | Q6: ID
A7: # | I7: U | K7: K | L7: o | N7: o | P7: o
A8: # | D8: ブロック名 Block Name | E8: 型 Type | G8: super/share | H8: 対象ブロック名 Target Block Name | K8: CONST | L8: TargetName | N8: TargetName | P8: TargetName | T8: ブロック備考 Block Remarks
A9: # | D9: 項目名 Field Name | E9: 型 Type | F9: 桁 Digits | G9: フルネーム Full Name | H9: 日本語名 Japanese Name | I9: 上り項目 Request Message Field | J9: 下り項目 Response Message Field | R9: 条件および編集方法 Conditions and Editing Methods | T9: 項目備考 Field Remarks
A10: # | L10: 上り項目 Request Message Field | M10: 下り項目 Response Message Field | N10: 上り項目 Request Message Field | O10: 下り項目 Response Message Field | P10: 上り項目 Request Message Field | Q10: 下り項目 Response Message Field
A11: 10 | B11: * | D11: Srch02_Rslt | E11: L | G11: $share$ | H11: MS.MSBEL1420.Chk01.Chk01_Rslt
A12: 10 | D12: peg_no | E12: #MA.INT | G12: Pegging No. | H12: 紐付けＮＯ | I12: E | J12: E
A13: 10 | D13: ship_schd_tm | E13: #MA.TM | G13: Scheduled shipping date and time | H13: 出荷予定日時 | I13: E | J13: -
A14: 10 | D14: dlv_schd_tm | E14: #MA.TM | G14: Scheduled delivery date and time | H14: 納品予定日時 | I14: E | J14: -
A15: 10 | D15: ship_term_cd | E15: #MA.SHIP_TERM_CD | G15: Shipping conditions cd. | H15: 出荷条件ＣＤ | I15: E | J15: -
A16: 10 | D16: itm_cd | E16: #MA.ITM_CD | G16: Item cd. | H16: 品目ＣＤ | I16: E | J16: -
A17: 10 | D17: itm_sub1 | E17: #MA.ITM_SUB1 | G17: Branch No. 1 | H17: 枝番１ | I17: E | J17: -
A18: 10 | D18: itm_sub2 | E18: #MA.ITM_SUB2 | G18: Branch No. 2 | H18: 枝番２ | I18: E | J18: -
A19: 10 | D19: itm_sub3 | E19: #MA.ITM_SUB3 | G19: Branch No. 3 | H19: 枝番３ | I19: E | J19: -
A20: 10 | D20: alloc_sno1 | E20: #MA.SNO1 | G20: Allocation SEIBAN No. 1 | H20: 引当手配ＮＯ１ | I20: E | J20: E
A21: 10 | D21: alloc_sno2 | E21: #MA.SNO2 | G21: Allocation SEIBAN No. 2 | H21: 引当手配ＮＯ２ | I21: E | J21: E
A22: 10 | D22: alloc_sno3 | E22: #MA.SNO3 | G22: Allocation SEIBAN No. 3 | H22: 引当手配ＮＯ３ | I22: E | J22: E
A23: 10 | D23: alloc_sno4 | E23: #MA.SNO4 | G23: Allocation SEIBAN No. 4 | H23: 引当手配ＮＯ４ | I23: E | J23: E
... A45: 10 | D45: ship_alloc_sts_no | E45: #MA.SHIP_ALLOC_STS_NO | G45: Shipping allocation status No. | H45: 出荷引当状況ＮＯ | I45: E | J45: -
A46: 10 | D46: org_ship_alloc_sts_no | E46: #MA.SHIP_ALLOC_STS_NO | I46: E | J46: -
A47: 10 | D47: alloc_scope_typ | E47: #MA.ALLOC_SCOPE_TYP | G47: Allocation range type | H47: 引当範囲区分 | I47: E | J47: -
A48: 10 | D48: loc_cd | E48: #MA.LOC_CD | G48: Location cd. | H48: 場所ＣＤ | I48: E | J48: E
A49: 10 | D49: loc_nm | E49: #MA.LOC_NM | G49: Location name | H49: 場所名 | I49: E | J49: E
A50: 10 | D50: str_ln_tgt_flg | E50: #MA.FLG | G50: For rack/line | H50: 棚・ライン対象 | I50: E | J50: E
A51: 10 | D51: str_ln_cd | E51: #MA.STR_LN_CD | G51: Rack/Line cd. | H51: 棚・ラインＣＤ | I51: E | J51: E
A52: 10 | D52: str_ln_nm | E52: #MA.STR_LN_NM | G52: Rack/Line name | H52: 棚・ライン名 | I52: E | J52: E
A53: 10 | D53: str_ln_cd_none_flg | E53: #MA.FLG | G53: Without rack/line | H53: 棚・ライン無 | I53: E | J53: E
A54: 10 | D54: lot_no | E54: #MA.LOT_NO | G54: Lot No. | H54: ロットＮＯ | I54: E | J54: E
A55: 10 | D55: sublot_no | E55: #MA.SUBLOT_NO | G55: Sublot No. | H55: サブロットＮＯ | I55: E | J55: E
A56: 10 | D56: ver_no | E56: #MA.VER_NO | G56: Version No. | H56: 版ＮＯ | I56: E | J56: E
A57: 10 | D57: not_lot_mix_flg | E57: #MA.FLG | G57: Prohibit mixed lots | H57: ロット混在不可 | I57: E | J57: -
A58: 10 | D58: not_sublot_mix_flg | E58: #MA.FLG | G58: Prohibit mixed sublots | H58: サブロット混在不可 | I58: E | J58: -
... A62: 10 | D62: no_alloc_flg | E62: #MA.FLG | G62: Remaining allocation | H62: 引当残 | I62: - | J62: E
A64: 20 | B64: * | D64: Srch02_Cnd | E64: R | G64: $share$ | H64: MS.MSBEL1420.Srch01.Srch01_Cnd
A65: 20 | D65: no_lot_chk_flg | E65: #MA.FLG | G65: Ignore lot check | H65: ロットチェック無視 | I65: E | J65: -
D66: 詳細 :

Sheet Upd01
A1: * | B1: * | D1: L | E1: 1
A2: * | D2: オペレーション実装仕様書 Operation Specification Implementation Sheet | E2: ModuleID : | F2: =IF(LogicCommon!C2="","",LogicCommon!C2) -> MS | G2: LogicID : | H2: =IF(LogicCommon!E2="","",LogicCommon!E2) -> MSBEL1420 | I2: Ope.ID : | J2: Upd01 | K2: Pj.ID : | L2: =IF(LogicCommon!G2="","",LogicCommon!G2) -> MC | M2: Ope.Body : | N2: "mcframe.serverMAUD.MAUDL5010.MAUDL_Operation"
A3: * | D3: =IF(LogicCommon!A3="","",LogicCommon!A3) | E3: SubModuleID : | F3: =IF(LogicCommon!C3="","",LogicCommon!C3) -> MSBE | G3: LogicClass : | H3: =IF(LogicCommon!E3="","",LogicCommon!E3) -> MSBEL_ShipSchdReg | I3: Ope.Method : | J3: Upd01 | K3: SuperClassPj.ID : | L3: =IF(LogicCommon!G3="","",LogicCommon!G3) | O3: Gene.Type : | P3: ALL
A4: * | E4: Version : | F4: 000000 | G4: LogicName : | H4: =IF(LogicCommon!E4="","",LogicCommon!E4) -> 出荷予定変更登録 | I4: Ope.Name : | J4: 訂正 | K4: SuperLogicID : | L4: =IF(LogicCommon!G4="","",LogicCommon!G4) -> MS.MSUDL5010 | M4: ImplOpe.ID:
A5: * | E5: ACType :
A6: * | D6: 概要 : | E6: 出荷予定を更新する。 | M6: ID | O6: ID | Q6: ID
A7: # | I7: U | K7: K | L7: o | N7: o | P7: o
A8: # | D8: ブロック名 Block Name | E8: 型 Type | G8: super/share | H8: 対象ブロック名 Target Block Name | L8: TargetName | N8: TargetName | P8: TargetName | T8: ブロック備考 Block Remarks
A9: # | D9: 項目名 Field Name | E9: 型 Type | F9: 桁 Digits | G9: フルネーム Full Name | H9: 日本語名 Japanese Name | I9: 上り項目 Request Message Field | J9: 下り項目 Response Message Field | R9: 条件および編集方法 Conditions and Editing Methods | T9: 項目備考 Field Remarks
A10: # | L10: 上り項目 Request Message Field | M10: 下り項目 Response Message Field | N10: 上り項目 Request Message Field | O10: 下り項目 Response Message Field | P10: 上り項目 Request Message Field | Q10: 下り項目 Response Message Field
A11: 10 | B11: * | D11: Upd01_Rslt | E11: L | G11: $share$ | H11: MS.MSBEL1420.Chk01.Chk01_Rslt
A12: 10 | D12: peg_no | E12: #MA.INT | G12: Pegging No. | H12: 紐付けＮＯ | I12: - | J12: -
A13: 10 | D13: err_flg | E13: #MA.FLG | G13: Error | H13: エラー | I13: - | J13: -
A14: 10 | D14: alloc_sts_typ | E14: #MS.ALLOC_STS_TYP | G14: Allocation status type | H14: 引当状況区分 | I14: - | J14: E
A15: 10 | D15: alloc_sts_typ_nm | E15: #MS.ALLOC_STS_TYP_NM | G15: Allocation status type name | H15: 引当状況区分名 | I15: - | J15: E
A16: 10 | D16: ship_schd_tm | E16: #MA.TM | G16: Scheduled shipping date and time | H16: 出荷予定日時 | I16: E | J16: -
A17: 10 | D17: dlv_schd_tm | E17: #MA.TM | G17: Scheduled delivery date and time | H17: 納品予定日時 | I17: E | J17: -
A18: 10 | D18: no_calc_flg | E18: #MA.FLG | G18: Not auto-calculate | H18: 自動計算しない | I18: E | J18: -
A19: 10 | D19: ship_block_flg | E19: #MA.FLG | G19: Pending shipping | H19: 出荷留め | I19: E | J19: -
A20: 10 | D20: cl_time_chk_flg | E20: #MA.FLG | G20: Closing time check | H20: 締時間チェック | I20: E | J20: -
A21: 10 | D21: ship_dt_chk_flg | E21: #MA.FLG | G21: Shipping date check | H21: 出荷日チェック | I21: E | J21: -
A22: 10 | D22: ship_term_cd | E22: #MA.SHIP_TERM_CD | G22: Shipping conditions cd. | H22: 出荷条件ＣＤ | I22: E | J22: -
A23: 10 | D23: ship_wk_cd | E23: #MA.SHIP_WK_CD | G23: Shipping operation cd. | H23: 出荷作業ＣＤ | I23: E | J23: -
... A52: 10 | D52: ship_alloc_sts_no | E52: #MA.SHIP_ALLOC_STS_NO | G52: Shipping allocation status No. | H52: 出荷引当状況ＮＯ | I52: E | J52: -
A53: 10 | D53: org_ship_alloc_sts_no | E53: #MA.SHIP_ALLOC_STS_NO | I53: E | J53: -
A54: 10 | D54: ship_pr_no | E54: #MA.SHIP_PR_NO | G54: Shipping progress No. | H54: 出荷進捗ＮＯ | I54: E | J54: -
A55: 10 | D55: fix_ship_schd_dt | E55: #MA.DT | G55: Scheduled firm shipping date | H55: 確定出荷予定日 | I55: - | J55: E
A56: 10 | D56: fix_ship_schd_hm | E56: #MA.HM | G56: Firm shipping schedule time | H56: 確定出荷予定時刻 | I56: - | J56: E
A57: 10 | D57: fix_dlv_schd_dt | E57: #MA.DT | G57: Scheduled firm delivery date | H57: 確定納品予定日 | I57: - | J57: E
A58: 10 | D58: fix_dlv_schd_hm | E58: #MA.HM | G58: Firm schedule delivery time | H58: 確定納品予定時刻 | I58: - | J58: E
A59: 10 | D59: upd_cntr | E59: #MA.UPD_CNT | G59: Shipping schedule update counter | H59: 出荷予定更新カウンタ | I59: E | J59: -
A60: 10 | D60: ship_pr_upd_cntr | E60: #MA.UPD_CNT | G60: Shipping progress update counter | H60: 出荷進捗更新カウンタ | I60: E | J60: -
A61: 10 | D61: ship_fr_lg_grp_cd | E61: #MA.LG_GRP_CD | G61: Shipping point distribution group cd. | H61: 出荷元物流グループＣＤ | I61: E | J61: -
A62: 10 | D62: ship_to_lg_grp_cd | E62: #MA.LG_GRP_CD | G62: Receiving point distribution group cd. | H62: 出荷先物流グループＣＤ | I62: E | J62: -
A63: 10 | D63: alloc_grp_cd | E63: #MA.ALLOC_GRP_CD | G63: Gross allocation location group cd. | H63: 総量引当場所グループＣＤ | I63: E | J63: -
A64: 10 | D64: dlv_id_cd | E64: #MS.DLV_ID_CD | G64: Delivery destination cd. | H64: 納品先ＣＤ | I64: E | J64: -
A65: 10 | D65: cst_cd | E65: #MA.BP_CD | G65: Customer cd. | H65: 得意先ＣＤ | I65: E | J65: -
... A71: 10 | D71: fix_flg | E71: #MA.FLG | G71: Firm | H71: 確定 | I71: E | J71: -
A73: 20 | B73: * | D73: Upd01_Cnd | E73: R | G73: $share$ | H73: MS.MSBEL1420.Srch01.Srch01_Cnd
A74: 20 | D74: srch_mode | E74: C | G74: Search mode | H74: 検索モード | I74: E | J74: -
A75: 20 | D75: no_lot_chk_flg | E75: #MA.FLG | G75: Ignore lot check | H75: ロットチェック無視 | I75: E | J75: -
D76: 詳細 :

Sheet Sprt01
A1: * | B1: * | D1: L | E1: 1
A2: * | D2: オペレーション実装仕様書 Operation Specification Implementation Sheet | E2: ModuleID : | F2: =IF(LogicCommon!C2="","",LogicCommon!C2) -> MS | G2: LogicID : | H2: =IF(LogicCommon!E2="","",LogicCommon!E2) -> MSBEL1420 | I2: Ope.ID : | J2: Sprt01 | K2: Pj.ID : | L2: =IF(LogicCommon!G2="","",LogicCommon!G2) -> MC | M2: Ope.Body : | N2: "mcframe.serverMAUD.MAUDL5010.MAUDL_Operation"
A3: * | D3: =IF(LogicCommon!A3="","",LogicCommon!A3) | E3: SubModuleID : | F3: =IF(LogicCommon!C3="","",LogicCommon!C3) -> MSBE | G3: LogicClass : | H3: =IF(LogicCommon!E3="","",LogicCommon!E3) -> MSBEL_ShipSchdReg | I3: Ope.Method : | J3: Sprt01 | K3: SuperClassPj.ID : | L3: =IF(LogicCommon!G3="","",LogicCommon!G3) | O3: Gene.Type : | P3: ALL
A4: * | E4: Version : | F4: 000000 | G4: LogicName : | H4: =IF(LogicCommon!E4="","",LogicCommon!E4) -> 出荷予定変更登録 | I4: Ope.Name : | J4: 支給日取得 | K4: SuperLogicID : | L4: =IF(LogicCommon!G4="","",LogicCommon!G4) -> MS.MSUDL5010 | M4: ImplOpe.ID:
A5: * | E5: ACType :
A6: * | D6: 概要 : | E6: 支給元の支給計上日を取得する。 | M6: ID | O6: ID | Q6: ID
A7: # | I7: U | K7: K | L7: o | N7: o | P7: o
A8: # | D8: ブロック名 Block Name | E8: 型 Type | G8: super/share | H8: 対象ブロック名 Target Block Name | L8: TargetName | N8: TargetName | P8: TargetName | T8: ブロック備考 Block Remarks
A9: # | D9: 項目名 Field Name | E9: 型 Type | F9: 桁 Digits | G9: フルネーム Full Name | H9: 日本語名 Japanese Name | I9: 上り項目 Request Message Field | J9: 下り項目 Response Message Field | R9: 条件および編集方法 Conditions and Editing Methods | T9: 項目備考 Field Remarks
A10: # | L10: 上り項目 Request Message Field | M10: 下り項目 Response Message Field | N10: 上り項目 Request Message Field | O10: 下り項目 Response Message Field | P10: 上り項目 Request Message Field | Q10: 下り項目 Response Message Field
A11: 10 | B11: * | D11: Sprt01_Rslt | E11: L
A12: 10 | D12: trd_cd | E12: #MA.TRD_CD | G12: Transaction cd. | H12: 取引ＣＤ | I12: E | J12: -
A13: 10 | D13: trd_nm | E13: #MA.TRD_NM | G13: Transaction name | H13: 取引名 | I13: E
A14: 10 | D14: trd_ptn_typ | E14: #MA.TRD_PTN_TYP | G14: Transaction pattern type | H14: 取引パタン区分 | I14: E | J14: -
A15: 10 | D15: base_dlv_slip_no | E15: #MA.DLV_SLIP_NO | G15: Return-from delivery note No. | H15: 返品元納品書ＮＯ | I15: E | J15: E
A16: 10 | D16: base_prov_act_no | E16: #MA.PROV_ACT_NO | G16: Return-from supply result No. | H16: 返品元支給実績ＮＯ | I16: E | J16: E
A17: 10 | D17: base_ac_dt | E17: #MA.DT | G17: Supply recording date (Base) | H17: 支給計上日（基） | I17: E | J17: E
D18: 詳細 :

Sheet 来歴
A1: 変更来歴
A3: Rev. | H3: 修正番号 | O3: 変更内容 | AQ3: 変更箇所
A4: 1 | O4: 初版
A5: 1.1 | H5: MS7031#404 | O5: Chk01_Rsltブロックに以下の項目を追加 not_lot_mix_flg、not_sublot_mix_flg、slo_d_no | AQ5: Chk01
A6: 〃 | H6: 〃 | O6: Srch02_Rsltブロックに以下の項目を追加 not_lot_mix_flg、not_sublot_mix_flg | AQ6: Srch02
A7: 〃 | H7: 〃 | O7: Upd01_Rsltブロックに以下の項目を追加 not_lot_mix_flg、not_sublot_mix_flg | AQ7: Upd01
A8: 1.2 | H8: MS7032#171 | O8: Srch01_Cndブロックに「via_dlv_typ」を追加 Srch01_Rsltブロックの「via_dlv_typ」の「CONST」を変更 Srch01_Rsltブロックに「via_dlv_typ_nm」を追加 | AQ8: Srch01
A9: 1.3 | H9: MS7032#285 | O9: Upd01_Rsltブロックに「dlv_schd_tm」を追加 | AQ9: Upd01
A10: 〃 | H10: 〃 | O10: Chk01_Rsltブロックの「dlv_schd_tm」を上り電文に追加 Chk01_Rsltブロックの「ship_schd_tm」の「BEFORE_AFTER」に「schd_tm:BF」を設定 Chk01_Rsltブロックの「dlv_schd_tm」の「BEFORE_AFTER」に「schd_tm:AF」を設定 | AQ10: Chk01
A11: 1.4 | O11: 英語の名称を追記 | AQ11: 全般
