Workbook

Sheet LogicCommon
A2: ロジック共通定義 | B2: ModuleID : | C2: MA | D2: LogicID : | E2: MAUCL5020 | F2: Pj.ID : | G2: MC
B3: SubModuleID : | C3: MAUC | D3: LogicClass : | E3: MAUCL_RevDataService | F3: SuperClassPj.ID :
D4: LogicName : | E4: 改訂履歴データ更新サービス | F4: SuperLogicID : | G4: MA.MAUDL5010
A5: 概要 :
A6: 詳細 :

Sheet RevData_Ins01
A1: * | B1: * | D1: L | E1: 1
A2: * | D2: オペレーション実装仕様書 Operation Specification Implementation Sheet | E2: ModuleID : | F2: =IF(LogicCommon!C2="","",LogicCommon!C2) -> MA | G2: LogicID : | H2: =IF(LogicCommon!E2="","",LogicCommon!E2) -> MAUCL5020 | I2: Ope.ID : | J2: RevData_Ins01 | K2: Pj.ID : | L2: =IF(LogicCommon!G2="","",LogicCommon!G2) -> MC | M2: Ope.Body : | N2: "mcframe.serverMAUD.MAUDL5010.MAUDL_Operation"
A3: * | E3: SubModuleID : | F3: =IF(LogicCommon!C3="","",LogicCommon!C3) -> MAUC | G3: LogicClass : | H3: =IF(LogicCommon!E3="","",LogicCommon!E3) -> MAUCL_RevDataService | I3: Ope.Method : | J3: RevData_Ins01 | K3: SuperClassPj.ID : | L3: =IF(LogicCommon!G3="","",LogicCommon!G3) | M3: ReportID : | O3: Gene.Type : | P3: ALL
A4: * | E4: Version : | F4: 000000 | G4: LogicName : | H4: =IF(LogicCommon!E4="","",LogicCommon!E4) -> 改訂履歴データ更新サービス | I4: Ope.Name : | J4: 改訂履歴データ更新リスト登録 | K4: SuperLogicID : | L4: =IF(LogicCommon!G4="","",LogicCommon!G4) -> MA.MAUDL5010
A5: * | E5: ACType :
A6: * | D6: 概要 : | E6: 「改訂履歴データ更新リスト」テーブルにデータを登録します。 | L6: ID
A7: # | I7: U | K7: o
A8: # | D8: ブロック名 Block Name | E8: 型 Type | G8: super/share | H8: 対象ブロック名 Target Block Name | K8: TargetName | O8: ブロック備考 Block Remarks
A9: # | D9: 項目名 Field Name | E9: 型 Type | F9: 桁 Digits | G9: フルネーム Full Name | H9: 日本語名 Japanese Name | I9: 上り項目 Request Message Field | J9: 下り項目 Response Message Field | M9: 条件および編集方法 Conditions and Editing Methods | O9: 項目備考 Field Remarks
A10: # | K10: 上り項目 Request Message Field | L10: 下り項目 Response Message Field
A11: 10 | B11: * | D11: RevData_Ins01_Dtl | E11: L
A12: 10 | D12: rev_data_src_no | E12: #MA.SRC_NO | G12: Revision history data source No. | H12: 改訂履歴データ作成元ＮＯ | I12: E | J12: -
A13: 10 | D13: rev_no | E13: #MA.SLIP_REV | G13: Rev. number | H13: 改訂番号 | I13: E | J13: -
A14: 10 | D14: rev_data_typ | E14: #MA.REV_DATA_TYP | G14: Revision history data type | H14: 改訂履歴データ区分 | I14: E | J14: -
D15: 詳細 :

Sheet RevData_Upd01
A1: * | B1: * | D1: L | E1: 1
A2: * | D2: オペレーション実装仕様書 Operation Specification Implementation Sheet | E2: ModuleID : | F2: =IF(LogicCommon!C2="","",LogicCommon!C2) -> MA | G2: LogicID : | H2: =IF(LogicCommon!E2="","",LogicCommon!E2) -> MAUCL5020 | I2: Ope.ID : | J2: RevData_Upd01 | K2: Pj.ID : | L2: =IF(LogicCommon!G2="","",LogicCommon!G2) -> MC | M2: Ope.Body : | N2: "mcframe.serverMAUD.MAUDL5010.MAUDL_Operation"
A3: * | E3: SubModuleID : | F3: =IF(LogicCommon!C3="","",LogicCommon!C3) -> MAUC | G3: LogicClass : | H3: =IF(LogicCommon!E3="","",LogicCommon!E3) -> MAUCL_RevDataService | I3: Ope.Method : | J3: RevData_Upd01 | K3: SuperClassPj.ID : | L3: =IF(LogicCommon!G3="","",LogicCommon!G3) | M3: ReportID : | O3: Gene.Type : | P3: ALLI
A4: * | E4: Version : | F4: 000000 | G4: LogicName : | H4: =IF(LogicCommon!E4="","",LogicCommon!E4) -> 改訂履歴データ更新サービス | I4: Ope.Name : | J4: 改訂履歴データ更新インターフェース | K4: SuperLogicID : | L4: =IF(LogicCommon!G4="","",LogicCommon!G4) -> MA.MAUDL5010
A5: * | E5: ACType :
A6: * | D6: 概要 : | E6: 改訂履歴データを更新する処理が実装するインターフェースを定義する | L6: ID
A7: # | I7: U | K7: o
A8: # | D8: ブロック名 Block Name | E8: 型 Type | G8: super/share | H8: 対象ブロック名 Target Block Name | K8: TargetName | O8: ブロック備考 Block Remarks
A9: # | D9: 項目名 Field Name | E9: 型 Type | F9: 桁 Digits | G9: フルネーム Full Name | H9: 日本語名 Japanese Name | I9: 上り項目 Request Message Field | J9: 下り項目 Response Message Field | M9: 条件および編集方法 Conditions and Editing Methods | O9: 項目備考 Field Remarks
A10: # | K10: 上り項目 Request Message Field | L10: 下り項目 Response Message Field
A11: 10 | B11: * | D11: RevData_Upd01_Dtl | E11: L
A12: 10 | D12: rev_data_src_no | E12: #MA.SRC_NO | G12: Revision history data source No. | H12: 改訂履歴データ作成元ＮＯ | I12: E | J12: -
A13: 10 | D13: rev_no | E13: #MA.SLIP_REV | G13: Rev. number | H13: 改訂番号 | I13: E | J13: -
D14: 詳細 :

Sheet RevData_Upd02
A1: * | B1: * | D1: L | E1: 1
A2: * | D2: オペレーション実装仕様書 Operation Specification Implementation Sheet | E2: ModuleID : | F2: =IF(LogicCommon!C2="","",LogicCommon!C2) -> MA | G2: LogicID : | H2: =IF(LogicCommon!E2="","",LogicCommon!E2) -> MAUCL5020 | I2: Ope.ID : | J2: RevData_Upd02 | K2: Pj.ID : | L2: =IF(LogicCommon!G2="","",LogicCommon!G2) -> MC | M2: Ope.Body : | N2: "mcframe.serverMAUD.MAUDL5010.MAUDL_Operation"
A3: * | E3: SubModuleID : | F3: =IF(LogicCommon!C3="","",LogicCommon!C3) -> MAUC | G3: LogicClass : | H3: =IF(LogicCommon!E3="","",LogicCommon!E3) -> MAUCL_RevDataService | I3: Ope.Method : | J3: RevData_Upd02 | K3: SuperClassPj.ID : | L3: =IF(LogicCommon!G3="","",LogicCommon!G3) | M3: ReportID : | O3: Gene.Type : | P3: ALL
A4: * | E4: Version : | F4: 000000 | G4: LogicName : | H4: =IF(LogicCommon!E4="","",LogicCommon!E4) -> 改訂履歴データ更新サービス | I4: Ope.Name : | J4: 改訂履歴データ更新処理呼出 | K4: SuperLogicID : | L4: =IF(LogicCommon!G4="","",LogicCommon!G4) -> MA.MAUDL5010
A5: * | E5: ACType :
A6: * | D6: 概要 : | E6: 改訂履歴データ更新リストテーブルのデータを元に、改訂履歴データを更新する処理を呼び出す。 | L6: ID
A7: # | I7: U | K7: o
A8: # | D8: ブロック名 Block Name | E8: 型 Type | G8: super/share | H8: 対象ブロック名 Target Block Name | K8: TargetName | O8: ブロック備考 Block Remarks
A9: # | D9: 項目名 Field Name | E9: 型 Type | F9: 桁 Digits | G9: フルネーム Full Name | H9: 日本語名 Japanese Name | I9: 上り項目 Request Message Field | J9: 下り項目 Response Message Field | M9: 条件および編集方法 Conditions and Editing Methods | O9: 項目備考 Field Remarks
A10: # | K10: 上り項目 Request Message Field | L10: 下り項目 Response Message Field
D11: 詳細 :

Sheet 来歴
A1: 変更来歴
A3: Rev. | H3: 修正番号 | O3: 変更内容 | AQ3: 変更箇所
A4: 1 | O4: 初版
A5: 1.1 | O5: 英語の名称を追記 | AQ5: 全般
